uid,date,IRRAD,TMIN,TMAX,RAIN,irr,fer,DVS
nefer_01,2006-11-09,8700.0,10.27,20.43,0.05,0.0,0.0,-0.1
nefer_01,2006-11-10,9690.0,9.6,20.09,0.12,0.0,0.0,0.0
nefer_01,2006-11-11,5030.0,8.96,16.8,1.0,0.0,0.0,0.0
nefer_01,2006-11-12,4510.0,9.46,14.4,3.26,0.0,0.0,0.0
nefer_01,2006-11-13,8570.0,8.87,15.19,0.02,0.0,0.0,0.0
nefer_01,2006-11-14,9980.0,6.29,16.24,0.06,0.0,0.0,0.0
nefer_01,2006-11-15,8890.0,6.48,22.37,0.23,0.0,0.0,0.0
nefer_01,2006-11-16,6070.0,10.41,20.05,2.74,0.0,0.0,0.0
nefer_01,2006-11-17,5650.0,6.43,14.25,1.42,0.0,0.0,0.0
nefer_01,2006-11-18,8510.0,5.77,17.28,0.7,0.0,0.0,0.0
nefer_01,2006-11-19,5530.0,7.21,15.52,5.12,0.0,0.0,0.0
nefer_01,2006-11-20,6040.0,6.48,14.84,0.5,0.0,0.0,0.0
nefer_01,2006-11-21,3810.0,9.87,15.44,18.76,0.0,0.0,0.0
nefer_01,2006-11-22,3270.0,9.11,14.06,12.7,0.0,0.0,0.0
nefer_01,2006-11-23,8560.0,10.9,20.67,0.18,0.0,0.0,0.0
nefer_01,2006-11-24,6320.0,9.29,17.85,0.78,0.0,0.0,0.000121
nefer_01,2006-11-25,3040.0,12.3,18.12,0.43,0.0,0.0,0.00025283
nefer_01,2006-11-26,4130.0,10.85,16.91,1.14,0.0,0.0,0.00048986
nefer_01,2006-11-27,8260.0,8.5,18.66,0.06,0.0,0.0,0.0007462
nefer_01,2006-11-28,4290.0,6.46,14.78,2.17,0.0,0.0,0.00106595
nefer_01,2006-11-29,5590.0,5.03,12.53,0.31,0.0,0.0,0.00137395
nefer_01,2006-11-30,6820.0,3.48,12.68,0.02,0.0,0.0,0.00171852
nefer_01,2006-12-01,7590.0,2.8,17.04,0.12,0.0,0.0,0.00212467
nefer_01,2006-12-02,4450.0,6.71,15.24,0.08,0.0,0.0,0.00273018
nefer_01,2006-12-03,6010.0,6.92,17.26,1.12,0.0,0.0,0.00351578
nefer_01,2006-12-04,4150.0,9.41,18.17,0.32,0.0,0.0,0.00448738
nefer_01,2006-12-05,7210.0,8.88,19.83,1.64,0.0,0.0,0.00569034
nefer_01,2006-12-06,4980.0,6.05,11.88,10.53,0.0,0.0,0.00700171
nefer_01,2006-12-07,2760.0,4.69,11.33,2.27,0.0,0.0,0.0078494
nefer_01,2006-12-08,2220.0,4.45,10.98,11.62,0.0,0.0,0.00868549
nefer_01,2006-12-09,5140.0,5.18,9.06,4.68,0.0,0.0,0.00956562
nefer_01,2006-12-10,3530.0,3.35,7.61,1.71,0.0,0.0,0.01044618
nefer_01,2006-12-11,7240.0,1.95,9.8,0.04,0.0,0.0,0.01117601
nefer_01,2006-12-12,4760.0,4.2,10.41,0.14,0.0,0.0,0.01201391
nefer_01,2006-12-13,3990.0,0.79,7.41,0.11,0.0,0.0,0.01312439
nefer_01,2006-12-14,7340.0,-0.06,10.62,0.06,0.0,0.0,0.01378608
nefer_01,2006-12-15,6620.0,1.98,14.41,0.16,0.0,0.0,0.01468767
nefer_01,2006-12-16,5950.0,4.15,13.27,0.06,0.0,0.0,0.01616392
nefer_01,2006-12-17,2580.0,2.12,8.18,0.8,0.0,0.0,0.01781502
nefer_01,2006-12-18,3910.0,1.12,6.11,0.85,0.0,0.0,0.01884012
nefer_01,2006-12-19,5230.0,-3.23,4.35,0.2,0.0,0.0,0.01959424
nefer_01,2006-12-20,6560.0,-3.56,4.66,0.01,0.0,0.0,0.01971648
nefer_01,2006-12-21,5390.0,-3.47,4.24,0.05,0.0,0.0,0.01983999
nefer_01,2006-12-22,5520.0,-2.56,3.75,0.05,0.0,0.0,0.01992893
nefer_01,2006-12-23,5280.0,-1.52,5.58,0.01,0.0,0.0,0.02007016
nefer_01,2006-12-24,3290.0,-3.48,3.94,0.01,0.0,0.0,0.02056585
nefer_01,2006-12-25,3180.0,-4.35,1.4,0.0,0.0,0.0,0.0206241
nefer_01,2006-12-26,6480.0,-4.36,4.46,0.0,0.0,0.0,0.0206241
nefer_01,2006-12-27,7600.0,2.73,10.4,0.05,0.0,0.0,0.02063732
nefer_01,2006-12-28,7470.0,0.48,10.48,0.0,0.0,0.0,0.0224181
nefer_01,2006-12-29,7490.0,1.7,10.86,0.05,0.0,0.0,0.02396692
nefer_01,2006-12-30,6680.0,2.75,14.4,0.05,0.0,0.0,0.02581509
nefer_01,2006-12-31,6330.0,6.26,16.4,0.0,0.0,0.0,0.02844128
nefer_01,2007-01-01,3300.0,7.57,13.15,2.34,0.0,0.0,0.03205045
nefer_01,2007-01-02,6160.0,4.79,10.82,1.62,0.0,0.0,0.03546093
nefer_01,2007-01-03,6520.0,5.19,11.87,0.25,0.0,0.0,0.03812735
nefer_01,2007-01-04,2920.0,5.69,11.67,1.17,0.0,0.0,0.04110822
nefer_01,2007-01-05,5130.0,7.68,12.01,0.79,0.0,0.0,0.0441676
nefer_01,2007-01-06,6920.0,5.55,14.66,0.12,0.0,0.0,0.04766925
nefer_01,2007-01-07,5530.0,5.87,13.81,0.71,0.0,0.0,0.05129796
nefer_01,2007-01-08,3550.0,7.42,11.32,1.74,0.0,0.0,0.05486718
nefer_01,2007-01-09,7550.0,8.74,16.27,0.0,0.0,0.0,0.05830178
nefer_01,2007-01-10,6790.0,4.9,15.44,0.05,0.0,0.0,0.06293586
nefer_01,2007-01-11,6500.0,4.15,14.17,0.01,0.0,0.0,0.06674756
nefer_01,2007-01-12,4860.0,9.27,13.63,0.06,0.0,0.0,0.07022113
nefer_01,2007-01-13,5730.0,5.49,14.83,0.05,0.0,0.0,0.07461576
nefer_01,2007-01-14,4300.0,5.33,13.01,0.19,0.0,0.0,0.07856391
nefer_01,2007-01-15,6360.0,3.55,14.63,0.0,0.0,0.0,0.08217288
nefer_01,2007-01-16,6140.0,4.81,12.81,0.08,0.0,0.0,0.08579714
nefer_01,2007-01-17,8550.0,4.81,16.07,0.0,0.0,0.0,0.08935663
nefer_01,2007-01-18,7360.0,7.26,15.44,0.0,0.0,0.0,0.09363199
nefer_01,2007-01-19,2960.0,9.89,13.94,0.1,0.0,0.0,0.09834422
nefer_01,2007-01-20,4680.0,8.26,14.5,0.05,0.0,0.0,0.10336036
nefer_01,2007-01-21,3870.0,5.46,11.4,0.91,0.0,0.0,0.10821932
nefer_01,2007-01-22,4860.0,1.77,9.25,6.16,0.0,0.0,0.11187042
nefer_01,2007-01-23,2240.0,-0.93,3.19,6.42,0.0,0.0,0.11429149
nefer_01,2007-01-24,6170.0,-2.11,3.0,0.96,0.0,0.0,0.11479528
nefer_01,2007-01-25,7160.0,-6.8,4.0,3.52,0.0,0.0,0.1149966
nefer_01,2007-01-26,8560.0,-7.67,0.26,0.0,0.0,0.0,0.1149966
nefer_01,2007-01-27,9810.0,-6.63,2.31,0.01,0.0,0.0,0.1149966
nefer_01,2007-01-28,7380.0,-2.07,4.67,0.01,0.0,0.0,0.1149966
nefer_01,2007-01-29,6510.0,-2.56,5.23,0.05,0.0,0.0,0.11562072
nefer_01,2007-01-30,8300.0,-2.15,7.51,0.01,0.0,0.0,0.11627132
nefer_01,2007-01-31,5350.0,-0.82,5.08,0.47,0.0,0.0,0.11759712
nefer_01,2007-02-01,2970.0,-0.35,6.05,0.07,0.0,0.0,0.11866678
nefer_01,2007-02-02,3910.0,0.05,7.05,0.01,0.0,0.0,0.12011968
nefer_01,2007-02-03,7230.0,0.51,10.73,0.0,0.0,0.0,0.12195679
nefer_01,2007-02-04,8220.0,1.61,12.26,0.01,0.0,0.0,0.12490907
nefer_01,2007-02-05,7270.0,4.55,12.37,0.47,0.0,0.0,0.1286071
nefer_01,2007-02-06,3480.0,4.94,9.21,2.94,0.0,0.0,0.1331862
nefer_01,2007-02-07,6190.0,4.12,10.71,2.23,0.0,0.0,0.13707311
nefer_01,2007-02-08,3300.0,4.05,12.08,4.46,0.0,0.0,0.14120775
nefer_01,2007-02-09,8090.0,2.06,11.17,3.92,0.0,0.0,0.14577185
nefer_01,2007-02-10,8270.0,3.76,12.23,6.56,0.0,0.0,0.14957092
nefer_01,2007-02-11,8090.0,5.79,16.76,8.07,0.0,0.0,0.15423038
nefer_01,2007-02-12,4550.0,6.15,13.23,14.37,0.0,0.0,0.16089798
nefer_01,2007-02-13,12590.0,4.18,12.66,1.0,0.0,0.0,0.16671207
nefer_01,2007-02-14,5570.0,6.59,17.51,2.19,0.0,0.0,0.17183759
nefer_01,2007-02-15,14010.0,2.69,16.39,0.02,0.0,0.0,0.17927884
nefer_01,2007-02-16,12450.0,3.02,18.41,0.0,0.0,0.0,0.1852547
nefer_01,2007-02-17,3960.0,5.47,13.38,1.05,0.0,0.0,0.19206237
nefer_01,2007-02-18,3900.0,4.66,7.58,5.23,0.0,0.0,0.19813534
nefer_01,2007-02-19,13160.0,3.64,13.79,0.04,0.0,0.0,0.20213425
nefer_01,2007-02-20,9830.0,3.86,14.58,0.12,0.0,0.0,0.20790838
nefer_01,2007-02-21,4370.0,4.75,11.08,1.78,0.0,0.0,0.21410186
nefer_01,2007-02-22,6490.0,3.48,14.87,0.0,0.0,0.0,0.21949193
nefer_01,2007-02-23,12910.0,5.35,16.18,3.06,0.0,0.0,0.22582544
nefer_01,2007-02-24,7370.0,7.22,12.26,5.57,0.0,0.0,0.23335729
nefer_01,2007-02-25,5630.0,7.23,10.56,10.17,0.0,0.0,0.24026365
nefer_01,2007-02-26,7860.0,7.12,11.2,7.88,0.0,0.0,0.246655
nefer_01,2007-02-27,8450.0,7.12,12.94,0.95,0.0,0.0,0.25332386
nefer_01,2007-02-28,7250.0,5.6,15.51,0.98,0.0,0.0,0.26072195
nefer_01,2007-03-01,11050.0,4.82,15.8,0.02,0.0,0.0,0.2686086
nefer_01,2007-03-02,8060.0,10.16,15.98,0.59,0.0,0.0,0.27641158
nefer_01,2007-03-03,6630.0,11.05,16.12,1.25,0.0,0.0,0.28642997
nefer_01,2007-03-04,14120.0,8.25,24.08,0.08,0.0,0.0,0.29697518
nefer_01,2007-03-05,12570.0,6.18,13.66,1.16,0.0,0.0,0.30968084
nefer_01,2007-03-06,6700.0,6.11,15.82,1.03,0.0,0.0,0.3175751
nefer_01,2007-03-07,6880.0,5.72,15.34,10.54,0.0,0.0,0.32640875
nefer_01,2007-03-08,8660.0,3.97,11.83,5.27,0.0,0.0,0.33499581
nefer_01,2007-03-09,11240.0,4.35,12.31,0.1,0.0,0.0,0.3415163
nefer_01,2007-03-10,17300.0,1.04,11.94,0.0,0.0,0.0,0.34847438
nefer_01,2007-03-11,17990.0,0.27,13.44,0.04,0.0,0.0,0.35396011
nefer_01,2007-03-12,17680.0,1.76,15.98,0.0,0.0,0.0,0.35982278
nefer_01,2007-03-13,17560.0,2.87,16.78,0.04,0.0,0.0,0.36749753
nefer_01,2007-03-14,16510.0,4.41,17.48,0.0,0.0,0.0,0.37609717
nefer_01,2007-03-15,16920.0,6.0,18.73,0.04,0.0,0.0,0.38578722
nefer_01,2007-03-16,12660.0,6.78,16.23,0.0,0.0,0.0,0.39685909
nefer_01,2007-03-17,18290.0,5.47,13.69,0.01,0.0,0.0,0.40727714
nefer_01,2007-03-18,8610.0,7.18,12.19,2.18,0.0,0.0,0.41604903
nefer_01,2007-03-19,7900.0,2.26,7.98,11.5,0.0,0.0,0.4250153
nefer_01,2007-03-20,9610.0,0.84,5.3,1.62,0.0,0.0,0.42980736
nefer_01,2007-03-21,9550.0,0.34,6.22,1.18,0.0,0.0,0.43271198
nefer_01,2007-03-22,10140.0,0.15,6.99,0.88,0.0,0.0,0.43584872
nefer_01,2007-03-23,10460.0,-0.1,8.87,6.94,0.0,0.0,0.43929923
nefer_01,2007-03-24,7520.0,3.43,7.42,6.36,0.0,0.0,0.4435823
nefer_01,2007-03-25,9630.0,2.94,7.94,5.2,0.0,0.0,0.44893673
nefer_01,2007-03-26,17480.0,2.15,14.29,0.63,0.0,0.0,0.4543617
nefer_01,2007-03-27,18610.0,3.17,16.02,1.66,0.0,0.0,0.46264332
nefer_01,2007-03-28,9930.0,5.36,12.51,2.33,0.0,0.0,0.47240875
nefer_01,2007-03-29,13600.0,3.18,12.81,2.3,0.0,0.0,0.48159427
nefer_01,2007-03-30,12320.0,4.8,9.77,7.3,0.0,0.0,0.48989564
nefer_01,2007-03-31,8330.0,3.77,10.78,5.07,0.0,0.0,0.49753475
nefer_01,2007-04-01,13920.0,3.94,17.28,1.36,0.0,0.0,0.50523824
nefer_01,2007-04-02,13110.0,9.73,16.3,1.84,0.0,0.0,0.5165824
nefer_01,2007-04-03,12500.0,7.93,14.79,2.74,0.0,0.0,0.53063199
nefer_01,2007-04-04,12420.0,2.14,9.49,5.39,0.0,0.0,0.543012
nefer_01,2007-04-05,14450.0,1.75,13.62,0.12,0.0,0.0,0.54940901
nefer_01,2007-04-06,20430.0,4.19,16.62,0.01,0.0,0.0,0.55794229
nefer_01,2007-04-07,21390.0,5.34,19.01,0.23,0.0,0.0,0.56960288
nefer_01,2007-04-08,22060.0,5.7,19.73,0.13,0.0,0.0,0.58337229
nefer_01,2007-04-09,22010.0,7.37,18.95,2.39,0.0,0.0,0.59788311
nefer_01,2007-04-10,17180.0,8.47,19.05,0.06,0.0,0.0,0.61303695
nefer_01,2007-04-11,18730.0,7.53,19.39,0.08,0.0,0.0,0.62902288
nefer_01,2007-04-12,11090.0,7.18,18.26,6.19,0.0,0.0,0.64479822
nefer_01,2007-04-13,5660.0,10.14,16.97,5.27,0.0,0.0,0.65983647
nefer_01,2007-04-14,7940.0,9.78,16.8,4.36,0.0,0.0,0.67600042
nefer_01,2007-04-15,11520.0,9.71,19.98,1.61,0.0,0.0,0.69198397
nefer_01,2007-04-16,9080.0,11.88,19.19,6.0,0.0,0.0,0.70998885
nefer_01,2007-04-17,16210.0,11.53,19.73,2.68,0.0,0.0,0.72898847
nefer_01,2007-04-18,18610.0,10.88,22.01,0.03,0.0,0.0,0.74826274
nefer_01,2007-04-19,23790.0,9.67,23.15,0.13,0.0,0.0,0.76870835
nefer_01,2007-04-20,23920.0,12.08,23.72,0.49,0.0,0.0,0.78927594
nefer_01,2007-04-21,22860.0,11.78,24.21,0.01,0.0,0.0,0.81189102
nefer_01,2007-04-22,23870.0,13.26,24.6,0.11,0.0,0.0,0.83480646
nefer_01,2007-04-23,24970.0,13.35,25.79,0.01,0.0,0.0,0.85910161
nefer_01,2007-04-24,25540.0,15.15,26.66,0.01,0.0,0.0,0.88441284
nefer_01,2007-04-25,15140.0,12.32,21.75,0.3,0.0,0.0,0.91165784
nefer_01,2007-04-26,19330.0,11.88,22.01,2.24,0.0,60.0,0.93402719
nefer_01,2007-04-27,18540.0,11.29,22.21,1.44,0.0,0.0,0.95644472
nefer_01,2007-04-28,22170.0,9.65,21.98,3.13,0.0,0.0,0.97876789
nefer_01,2007-04-29,20960.0,10.76,21.37,4.96,0.0,0.0,0.9999986
nefer_01,2007-04-30,22590.0,9.58,22.4,4.58,0.0,0.0,1.0
nefer_01,2007-05-01,5290.0,7.55,12.18,29.79,0.0,0.0,1.01332084
nefer_01,2007-05-02,16710.0,7.69,15.38,3.64,0.0,0.0,1.02153911
nefer_01,2007-05-03,17750.0,7.38,16.45,4.38,0.0,0.0,1.03114861
nefer_01,2007-05-04,14170.0,8.71,17.26,6.33,0.0,0.0,1.04107468
nefer_01,2007-05-05,11060.0,9.61,15.89,3.0,0.0,0.0,1.05189213
nefer_01,2007-05-06,17710.0,10.26,19.0,2.17,0.0,0.0,1.06251382
nefer_01,2007-05-07,10930.0,9.94,18.58,0.25,0.0,0.0,1.07470168
nefer_01,2007-05-08,15090.0,11.06,20.38,0.02,0.0,0.0,1.0865813
nefer_01,2007-05-09,25470.0,9.38,22.51,0.03,0.0,0.0,1.09967721
nefer_01,2007-05-10,28010.0,10.7,28.68,0.1,0.0,0.0,1.11296057
nefer_01,2007-05-11,25480.0,12.59,22.78,0.08,0.0,0.0,1.12936378
nefer_01,2007-05-12,26390.0,11.03,24.38,0.04,0.0,0.0,1.14409668
nefer_01,2007-05-13,23450.0,14.28,27.55,0.33,0.0,0.0,1.15884624
nefer_01,2007-05-14,12480.0,8.98,15.93,19.66,0.0,0.0,1.17626997
nefer_01,2007-05-15,22720.0,8.3,17.12,0.6,0.0,0.0,1.1866459
nefer_01,2007-05-16,11950.0,9.42,17.2,2.24,0.0,0.0,1.19723426
nefer_01,2007-05-17,9410.0,11.15,18.51,1.8,0.0,0.0,1.20832246
nefer_01,2007-05-18,16090.0,12.34,23.01,0.16,0.0,0.0,1.22067694
nefer_01,2007-05-19,10060.0,14.64,21.36,6.05,0.0,0.0,1.23540151
nefer_01,2007-05-20,16310.0,12.83,25.29,0.42,0.0,0.0,1.25039683
nefer_01,2007-05-21,20040.0,10.81,23.8,0.29,0.0,0.0,1.2662752
nefer_01,2007-05-22,19120.0,10.97,25.29,0.05,0.0,0.0,1.28069153
nefer_01,2007-05-23,24510.0,14.62,28.15,0.15,0.0,0.0,1.29579515
nefer_01,2007-05-24,24720.0,16.08,28.94,1.19,0.0,0.0,1.31361042
nefer_01,2007-05-25,14620.0,14.41,25.69,7.89,0.0,0.0,1.3323629
nefer_01,2007-05-26,6270.0,9.85,17.2,24.81,0.0,0.0,1.34906602
nefer_01,2007-05-27,19300.0,8.59,19.34,5.78,0.0,0.0,1.36033334
nefer_01,2007-05-28,16210.0,7.96,14.37,8.95,0.0,0.0,1.3719672
nefer_01,2007-05-29,17560.0,7.98,17.21,0.51,0.0,0.0,1.38126847
nefer_01,2007-05-30,25430.0,9.84,23.63,2.24,0.0,0.0,1.39176102
nefer_01,2007-05-31,10490.0,11.46,20.05,3.72,0.0,0.0,1.40570251
nefer_01,2007-06-01,19460.0,8.76,17.62,4.85,0.0,0.0,1.41882757
nefer_01,2007-06-02,18470.0,10.07,18.99,0.46,0.0,0.0,1.42981581
nefer_01,2007-06-03,21310.0,10.66,22.6,1.26,0.0,0.0,1.44192036
nefer_01,2007-06-04,8180.0,13.63,18.51,14.05,0.0,0.0,1.45577437
nefer_01,2007-06-05,17360.0,12.44,21.43,0.5,0.0,0.0,1.46916186
nefer_01,2007-06-06,15130.0,14.46,20.87,5.67,0.0,0.0,1.48326996
nefer_01,2007-06-07,25270.0,13.91,24.12,0.12,0.0,0.0,1.49798619
nefer_01,2007-06-08,28380.0,15.87,27.87,0.14,0.0,0.0,1.51382708
nefer_01,2007-06-09,25310.0,17.2,28.98,0.15,0.0,0.0,1.53204639
nefer_01,2007-06-10,21450.0,18.04,26.76,4.0,0.0,0.0,1.55128206
nefer_01,2007-06-11,24460.0,16.29,25.19,2.7,0.0,0.0,1.5699429
nefer_01,2007-06-12,28870.0,15.54,27.13,0.13,0.0,0.0,1.58722084
nefer_01,2007-06-13,24270.0,17.26,28.33,1.64,0.0,0.0,1.60499445
nefer_01,2007-06-14,18260.0,18.46,26.56,8.51,0.0,0.0,1.62398436
nefer_01,2007-06-15,21410.0,15.15,23.36,2.01,0.0,0.0,1.64273684
nefer_01,2007-06-16,25370.0,13.55,24.47,1.18,0.0,0.0,1.65877766
nefer_01,2007-06-17,16820.0,16.42,26.44,0.65,0.0,0.0,1.67461438
nefer_01,2007-06-18,23790.0,18.37,28.45,0.25,0.0,0.0,1.69246714
nefer_01,2007-06-19,21570.0,16.58,31.3,0.6,0.0,0.0,1.71196939
nefer_01,2007-06-20,24340.0,15.09,27.92,4.47,0.0,0.0,1.73191316
nefer_01,2007-06-21,23290.0,14.51,23.08,4.43,0.0,0.0,1.7498284
nefer_01,2007-06-22,20570.0,13.02,22.2,0.98,0.0,0.0,1.76548601
nefer_01,2007-06-23,21460.0,11.05,24.17,0.01,0.0,0.0,1.78015643
nefer_01,2007-06-24,22030.0,13.74,27.55,2.06,0.0,0.0,1.79482685
nefer_01,2007-06-25,6850.0,11.63,20.33,1.68,0.0,0.0,1.81202565
nefer_01,2007-06-26,20950.0,11.51,21.01,1.0,0.0,0.0,1.82533816
nefer_01,2007-06-27,16620.0,11.11,20.24,0.36,0.0,0.0,1.83888393
nefer_01,2007-06-28,28740.0,8.37,23.68,0.0,0.0,0.0,1.85194236
nefer_01,2007-06-29,20190.0,12.4,24.28,0.1,0.0,0.0,1.86529235
nefer_01,2007-06-30,27510.0,12.19,31.98,0.0,0.0,0.0,1.88057092
nefer_01,2007-07-01,9440.0,16.02,22.87,0.73,0.0,0.0,1.89896934
nefer_01,2007-07-02,15950.0,13.68,23.91,1.7,0.0,0.0,1.91516845
nefer_01,2007-07-03,19510.0,13.73,27.19,1.78,0.0,0.0,1.93082606
nefer_01,2007-07-04,21650.0,13.25,21.16,2.0,0.0,0.0,1.94787074
nefer_01,2007-07-05,27060.0,13.12,24.44,0.01,0.0,0.0,1.96220376
nefer_01,2007-07-06,29080.0,13.95,29.11,0.0,0.0,0.0,1.97784888
nefer_01,2007-07-07,28570.0,16.93,31.62,0.02,0.0,0.0,1.99578495
nefer_01,2007-07-08,9680.0,16.65,28.09,2.82,0.0,0.0,2.0
nefer_01,2007-07-09,17640.0,12.45,21.7,2.59,0.0,0.0,2.0
nefer_01,2007-07-10,23490.0,11.58,22.3,1.39,0.0,0.0,2.0
nefer_01,2007-07-11,14380.0,13.05,23.15,2.64,0.0,0.0,2.0
nefer_01,2007-07-12,26640.0,13.49,26.3,0.06,0.0,0.0,2.0
nefer_01,2007-07-13,29380.0,13.94,33.32,0.08,0.0,0.0,2.0
nefer_01,2007-07-14,26950.0,18.86,32.92,0.0,0.0,0.0,2.0
nefer_01,2007-07-15,28040.0,17.88,36.97,0.0,0.0,0.0,2.0
nefer_01,2007-07-16,20470.0,16.6,31.15,0.14,0.0,0.0,2.0
nefer_01,2007-07-17,24680.0,16.97,30.76,0.23,0.0,0.0,2.0
nefer_01,2007-07-18,19670.0,17.14,29.54,0.14,0.0,0.0,2.0
nefer_01,2007-07-19,20230.0,16.32,30.56,0.27,0.0,0.0,2.0
nefer_01,2007-07-20,11410.0,15.87,23.57,1.79,0.0,0.0,2.0
nefer_01,2007-07-21,8490.0,13.68,20.18,3.98,0.0,0.0,2.0
nefer_01,2007-07-22,23980.0,11.71,29.3,0.46,0.0,0.0,2.0
nefer_01,2007-07-23,13160.0,16.35,27.12,1.25,0.0,0.0,2.0
nefer_01,2007-07-24,23790.0,13.99,24.99,1.17,0.0,0.0,2.0
nefer_01,2007-07-25,29270.0,11.87,28.23,0.0,0.0,0.0,2.0
nefer_01,2007-07-26,28510.0,16.54,33.27,0.0,0.0,0.0,2.0
nefer_01,2007-07-27,23570.0,15.99,30.83,0.0,0.0,0.0,2.0
nefer_01,2007-07-28,22790.0,16.8,30.7,0.04,0.0,0.0,2.0
nefer_01,2007-07-29,21470.0,17.4,29.55,0.08,0.0,0.0,2.0
nefer_01,2007-07-30,16980.0,16.9,28.33,0.05,0.0,0.0,2.0
nefer_01,2007-07-31,26750.0,14.38,31.19,0.0,0.0,0.0,2.0
nefer_01,2007-08-01,24130.0,17.7,37.29,0.1,0.0,0.0,2.0
nefer_01,2007-08-02,19760.0,16.69,28.26,0.55,0.0,0.0,2.0
nefer_01,2007-08-03,27190.0,13.65,28.55,0.0,0.0,0.0,2.0
nefer_01,2007-08-04,27980.0,15.91,33.58,0.0,0.0,0.0,2.0
nefer_01,2007-08-05,25990.0,18.41,38.53,0.01,0.0,0.0,2.0
nefer_01,2007-08-06,7480.0,16.61,25.51,10.06,0.0,0.0,2.0
nefer_01,2007-08-07,11060.0,13.97,20.65,5.24,0.0,0.0,2.0
nefer_01,2007-08-08,22340.0,11.94,24.37,0.81,0.0,0.0,2.0
nefer_01,2007-08-09,24130.0,11.48,25.54,0.0,0.0,0.0,2.0
nefer_01,2007-08-10,24130.0,11.48,25.54,0.0,0.0,0.0,2.0
nefer_01,2007-08-11,24130.0,11.48,25.54,0.0,0.0,0.0,2.0
nefer_01,2007-08-12,24130.0,11.48,25.54,0.0,0.0,0.0,2.0
nefer_01,2007-08-13,24130.0,11.48,25.54,0.0,0.0,0.0,2.0
nefer_01,2007-08-14,24130.0,11.48,25.54,0.0,0.0,0.0,2.0
nefer_01,2007-08-15,24130.0,11.48,25.54,0.0,0.0,0.0,2.0
nefer_01,2007-08-16,24130.0,11.48,25.54,0.0,0.0,0.0,2.0
nefer_01,2007-08-17,24130.0,11.48,25.54,0.0,0.0,0.0,2.0
nefer_01,2007-08-18,24130.0,11.48,25.54,0.0,0.0,0.0,2.0
nefer_01,2007-08-19,24130.0,11.48,25.54,0.0,0.0,0.0,2.0
nefer_01,2007-08-20,24130.0,11.48,25.54,0.0,0.0,0.0,2.0
nefer_01,2007-08-21,24130.0,11.48,25.54,0.0,0.0,0.0,2.0
nefer_01,2007-08-22,24130.0,11.48,25.54,0.0,0.0,0.0,2.0
nefer_01,2007-08-23,24130.0,11.48,25.54,0.0,0.0,0.0,2.0
nefer_01,2007-08-24,24130.0,11.48,25.54,0.0,0.0,0.0,2.0
nefer_01,2007-08-25,24130.0,11.48,25.54,0.0,0.0,0.0,2.0
nefer_01,2007-08-26,24130.0,11.48,25.54,0.0,0.0,0.0,2.0
nefer_01,2007-08-27,24130.0,11.48,25.54,0.0,0.0,0.0,2.0
nefer_01,2007-08-28,24130.0,11.48,25.54,0.0,0.0,0.0,2.0
nefer_01,2007-08-29,24130.0,11.48,25.54,0.0,0.0,0.0,2.0
nefer_01,2007-08-30,24130.0,11.48,25.54,0.0,0.0,0.0,2.0
nefer_01,2007-08-31,24130.0,11.48,25.54,0.0,0.0,0.0,2.0
nefer_01,2007-09-01,24130.0,11.48,25.54,0.0,0.0,0.0,2.0
nefer_01,2007-09-02,24130.0,11.48,25.54,0.0,0.0,0.0,2.0
nefer_01,2007-09-03,24130.0,11.48,25.54,0.0,0.0,0.0,2.0
nefer_01,2007-09-04,24130.0,11.48,25.54,0.0,0.0,0.0,2.0
nefer_01,2007-09-05,24130.0,11.48,25.54,0.0,0.0,0.0,2.0
nefer_01,2007-09-06,24130.0,11.48,25.54,0.0,0.0,0.0,2.0
nefer_01,2007-09-07,24130.0,11.48,25.54,0.0,0.0,0.0,2.0
nefer_01,2007-09-08,24130.0,11.48,25.54,0.0,0.0,0.0,2.0
nefer_01,2007-09-09,24130.0,11.48,25.54,0.0,0.0,0.0,2.0
nefer_01,2007-09-10,24130.0,11.48,25.54,0.0,0.0,0.0,2.0
nefer_01,2007-09-11,24130.0,11.48,25.54,0.0,0.0,0.0,2.0
nefer_01,2007-09-12,24130.0,11.48,25.54,0.0,0.0,0.0,2.0
nefer_01,2007-09-13,24130.0,11.48,25.54,0.0,0.0,0.0,2.0
nefer_01,2007-09-14,24130.0,11.48,25.54,0.0,0.0,0.0,2.0
nefer_01,2007-09-15,24130.0,11.48,25.54,0.0,0.0,0.0,2.0
nefer_01,2007-09-16,24130.0,11.48,25.54,0.0,0.0,0.0,2.0
nefer_01,2007-09-17,24130.0,11.48,25.54,0.0,0.0,0.0,2.0
nefer_01,2007-09-18,24130.0,11.48,25.54,0.0,0.0,0.0,2.0
nefer_01,2007-09-19,24130.0,11.48,25.54,0.0,0.0,0.0,2.0
nefer_01,2007-09-20,24130.0,11.48,25.54,0.0,0.0,0.0,2.0
nefer_01,2007-09-21,24130.0,11.48,25.54,0.0,0.0,0.0,2.0
nefer_01,2007-09-22,24130.0,11.48,25.54,0.0,0.0,0.0,2.0
nefer_01,2007-09-23,24130.0,11.48,25.54,0.0,0.0,0.0,2.0
nefer_01,2007-09-24,24130.0,11.48,25.54,0.0,0.0,0.0,2.0
nefer_01,2007-09-25,24130.0,11.48,25.54,0.0,0.0,0.0,2.0
nefer_01,2007-09-26,24130.0,11.48,25.54,0.0,0.0,0.0,2.0
nefer_01,2007-09-27,24130.0,11.48,25.54,0.0,0.0,0.0,2.0
nefer_01,2007-09-28,24130.0,11.48,25.54,0.0,0.0,0.0,2.0
nefer_01,2007-09-29,24130.0,11.48,25.54,0.0,0.0,0.0,2.0
nefer_01,2007-09-30,24130.0,11.48,25.54,0.0,0.0,0.0,2.0
nefer_01,2007-10-01,24130.0,11.48,25.54,0.0,0.0,0.0,2.0
nefer_01,2007-10-02,24130.0,11.48,25.54,0.0,0.0,0.0,2.0
nefer_01,2007-10-03,24130.0,11.48,25.54,0.0,0.0,0.0,2.0
nefer_01,2007-10-04,24130.0,11.48,25.54,0.0,0.0,0.0,2.0
nefer_01,2007-10-05,24130.0,11.48,25.54,0.0,0.0,0.0,2.0
nefer_01,2007-10-06,24130.0,11.48,25.54,0.0,0.0,0.0,2.0
nefer_01,2007-10-07,24130.0,11.48,25.54,0.0,0.0,0.0,2.0
nefer_01,2007-10-08,24130.0,11.48,25.54,0.0,0.0,0.0,2.0
nefer_01,2007-10-09,24130.0,11.48,25.54,0.0,0.0,0.0,2.0
nefer_01,2007-10-10,24130.0,11.48,25.54,0.0,0.0,0.0,2.0
nefer_01,2007-10-11,24130.0,11.48,25.54,0.0,0.0,0.0,2.0
nefer_01,2007-10-12,24130.0,11.48,25.54,0.0,0.0,0.0,2.0
nefer_01,2007-10-13,24130.0,11.48,25.54,0.0,0.0,0.0,2.0
nefer_01,2007-10-14,24130.0,11.48,25.54,0.0,0.0,0.0,2.0
nefer_01,2007-10-15,24130.0,11.48,25.54,0.0,0.0,0.0,2.0
nefer_01,2007-10-16,24130.0,11.48,25.54,0.0,0.0,0.0,2.0
nefer_01,2007-10-17,24130.0,11.48,25.54,0.0,0.0,0.0,2.0
nefer_01,2007-10-18,24130.0,11.48,25.54,0.0,0.0,0.0,2.0
nefer_01,2007-10-19,24130.0,11.48,25.54,0.0,0.0,0.0,2.0
nefer_01,2007-10-20,24130.0,11.48,25.54,0.0,0.0,0.0,2.0
nefer_01,2007-10-21,24130.0,11.48,25.54,0.0,0.0,0.0,2.0
nefer_01,2007-10-22,24130.0,11.48,25.54,0.0,0.0,0.0,2.0
nefer_01,2007-10-23,24130.0,11.48,25.54,0.0,0.0,0.0,2.0
nefer_01,2007-10-24,24130.0,11.48,25.54,0.0,0.0,0.0,2.0
nefer_01,2007-10-25,24130.0,11.48,25.54,0.0,0.0,0.0,2.0
nefer_01,2007-10-26,24130.0,11.48,25.54,0.0,0.0,0.0,2.0
nefer_01,2007-10-27,24130.0,11.48,25.54,0.0,0.0,0.0,2.0
nefer_01,2007-10-28,24130.0,11.48,25.54,0.0,0.0,0.0,2.0
nefer_01,2007-10-29,24130.0,11.48,25.54,0.0,0.0,0.0,2.0
nefer_01,2007-10-30,24130.0,11.48,25.54,0.0,0.0,0.0,2.0
nefer_01,2007-10-31,24130.0,11.48,25.54,0.0,0.0,0.0,2.0
nefer_01,2007-11-01,24130.0,11.48,25.54,0.0,0.0,0.0,2.0
nefer_01,2007-11-02,24130.0,11.48,25.54,0.0,0.0,0.0,2.0
nefer_01,2007-11-03,24130.0,11.48,25.54,0.0,0.0,0.0,2.0
nefer_01,2007-11-04,24130.0,11.48,25.54,0.0,0.0,0.0,2.0
nefer_01,2007-11-05,24130.0,11.48,25.54,0.0,0.0,0.0,2.0
nefer_01,2007-11-06,24130.0,11.48,25.54,0.0,0.0,0.0,2.0
nefer_01,2007-11-07,24130.0,11.48,25.54,0.0,0.0,0.0,2.0
nefer_01,2007-11-08,24130.0,11.48,25.54,0.0,0.0,0.0,2.0
nefer_02,2006-11-09,8700.0,10.27,20.43,0.05,0.0,0.0,-0.1
nefer_02,2006-11-10,9690.0,9.6,20.09,0.12,0.0,0.0,0.0
nefer_02,2006-11-11,5030.0,8.96,16.8,1.0,0.0,0.0,0.0
nefer_02,2006-11-12,4510.0,9.46,14.4,3.26,0.0,0.0,0.0
nefer_02,2006-11-13,8570.0,8.87,15.19,0.02,0.0,0.0,0.0
nefer_02,2006-11-14,9980.0,6.29,16.24,0.06,0.0,0.0,0.0
nefer_02,2006-11-15,8890.0,6.48,22.37,0.23,0.0,0.0,0.0
nefer_02,2006-11-16,6070.0,10.41,20.05,2.74,0.0,0.0,0.0
nefer_02,2006-11-17,5650.0,6.43,14.25,1.42,0.0,0.0,0.0
nefer_02,2006-11-18,8510.0,5.77,17.28,0.7,0.0,0.0,0.0
nefer_02,2006-11-19,5530.0,7.21,15.52,5.12,0.0,0.0,0.0
nefer_02,2006-11-20,6040.0,6.48,14.84,0.5,0.0,0.0,0.0
nefer_02,2006-11-21,3810.0,9.87,15.44,18.76,0.0,0.0,0.0
nefer_02,2006-11-22,3270.0,9.11,14.06,12.7,0.0,0.0,0.0
nefer_02,2006-11-23,8560.0,10.9,20.67,0.18,0.0,0.0,0.0
nefer_02,2006-11-24,6320.0,9.29,17.85,0.78,0.0,0.0,0.000121
nefer_02,2006-11-25,3040.0,12.3,18.12,0.43,0.0,0.0,0.00025283
nefer_02,2006-11-26,4130.0,10.85,16.91,1.14,0.0,0.0,0.00048986
nefer_02,2006-11-27,8260.0,8.5,18.66,0.06,0.0,0.0,0.0007462
nefer_02,2006-11-28,4290.0,6.46,14.78,2.17,0.0,0.0,0.00106595
nefer_02,2006-11-29,5590.0,5.03,12.53,0.31,0.0,0.0,0.00137395
nefer_02,2006-11-30,6820.0,3.48,12.68,0.02,0.0,0.0,0.00171852
nefer_02,2006-12-01,7590.0,2.8,17.04,0.12,0.0,0.0,0.00212467
nefer_02,2006-12-02,4450.0,6.71,15.24,0.08,0.0,0.0,0.00273018
nefer_02,2006-12-03,6010.0,6.92,17.26,1.12,0.0,0.0,0.00351578
nefer_02,2006-12-04,4150.0,9.41,18.17,0.32,0.0,0.0,0.00448738
nefer_02,2006-12-05,7210.0,8.88,19.83,1.64,0.0,0.0,0.00569034
nefer_02,2006-12-06,4980.0,6.05,11.88,10.53,0.0,0.0,0.00700171
nefer_02,2006-12-07,2760.0,4.69,11.33,2.27,0.0,0.0,0.0078494
nefer_02,2006-12-08,2220.0,4.45,10.98,11.62,0.0,0.0,0.00868549
nefer_02,2006-12-09,5140.0,5.18,9.06,4.68,0.0,0.0,0.00956562
nefer_02,2006-12-10,3530.0,3.35,7.61,1.71,0.0,0.0,0.01044618
nefer_02,2006-12-11,7240.0,1.95,9.8,0.04,0.0,0.0,0.01117601
nefer_02,2006-12-12,4760.0,4.2,10.41,0.14,0.0,0.0,0.01201391
nefer_02,2006-12-13,3990.0,0.79,7.41,0.11,0.0,0.0,0.01312439
nefer_02,2006-12-14,7340.0,-0.06,10.62,0.06,0.0,0.0,0.01378608
nefer_02,2006-12-15,6620.0,1.98,14.41,0.16,0.0,0.0,0.01468767
nefer_02,2006-12-16,5950.0,4.15,13.27,0.06,0.0,0.0,0.01616392
nefer_02,2006-12-17,2580.0,2.12,8.18,0.8,0.0,0.0,0.01781502
nefer_02,2006-12-18,3910.0,1.12,6.11,0.85,0.0,0.0,0.01884012
nefer_02,2006-12-19,5230.0,-3.23,4.35,0.2,0.0,0.0,0.01959424
nefer_02,2006-12-20,6560.0,-3.56,4.66,0.01,0.0,0.0,0.01971648
nefer_02,2006-12-21,5390.0,-3.47,4.24,0.05,0.0,0.0,0.01983999
nefer_02,2006-12-22,5520.0,-2.56,3.75,0.05,0.0,0.0,0.01992893
nefer_02,2006-12-23,5280.0,-1.52,5.58,0.01,0.0,0.0,0.02007016
nefer_02,2006-12-24,3290.0,-3.48,3.94,0.01,0.0,0.0,0.02056585
nefer_02,2006-12-25,3180.0,-4.35,1.4,0.0,0.0,0.0,0.0206241
nefer_02,2006-12-26,6480.0,-4.36,4.46,0.0,0.0,0.0,0.0206241
nefer_02,2006-12-27,7600.0,2.73,10.4,0.05,0.0,0.0,0.02063732
nefer_02,2006-12-28,7470.0,0.48,10.48,0.0,0.0,0.0,0.0224181
nefer_02,2006-12-29,7490.0,1.7,10.86,0.05,0.0,0.0,0.02396692
nefer_02,2006-12-30,6680.0,2.75,14.4,0.05,0.0,0.0,0.02581509
nefer_02,2006-12-31,6330.0,6.26,16.4,0.0,0.0,0.0,0.02844128
nefer_02,2007-01-01,3300.0,7.57,13.15,2.34,0.0,0.0,0.03205045
nefer_02,2007-01-02,6160.0,4.79,10.82,1.62,0.0,0.0,0.03546093
nefer_02,2007-01-03,6520.0,5.19,11.87,0.25,0.0,0.0,0.03812735
nefer_02,2007-01-04,2920.0,5.69,11.67,1.17,0.0,0.0,0.04110822
nefer_02,2007-01-05,5130.0,7.68,12.01,0.79,0.0,0.0,0.0441676
nefer_02,2007-01-06,6920.0,5.55,14.66,0.12,0.0,0.0,0.04766925
nefer_02,2007-01-07,5530.0,5.87,13.81,0.71,0.0,0.0,0.05129796
nefer_02,2007-01-08,3550.0,7.42,11.32,1.74,0.0,0.0,0.05486718
nefer_02,2007-01-09,7550.0,8.74,16.27,0.0,0.0,0.0,0.05830178
nefer_02,2007-01-10,6790.0,4.9,15.44,0.05,0.0,0.0,0.06293586
nefer_02,2007-01-11,6500.0,4.15,14.17,0.01,0.0,0.0,0.06674756
nefer_02,2007-01-12,4860.0,9.27,13.63,0.06,0.0,0.0,0.07022113
nefer_02,2007-01-13,5730.0,5.49,14.83,0.05,0.0,0.0,0.07461576
nefer_02,2007-01-14,4300.0,5.33,13.01,0.19,0.0,0.0,0.07856391
nefer_02,2007-01-15,6360.0,3.55,14.63,0.0,0.0,0.0,0.08217288
nefer_02,2007-01-16,6140.0,4.81,12.81,0.08,0.0,0.0,0.08579714
nefer_02,2007-01-17,8550.0,4.81,16.07,0.0,0.0,0.0,0.08935663
nefer_02,2007-01-18,7360.0,7.26,15.44,0.0,0.0,0.0,0.09363199
nefer_02,2007-01-19,2960.0,9.89,13.94,0.1,0.0,0.0,0.09834422
nefer_02,2007-01-20,4680.0,8.26,14.5,0.05,0.0,0.0,0.10336036
nefer_02,2007-01-21,3870.0,5.46,11.4,0.91,0.0,0.0,0.10821932
nefer_02,2007-01-22,4860.0,1.77,9.25,6.16,0.0,0.0,0.11187042
nefer_02,2007-01-23,2240.0,-0.93,3.19,6.42,0.0,0.0,0.11429149
nefer_02,2007-01-24,6170.0,-2.11,3.0,0.96,0.0,0.0,0.11479528
nefer_02,2007-01-25,7160.0,-6.8,4.0,3.52,0.0,0.0,0.1149966
nefer_02,2007-01-26,8560.0,-7.67,0.26,0.0,0.0,0.0,0.1149966
nefer_02,2007-01-27,9810.0,-6.63,2.31,0.01,0.0,0.0,0.1149966
nefer_02,2007-01-28,7380.0,-2.07,4.67,0.01,0.0,0.0,0.1149966
nefer_02,2007-01-29,6510.0,-2.56,5.23,0.05,0.0,0.0,0.11562072
nefer_02,2007-01-30,8300.0,-2.15,7.51,0.01,0.0,0.0,0.11627132
nefer_02,2007-01-31,5350.0,-0.82,5.08,0.47,0.0,0.0,0.11759712
nefer_02,2007-02-01,2970.0,-0.35,6.05,0.07,0.0,0.0,0.11866678
nefer_02,2007-02-02,3910.0,0.05,7.05,0.01,0.0,0.0,0.12011968
nefer_02,2007-02-03,7230.0,0.51,10.73,0.0,0.0,0.0,0.12195679
nefer_02,2007-02-04,8220.0,1.61,12.26,0.01,0.0,0.0,0.12490907
nefer_02,2007-02-05,7270.0,4.55,12.37,0.47,0.0,0.0,0.1286071
nefer_02,2007-02-06,3480.0,4.94,9.21,2.94,0.0,0.0,0.1331862
nefer_02,2007-02-07,6190.0,4.12,10.71,2.23,0.0,0.0,0.13707311
nefer_02,2007-02-08,3300.0,4.05,12.08,4.46,0.0,0.0,0.14120775
nefer_02,2007-02-09,8090.0,2.06,11.17,3.92,0.0,0.0,0.14577185
nefer_02,2007-02-10,8270.0,3.76,12.23,6.56,0.0,0.0,0.14957092
nefer_02,2007-02-11,8090.0,5.79,16.76,8.07,0.0,0.0,0.15423038
nefer_02,2007-02-12,4550.0,6.15,13.23,14.37,0.0,0.0,0.16089798
nefer_02,2007-02-13,12590.0,4.18,12.66,1.0,0.0,0.0,0.16671207
nefer_02,2007-02-14,5570.0,6.59,17.51,2.19,0.0,0.0,0.17183759
nefer_02,2007-02-15,14010.0,2.69,16.39,0.02,0.0,0.0,0.17927884
nefer_02,2007-02-16,12450.0,3.02,18.41,0.0,0.0,0.0,0.1852547
nefer_02,2007-02-17,3960.0,5.47,13.38,1.05,0.0,0.0,0.19206237
nefer_02,2007-02-18,3900.0,4.66,7.58,5.23,0.0,0.0,0.19813534
nefer_02,2007-02-19,13160.0,3.64,13.79,0.04,0.0,0.0,0.20213425
nefer_02,2007-02-20,9830.0,3.86,14.58,0.12,0.0,0.0,0.20790838
nefer_02,2007-02-21,4370.0,4.75,11.08,1.78,0.0,0.0,0.21410186
nefer_02,2007-02-22,6490.0,3.48,14.87,0.0,0.0,0.0,0.21949193
nefer_02,2007-02-23,12910.0,5.35,16.18,3.06,0.0,0.0,0.22582544
nefer_02,2007-02-24,7370.0,7.22,12.26,5.57,0.0,0.0,0.23335729
nefer_02,2007-02-25,5630.0,7.23,10.56,10.17,0.0,0.0,0.24026365
nefer_02,2007-02-26,7860.0,7.12,11.2,7.88,0.0,0.0,0.246655
nefer_02,2007-02-27,8450.0,7.12,12.94,0.95,0.0,0.0,0.25332386
nefer_02,2007-02-28,7250.0,5.6,15.51,0.98,0.0,0.0,0.26072195
nefer_02,2007-03-01,11050.0,4.82,15.8,0.02,0.0,0.0,0.2686086
nefer_02,2007-03-02,8060.0,10.16,15.98,0.59,0.0,0.0,0.27641158
nefer_02,2007-03-03,6630.0,11.05,16.12,1.25,0.0,0.0,0.28642997
nefer_02,2007-03-04,14120.0,8.25,24.08,0.08,0.0,0.0,0.29697518
nefer_02,2007-03-05,12570.0,6.18,13.66,1.16,0.0,0.0,0.30968084
nefer_02,2007-03-06,6700.0,6.11,15.82,1.03,0.0,80.0,0.3175751
nefer_02,2007-03-07,6880.0,5.72,15.34,10.54,0.0,0.0,0.32640875
nefer_02,2007-03-08,8660.0,3.97,11.83,5.27,0.0,0.0,0.33499581
nefer_02,2007-03-09,11240.0,4.35,12.31,0.1,0.0,0.0,0.3415163
nefer_02,2007-03-10,17300.0,1.04,11.94,0.0,0.0,0.0,0.34847438
nefer_02,2007-03-11,17990.0,0.27,13.44,0.04,0.0,0.0,0.35396011
nefer_02,2007-03-12,17680.0,1.76,15.98,0.0,0.0,0.0,0.35982278
nefer_02,2007-03-13,17560.0,2.87,16.78,0.04,0.0,0.0,0.36749753
nefer_02,2007-03-14,16510.0,4.41,17.48,0.0,0.0,0.0,0.37609717
nefer_02,2007-03-15,16920.0,6.0,18.73,0.04,0.0,0.0,0.38578722
nefer_02,2007-03-16,12660.0,6.78,16.23,0.0,0.0,0.0,0.39685909
nefer_02,2007-03-17,18290.0,5.47,13.69,0.01,0.0,0.0,0.40727714
nefer_02,2007-03-18,8610.0,7.18,12.19,2.18,0.0,0.0,0.41604903
nefer_02,2007-03-19,7900.0,2.26,7.98,11.5,0.0,0.0,0.4250153
nefer_02,2007-03-20,9610.0,0.84,5.3,1.62,0.0,0.0,0.42980736
nefer_02,2007-03-21,9550.0,0.34,6.22,1.18,0.0,0.0,0.43271198
nefer_02,2007-03-22,10140.0,0.15,6.99,0.88,0.0,0.0,0.43584872
nefer_02,2007-03-23,10460.0,-0.1,8.87,6.94,0.0,0.0,0.43929923
nefer_02,2007-03-24,7520.0,3.43,7.42,6.36,0.0,0.0,0.4435823
nefer_02,2007-03-25,9630.0,2.94,7.94,5.2,0.0,0.0,0.44893673
nefer_02,2007-03-26,17480.0,2.15,14.29,0.63,0.0,0.0,0.4543617
nefer_02,2007-03-27,18610.0,3.17,16.02,1.66,0.0,0.0,0.46264332
nefer_02,2007-03-28,9930.0,5.36,12.51,2.33,0.0,0.0,0.47240875
nefer_02,2007-03-29,13600.0,3.18,12.81,2.3,0.0,0.0,0.48159427
nefer_02,2007-03-30,12320.0,4.8,9.77,7.3,0.0,0.0,0.48989564
nefer_02,2007-03-31,8330.0,3.77,10.78,5.07,0.0,0.0,0.49753475
nefer_02,2007-04-01,13920.0,3.94,17.28,1.36,0.0,0.0,0.50523824
nefer_02,2007-04-02,13110.0,9.73,16.3,1.84,0.0,0.0,0.5165824
nefer_02,2007-04-03,12500.0,7.93,14.79,2.74,0.0,0.0,0.53063199
nefer_02,2007-04-04,12420.0,2.14,9.49,5.39,0.0,0.0,0.543012
nefer_02,2007-04-05,14450.0,1.75,13.62,0.12,0.0,0.0,0.54940901
nefer_02,2007-04-06,20430.0,4.19,16.62,0.01,0.0,0.0,0.55794229
nefer_02,2007-04-07,21390.0,5.34,19.01,0.23,0.0,0.0,0.56960288
nefer_02,2007-04-08,22060.0,5.7,19.73,0.13,0.0,0.0,0.58337229
nefer_02,2007-04-09,22010.0,7.37,18.95,2.39,0.0,0.0,0.59788311
nefer_02,2007-04-10,17180.0,8.47,19.05,0.06,0.0,0.0,0.61303695
nefer_02,2007-04-11,18730.0,7.53,19.39,0.08,0.0,0.0,0.62902288
nefer_02,2007-04-12,11090.0,7.18,18.26,6.19,0.0,0.0,0.64479822
nefer_02,2007-04-13,5660.0,10.14,16.97,5.27,0.0,0.0,0.65983647
nefer_02,2007-04-14,7940.0,9.78,16.8,4.36,0.0,0.0,0.67600042
nefer_02,2007-04-15,11520.0,9.71,19.98,1.61,0.0,0.0,0.69198397
nefer_02,2007-04-16,9080.0,11.88,19.19,6.0,0.0,0.0,0.70998885
nefer_02,2007-04-17,16210.0,11.53,19.73,2.68,0.0,0.0,0.72898847
nefer_02,2007-04-18,18610.0,10.88,22.01,0.03,0.0,0.0,0.74826274
nefer_02,2007-04-19,23790.0,9.67,23.15,0.13,0.0,0.0,0.76870835
nefer_02,2007-04-20,23920.0,12.08,23.72,0.49,0.0,0.0,0.78927594
nefer_02,2007-04-21,22860.0,11.78,24.21,0.01,0.0,0.0,0.81189102
nefer_02,2007-04-22,23870.0,13.26,24.6,0.11,0.0,0.0,0.83480646
nefer_02,2007-04-23,24970.0,13.35,25.79,0.01,0.0,0.0,0.85910161
nefer_02,2007-04-24,25540.0,15.15,26.66,0.01,0.0,0.0,0.88441284
nefer_02,2007-04-25,15140.0,12.32,21.75,0.3,0.0,0.0,0.91165784
nefer_02,2007-04-26,19330.0,11.88,22.01,2.24,0.0,0.0,0.93402719
nefer_02,2007-04-27,18540.0,11.29,22.21,1.44,0.0,0.0,0.95644472
nefer_02,2007-04-28,22170.0,9.65,21.98,3.13,0.0,0.0,0.97876789
nefer_02,2007-04-29,20960.0,10.76,21.37,4.96,0.0,0.0,0.9999986
nefer_02,2007-04-30,22590.0,9.58,22.4,4.58,0.0,0.0,1.0
nefer_02,2007-05-01,5290.0,7.55,12.18,29.79,0.0,0.0,1.01332084
nefer_02,2007-05-02,16710.0,7.69,15.38,3.64,0.0,0.0,1.02153911
nefer_02,2007-05-03,17750.0,7.38,16.45,4.38,0.0,0.0,1.03114861
nefer_02,2007-05-04,14170.0,8.71,17.26,6.33,0.0,0.0,1.04107468
nefer_02,2007-05-05,11060.0,9.61,15.89,3.0,0.0,0.0,1.05189213
nefer_02,2007-05-06,17710.0,10.26,19.0,2.17,0.0,0.0,1.06251382
nefer_02,2007-05-07,10930.0,9.94,18.58,0.25,0.0,0.0,1.07470168
nefer_02,2007-05-08,15090.0,11.06,20.38,0.02,0.0,0.0,1.0865813
nefer_02,2007-05-09,25470.0,9.38,22.51,0.03,0.0,0.0,1.09967721
nefer_02,2007-05-10,28010.0,10.7,28.68,0.1,0.0,0.0,1.11296057
nefer_02,2007-05-11,25480.0,12.59,22.78,0.08,0.0,0.0,1.12936378
nefer_02,2007-05-12,26390.0,11.03,24.38,0.04,0.0,0.0,1.14409668
nefer_02,2007-05-13,23450.0,14.28,27.55,0.33,0.0,0.0,1.15884624
nefer_02,2007-05-14,12480.0,8.98,15.93,19.66,0.0,0.0,1.17626997
nefer_02,2007-05-15,22720.0,8.3,17.12,0.6,0.0,0.0,1.1866459
nefer_02,2007-05-16,11950.0,9.42,17.2,2.24,0.0,0.0,1.19723426
nefer_02,2007-05-17,9410.0,11.15,18.51,1.8,0.0,0.0,1.20832246
nefer_02,2007-05-18,16090.0,12.34,23.01,0.16,0.0,0.0,1.22067694
nefer_02,2007-05-19,10060.0,14.64,21.36,6.05,0.0,0.0,1.23540151
nefer_02,2007-05-20,16310.0,12.83,25.29,0.42,0.0,0.0,1.25039683
nefer_02,2007-05-21,20040.0,10.81,23.8,0.29,0.0,0.0,1.2662752
nefer_02,2007-05-22,19120.0,10.97,25.29,0.05,0.0,0.0,1.28069153
nefer_02,2007-05-23,24510.0,14.62,28.15,0.15,0.0,0.0,1.29579515
nefer_02,2007-05-24,24720.0,16.08,28.94,1.19,0.0,0.0,1.31361042
nefer_02,2007-05-25,14620.0,14.41,25.69,7.89,0.0,0.0,1.3323629
nefer_02,2007-05-26,6270.0,9.85,17.2,24.81,0.0,0.0,1.34906602
nefer_02,2007-05-27,19300.0,8.59,19.34,5.78,0.0,0.0,1.36033334
nefer_02,2007-05-28,16210.0,7.96,14.37,8.95,0.0,0.0,1.3719672
nefer_02,2007-05-29,17560.0,7.98,17.21,0.51,0.0,0.0,1.38126847
nefer_02,2007-05-30,25430.0,9.84,23.63,2.24,0.0,0.0,1.39176102
nefer_02,2007-05-31,10490.0,11.46,20.05,3.72,0.0,0.0,1.40570251
nefer_02,2007-06-01,19460.0,8.76,17.62,4.85,0.0,0.0,1.41882757
nefer_02,2007-06-02,18470.0,10.07,18.99,0.46,0.0,0.0,1.42981581
nefer_02,2007-06-03,21310.0,10.66,22.6,1.26,0.0,0.0,1.44192036
nefer_02,2007-06-04,8180.0,13.63,18.51,14.05,0.0,0.0,1.45577437
nefer_02,2007-06-05,17360.0,12.44,21.43,0.5,0.0,0.0,1.46916186
nefer_02,2007-06-06,15130.0,14.46,20.87,5.67,0.0,0.0,1.48326996
nefer_02,2007-06-07,25270.0,13.91,24.12,0.12,0.0,0.0,1.49798619
nefer_02,2007-06-08,28380.0,15.87,27.87,0.14,0.0,0.0,1.51382708
nefer_02,2007-06-09,25310.0,17.2,28.98,0.15,0.0,0.0,1.53204639
nefer_02,2007-06-10,21450.0,18.04,26.76,4.0,0.0,0.0,1.55128206
nefer_02,2007-06-11,24460.0,16.29,25.19,2.7,0.0,0.0,1.5699429
nefer_02,2007-06-12,28870.0,15.54,27.13,0.13,0.0,0.0,1.58722084
nefer_02,2007-06-13,24270.0,17.26,28.33,1.64,0.0,0.0,1.60499445
nefer_02,2007-06-14,18260.0,18.46,26.56,8.51,0.0,0.0,1.62398436
nefer_02,2007-06-15,21410.0,15.15,23.36,2.01,0.0,0.0,1.64273684
nefer_02,2007-06-16,25370.0,13.55,24.47,1.18,0.0,0.0,1.65877766
nefer_02,2007-06-17,16820.0,16.42,26.44,0.65,0.0,0.0,1.67461438
nefer_02,2007-06-18,23790.0,18.37,28.45,0.25,0.0,0.0,1.69246714
nefer_02,2007-06-19,21570.0,16.58,31.3,0.6,0.0,0.0,1.71196939
nefer_02,2007-06-20,24340.0,15.09,27.92,4.47,0.0,0.0,1.73191316
nefer_02,2007-06-21,23290.0,14.51,23.08,4.43,0.0,0.0,1.7498284
nefer_02,2007-06-22,20570.0,13.02,22.2,0.98,0.0,0.0,1.76548601
nefer_02,2007-06-23,21460.0,11.05,24.17,0.01,0.0,0.0,1.78015643
nefer_02,2007-06-24,22030.0,13.74,27.55,2.06,0.0,0.0,1.79482685
nefer_02,2007-06-25,6850.0,11.63,20.33,1.68,0.0,0.0,1.81202565
nefer_02,2007-06-26,20950.0,11.51,21.01,1.0,0.0,0.0,1.82533816
nefer_02,2007-06-27,16620.0,11.11,20.24,0.36,0.0,0.0,1.83888393
nefer_02,2007-06-28,28740.0,8.37,23.68,0.0,0.0,0.0,1.85194236
nefer_02,2007-06-29,20190.0,12.4,24.28,0.1,0.0,0.0,1.86529235
nefer_02,2007-06-30,27510.0,12.19,31.98,0.0,0.0,0.0,1.88057092
nefer_02,2007-07-01,9440.0,16.02,22.87,0.73,0.0,0.0,1.89896934
nefer_02,2007-07-02,15950.0,13.68,23.91,1.7,0.0,0.0,1.91516845
nefer_02,2007-07-03,19510.0,13.73,27.19,1.78,0.0,0.0,1.93082606
nefer_02,2007-07-04,21650.0,13.25,21.16,2.0,0.0,0.0,1.94787074
nefer_02,2007-07-05,27060.0,13.12,24.44,0.01,0.0,0.0,1.96220376
nefer_02,2007-07-06,29080.0,13.95,29.11,0.0,0.0,0.0,1.97784888
nefer_02,2007-07-07,28570.0,16.93,31.62,0.02,0.0,0.0,1.99578495
nefer_02,2007-07-08,9680.0,16.65,28.09,2.82,0.0,0.0,2.0
nefer_02,2007-07-09,17640.0,12.45,21.7,2.59,0.0,0.0,2.0
nefer_02,2007-07-10,23490.0,11.58,22.3,1.39,0.0,0.0,2.0
nefer_02,2007-07-11,14380.0,13.05,23.15,2.64,0.0,0.0,2.0
nefer_02,2007-07-12,26640.0,13.49,26.3,0.06,0.0,0.0,2.0
nefer_02,2007-07-13,29380.0,13.94,33.32,0.08,0.0,0.0,2.0
nefer_02,2007-07-14,26950.0,18.86,32.92,0.0,0.0,0.0,2.0
nefer_02,2007-07-15,28040.0,17.88,36.97,0.0,0.0,0.0,2.0
nefer_02,2007-07-16,20470.0,16.6,31.15,0.14,0.0,0.0,2.0
nefer_02,2007-07-17,24680.0,16.97,30.76,0.23,0.0,0.0,2.0
nefer_02,2007-07-18,19670.0,17.14,29.54,0.14,0.0,0.0,2.0
nefer_02,2007-07-19,20230.0,16.32,30.56,0.27,0.0,0.0,2.0
nefer_02,2007-07-20,11410.0,15.87,23.57,1.79,0.0,0.0,2.0
nefer_02,2007-07-21,8490.0,13.68,20.18,3.98,0.0,0.0,2.0
nefer_02,2007-07-22,23980.0,11.71,29.3,0.46,0.0,0.0,2.0
nefer_02,2007-07-23,13160.0,16.35,27.12,1.25,0.0,0.0,2.0
nefer_02,2007-07-24,23790.0,13.99,24.99,1.17,0.0,0.0,2.0
nefer_02,2007-07-25,29270.0,11.87,28.23,0.0,0.0,0.0,2.0
nefer_02,2007-07-26,28510.0,16.54,33.27,0.0,0.0,0.0,2.0
nefer_02,2007-07-27,23570.0,15.99,30.83,0.0,0.0,0.0,2.0
nefer_02,2007-07-28,22790.0,16.8,30.7,0.04,0.0,0.0,2.0
nefer_02,2007-07-29,21470.0,17.4,29.55,0.08,0.0,0.0,2.0
nefer_02,2007-07-30,16980.0,16.9,28.33,0.05,0.0,0.0,2.0
nefer_02,2007-07-31,26750.0,14.38,31.19,0.0,0.0,0.0,2.0
nefer_02,2007-08-01,24130.0,17.7,37.29,0.1,0.0,0.0,2.0
nefer_02,2007-08-02,19760.0,16.69,28.26,0.55,0.0,0.0,2.0
nefer_02,2007-08-03,27190.0,13.65,28.55,0.0,0.0,0.0,2.0
nefer_02,2007-08-04,27980.0,15.91,33.58,0.0,0.0,0.0,2.0
nefer_02,2007-08-05,25990.0,18.41,38.53,0.01,0.0,0.0,2.0
nefer_02,2007-08-06,7480.0,16.61,25.51,10.06,0.0,0.0,2.0
nefer_02,2007-08-07,11060.0,13.97,20.65,5.24,0.0,0.0,2.0
nefer_02,2007-08-08,22340.0,11.94,24.37,0.81,0.0,0.0,2.0
nefer_02,2007-08-09,24130.0,11.48,25.54,0.0,0.0,0.0,2.0
nefer_02,2007-08-10,24130.0,11.48,25.54,0.0,0.0,0.0,2.0
nefer_02,2007-08-11,24130.0,11.48,25.54,0.0,0.0,0.0,2.0
nefer_02,2007-08-12,24130.0,11.48,25.54,0.0,0.0,0.0,2.0
nefer_02,2007-08-13,24130.0,11.48,25.54,0.0,0.0,0.0,2.0
nefer_02,2007-08-14,24130.0,11.48,25.54,0.0,0.0,0.0,2.0
nefer_02,2007-08-15,24130.0,11.48,25.54,0.0,0.0,0.0,2.0
nefer_02,2007-08-16,24130.0,11.48,25.54,0.0,0.0,0.0,2.0
nefer_02,2007-08-17,24130.0,11.48,25.54,0.0,0.0,0.0,2.0
nefer_02,2007-08-18,24130.0,11.48,25.54,0.0,0.0,0.0,2.0
nefer_02,2007-08-19,24130.0,11.48,25.54,0.0,0.0,0.0,2.0
nefer_02,2007-08-20,24130.0,11.48,25.54,0.0,0.0,0.0,2.0
nefer_02,2007-08-21,24130.0,11.48,25.54,0.0,0.0,0.0,2.0
nefer_02,2007-08-22,24130.0,11.48,25.54,0.0,0.0,0.0,2.0
nefer_02,2007-08-23,24130.0,11.48,25.54,0.0,0.0,0.0,2.0
nefer_02,2007-08-24,24130.0,11.48,25.54,0.0,0.0,0.0,2.0
nefer_02,2007-08-25,24130.0,11.48,25.54,0.0,0.0,0.0,2.0
nefer_02,2007-08-26,24130.0,11.48,25.54,0.0,0.0,0.0,2.0
nefer_02,2007-08-27,24130.0,11.48,25.54,0.0,0.0,0.0,2.0
nefer_02,2007-08-28,24130.0,11.48,25.54,0.0,0.0,0.0,2.0
nefer_02,2007-08-29,24130.0,11.48,25.54,0.0,0.0,0.0,2.0
nefer_02,2007-08-30,24130.0,11.48,25.54,0.0,0.0,0.0,2.0
nefer_02,2007-08-31,24130.0,11.48,25.54,0.0,0.0,0.0,2.0
nefer_02,2007-09-01,24130.0,11.48,25.54,0.0,0.0,0.0,2.0
nefer_02,2007-09-02,24130.0,11.48,25.54,0.0,0.0,0.0,2.0
nefer_02,2007-09-03,24130.0,11.48,25.54,0.0,0.0,0.0,2.0
nefer_02,2007-09-04,24130.0,11.48,25.54,0.0,0.0,0.0,2.0
nefer_02,2007-09-05,24130.0,11.48,25.54,0.0,0.0,0.0,2.0
nefer_02,2007-09-06,24130.0,11.48,25.54,0.0,0.0,0.0,2.0
nefer_02,2007-09-07,24130.0,11.48,25.54,0.0,0.0,0.0,2.0
nefer_02,2007-09-08,24130.0,11.48,25.54,0.0,0.0,0.0,2.0
nefer_02,2007-09-09,24130.0,11.48,25.54,0.0,0.0,0.0,2.0
nefer_02,2007-09-10,24130.0,11.48,25.54,0.0,0.0,0.0,2.0
nefer_02,2007-09-11,24130.0,11.48,25.54,0.0,0.0,0.0,2.0
nefer_02,2007-09-12,24130.0,11.48,25.54,0.0,0.0,0.0,2.0
nefer_02,2007-09-13,24130.0,11.48,25.54,0.0,0.0,0.0,2.0
nefer_02,2007-09-14,24130.0,11.48,25.54,0.0,0.0,0.0,2.0
nefer_02,2007-09-15,24130.0,11.48,25.54,0.0,0.0,0.0,2.0
nefer_02,2007-09-16,24130.0,11.48,25.54,0.0,0.0,0.0,2.0
nefer_02,2007-09-17,24130.0,11.48,25.54,0.0,0.0,0.0,2.0
nefer_02,2007-09-18,24130.0,11.48,25.54,0.0,0.0,0.0,2.0
nefer_02,2007-09-19,24130.0,11.48,25.54,0.0,0.0,0.0,2.0
nefer_02,2007-09-20,24130.0,11.48,25.54,0.0,0.0,0.0,2.0
nefer_02,2007-09-21,24130.0,11.48,25.54,0.0,0.0,0.0,2.0
nefer_02,2007-09-22,24130.0,11.48,25.54,0.0,0.0,0.0,2.0
nefer_02,2007-09-23,24130.0,11.48,25.54,0.0,0.0,0.0,2.0
nefer_02,2007-09-24,24130.0,11.48,25.54,0.0,0.0,0.0,2.0
nefer_02,2007-09-25,24130.0,11.48,25.54,0.0,0.0,0.0,2.0
nefer_02,2007-09-26,24130.0,11.48,25.54,0.0,0.0,0.0,2.0
nefer_02,2007-09-27,24130.0,11.48,25.54,0.0,0.0,0.0,2.0
nefer_02,2007-09-28,24130.0,11.48,25.54,0.0,0.0,0.0,2.0
nefer_02,2007-09-29,24130.0,11.48,25.54,0.0,0.0,0.0,2.0
nefer_02,2007-09-30,24130.0,11.48,25.54,0.0,0.0,0.0,2.0
nefer_02,2007-10-01,24130.0,11.48,25.54,0.0,0.0,0.0,2.0
nefer_02,2007-10-02,24130.0,11.48,25.54,0.0,0.0,0.0,2.0
nefer_02,2007-10-03,24130.0,11.48,25.54,0.0,0.0,0.0,2.0
nefer_02,2007-10-04,24130.0,11.48,25.54,0.0,0.0,0.0,2.0
nefer_02,2007-10-05,24130.0,11.48,25.54,0.0,0.0,0.0,2.0
nefer_02,2007-10-06,24130.0,11.48,25.54,0.0,0.0,0.0,2.0
nefer_02,2007-10-07,24130.0,11.48,25.54,0.0,0.0,0.0,2.0
nefer_02,2007-10-08,24130.0,11.48,25.54,0.0,0.0,0.0,2.0
nefer_02,2007-10-09,24130.0,11.48,25.54,0.0,0.0,0.0,2.0
nefer_02,2007-10-10,24130.0,11.48,25.54,0.0,0.0,0.0,2.0
nefer_02,2007-10-11,24130.0,11.48,25.54,0.0,0.0,0.0,2.0
nefer_02,2007-10-12,24130.0,11.48,25.54,0.0,0.0,0.0,2.0
nefer_02,2007-10-13,24130.0,11.48,25.54,0.0,0.0,0.0,2.0
nefer_02,2007-10-14,24130.0,11.48,25.54,0.0,0.0,0.0,2.0
nefer_02,2007-10-15,24130.0,11.48,25.54,0.0,0.0,0.0,2.0
nefer_02,2007-10-16,24130.0,11.48,25.54,0.0,0.0,0.0,2.0
nefer_02,2007-10-17,24130.0,11.48,25.54,0.0,0.0,0.0,2.0
nefer_02,2007-10-18,24130.0,11.48,25.54,0.0,0.0,0.0,2.0
nefer_02,2007-10-19,24130.0,11.48,25.54,0.0,0.0,0.0,2.0
nefer_02,2007-10-20,24130.0,11.48,25.54,0.0,0.0,0.0,2.0
nefer_02,2007-10-21,24130.0,11.48,25.54,0.0,0.0,0.0,2.0
nefer_02,2007-10-22,24130.0,11.48,25.54,0.0,0.0,0.0,2.0
nefer_02,2007-10-23,24130.0,11.48,25.54,0.0,0.0,0.0,2.0
nefer_02,2007-10-24,24130.0,11.48,25.54,0.0,0.0,0.0,2.0
nefer_02,2007-10-25,24130.0,11.48,25.54,0.0,0.0,0.0,2.0
nefer_02,2007-10-26,24130.0,11.48,25.54,0.0,0.0,0.0,2.0
nefer_02,2007-10-27,24130.0,11.48,25.54,0.0,0.0,0.0,2.0
nefer_02,2007-10-28,24130.0,11.48,25.54,0.0,0.0,0.0,2.0
nefer_02,2007-10-29,24130.0,11.48,25.54,0.0,0.0,0.0,2.0
nefer_02,2007-10-30,24130.0,11.48,25.54,0.0,0.0,0.0,2.0
nefer_02,2007-10-31,24130.0,11.48,25.54,0.0,0.0,0.0,2.0
nefer_02,2007-11-01,24130.0,11.48,25.54,0.0,0.0,0.0,2.0
nefer_02,2007-11-02,24130.0,11.48,25.54,0.0,0.0,0.0,2.0
nefer_02,2007-11-03,24130.0,11.48,25.54,0.0,0.0,0.0,2.0
nefer_02,2007-11-04,24130.0,11.48,25.54,0.0,0.0,0.0,2.0
nefer_02,2007-11-05,24130.0,11.48,25.54,0.0,0.0,0.0,2.0
nefer_02,2007-11-06,24130.0,11.48,25.54,0.0,0.0,0.0,2.0
nefer_02,2007-11-07,24130.0,11.48,25.54,0.0,0.0,0.0,2.0
nefer_02,2007-11-08,24130.0,11.48,25.54,0.0,0.0,0.0,2.0
nefer_03,2006-11-09,8700.0,10.27,20.43,0.05,0.0,0.0,-0.1
nefer_03,2006-11-10,9690.0,9.6,20.09,0.12,0.0,0.0,0.0
nefer_03,2006-11-11,5030.0,8.96,16.8,1.0,0.0,0.0,0.0
nefer_03,2006-11-12,4510.0,9.46,14.4,3.26,0.0,0.0,0.0
nefer_03,2006-11-13,8570.0,8.87,15.19,0.02,0.0,0.0,0.0
nefer_03,2006-11-14,9980.0,6.29,16.24,0.06,0.0,0.0,0.0
nefer_03,2006-11-15,8890.0,6.48,22.37,0.23,0.0,0.0,0.0
nefer_03,2006-11-16,6070.0,10.41,20.05,2.74,0.0,0.0,0.0
nefer_03,2006-11-17,5650.0,6.43,14.25,1.42,0.0,0.0,0.0
nefer_03,2006-11-18,8510.0,5.77,17.28,0.7,0.0,0.0,0.0
nefer_03,2006-11-19,5530.0,7.21,15.52,5.12,0.0,0.0,0.0
nefer_03,2006-11-20,6040.0,6.48,14.84,0.5,0.0,0.0,0.0
nefer_03,2006-11-21,3810.0,9.87,15.44,18.76,0.0,0.0,0.0
nefer_03,2006-11-22,3270.0,9.11,14.06,12.7,0.0,0.0,0.0
nefer_03,2006-11-23,8560.0,10.9,20.67,0.18,0.0,0.0,0.0
nefer_03,2006-11-24,6320.0,9.29,17.85,0.78,0.0,0.0,0.000121
nefer_03,2006-11-25,3040.0,12.3,18.12,0.43,0.0,0.0,0.00025283
nefer_03,2006-11-26,4130.0,10.85,16.91,1.14,0.0,0.0,0.00048986
nefer_03,2006-11-27,8260.0,8.5,18.66,0.06,0.0,0.0,0.0007462
nefer_03,2006-11-28,4290.0,6.46,14.78,2.17,0.0,0.0,0.00106595
nefer_03,2006-11-29,5590.0,5.03,12.53,0.31,0.0,0.0,0.00137395
nefer_03,2006-11-30,6820.0,3.48,12.68,0.02,0.0,0.0,0.00171852
nefer_03,2006-12-01,7590.0,2.8,17.04,0.12,0.0,0.0,0.00212467
nefer_03,2006-12-02,4450.0,6.71,15.24,0.08,0.0,0.0,0.00273018
nefer_03,2006-12-03,6010.0,6.92,17.26,1.12,0.0,0.0,0.00351578
nefer_03,2006-12-04,4150.0,9.41,18.17,0.32,0.0,0.0,0.00448738
nefer_03,2006-12-05,7210.0,8.88,19.83,1.64,0.0,0.0,0.00569034
nefer_03,2006-12-06,4980.0,6.05,11.88,10.53,0.0,0.0,0.00700171
nefer_03,2006-12-07,2760.0,4.69,11.33,2.27,0.0,0.0,0.0078494
nefer_03,2006-12-08,2220.0,4.45,10.98,11.62,0.0,0.0,0.00868549
nefer_03,2006-12-09,5140.0,5.18,9.06,4.68,0.0,0.0,0.00956562
nefer_03,2006-12-10,3530.0,3.35,7.61,1.71,0.0,0.0,0.01044618
nefer_03,2006-12-11,7240.0,1.95,9.8,0.04,0.0,0.0,0.01117601
nefer_03,2006-12-12,4760.0,4.2,10.41,0.14,0.0,0.0,0.01201391
nefer_03,2006-12-13,3990.0,0.79,7.41,0.11,0.0,0.0,0.01312439
nefer_03,2006-12-14,7340.0,-0.06,10.62,0.06,0.0,0.0,0.01378608
nefer_03,2006-12-15,6620.0,1.98,14.41,0.16,0.0,0.0,0.01468767
nefer_03,2006-12-16,5950.0,4.15,13.27,0.06,0.0,0.0,0.01616392
nefer_03,2006-12-17,2580.0,2.12,8.18,0.8,0.0,0.0,0.01781502
nefer_03,2006-12-18,3910.0,1.12,6.11,0.85,0.0,0.0,0.01884012
nefer_03,2006-12-19,5230.0,-3.23,4.35,0.2,0.0,0.0,0.01959424
nefer_03,2006-12-20,6560.0,-3.56,4.66,0.01,0.0,0.0,0.01971648
nefer_03,2006-12-21,5390.0,-3.47,4.24,0.05,0.0,0.0,0.01983999
nefer_03,2006-12-22,5520.0,-2.56,3.75,0.05,0.0,0.0,0.01992893
nefer_03,2006-12-23,5280.0,-1.52,5.58,0.01,0.0,0.0,0.02007016
nefer_03,2006-12-24,3290.0,-3.48,3.94,0.01,0.0,0.0,0.02056585
nefer_03,2006-12-25,3180.0,-4.35,1.4,0.0,0.0,0.0,0.0206241
nefer_03,2006-12-26,6480.0,-4.36,4.46,0.0,0.0,0.0,0.0206241
nefer_03,2006-12-27,7600.0,2.73,10.4,0.05,0.0,0.0,0.02063732
nefer_03,2006-12-28,7470.0,0.48,10.48,0.0,0.0,0.0,0.0224181
nefer_03,2006-12-29,7490.0,1.7,10.86,0.05,0.0,0.0,0.02396692
nefer_03,2006-12-30,6680.0,2.75,14.4,0.05,0.0,0.0,0.02581509
nefer_03,2006-12-31,6330.0,6.26,16.4,0.0,0.0,0.0,0.02844128
nefer_03,2007-01-01,3300.0,7.57,13.15,2.34,0.0,0.0,0.03205045
nefer_03,2007-01-02,6160.0,4.79,10.82,1.62,0.0,0.0,0.03546093
nefer_03,2007-01-03,6520.0,5.19,11.87,0.25,0.0,0.0,0.03812735
nefer_03,2007-01-04,2920.0,5.69,11.67,1.17,0.0,0.0,0.04110822
nefer_03,2007-01-05,5130.0,7.68,12.01,0.79,0.0,0.0,0.0441676
nefer_03,2007-01-06,6920.0,5.55,14.66,0.12,0.0,0.0,0.04766925
nefer_03,2007-01-07,5530.0,5.87,13.81,0.71,0.0,0.0,0.05129796
nefer_03,2007-01-08,3550.0,7.42,11.32,1.74,0.0,0.0,0.05486718
nefer_03,2007-01-09,7550.0,8.74,16.27,0.0,0.0,0.0,0.05830178
nefer_03,2007-01-10,6790.0,4.9,15.44,0.05,0.0,0.0,0.06293586
nefer_03,2007-01-11,6500.0,4.15,14.17,0.01,0.0,0.0,0.06674756
nefer_03,2007-01-12,4860.0,9.27,13.63,0.06,0.0,0.0,0.07022113
nefer_03,2007-01-13,5730.0,5.49,14.83,0.05,0.0,0.0,0.07461576
nefer_03,2007-01-14,4300.0,5.33,13.01,0.19,0.0,0.0,0.07856391
nefer_03,2007-01-15,6360.0,3.55,14.63,0.0,0.0,0.0,0.08217288
nefer_03,2007-01-16,6140.0,4.81,12.81,0.08,0.0,0.0,0.08579714
nefer_03,2007-01-17,8550.0,4.81,16.07,0.0,0.0,0.0,0.08935663
nefer_03,2007-01-18,7360.0,7.26,15.44,0.0,0.0,0.0,0.09363199
nefer_03,2007-01-19,2960.0,9.89,13.94,0.1,0.0,0.0,0.09834422
nefer_03,2007-01-20,4680.0,8.26,14.5,0.05,0.0,0.0,0.10336036
nefer_03,2007-01-21,3870.0,5.46,11.4,0.91,0.0,0.0,0.10821932
nefer_03,2007-01-22,4860.0,1.77,9.25,6.16,0.0,0.0,0.11187042
nefer_03,2007-01-23,2240.0,-0.93,3.19,6.42,0.0,0.0,0.11429149
nefer_03,2007-01-24,6170.0,-2.11,3.0,0.96,0.0,0.0,0.11479528
nefer_03,2007-01-25,7160.0,-6.8,4.0,3.52,0.0,0.0,0.1149966
nefer_03,2007-01-26,8560.0,-7.67,0.26,0.0,0.0,0.0,0.1149966
nefer_03,2007-01-27,9810.0,-6.63,2.31,0.01,0.0,0.0,0.1149966
nefer_03,2007-01-28,7380.0,-2.07,4.67,0.01,0.0,0.0,0.1149966
nefer_03,2007-01-29,6510.0,-2.56,5.23,0.05,0.0,0.0,0.11562072
nefer_03,2007-01-30,8300.0,-2.15,7.51,0.01,0.0,0.0,0.11627132
nefer_03,2007-01-31,5350.0,-0.82,5.08,0.47,0.0,0.0,0.11759712
nefer_03,2007-02-01,2970.0,-0.35,6.05,0.07,0.0,0.0,0.11866678
nefer_03,2007-02-02,3910.0,0.05,7.05,0.01,0.0,0.0,0.12011968
nefer_03,2007-02-03,7230.0,0.51,10.73,0.0,0.0,0.0,0.12195679
nefer_03,2007-02-04,8220.0,1.61,12.26,0.01,0.0,0.0,0.12490907
nefer_03,2007-02-05,7270.0,4.55,12.37,0.47,0.0,0.0,0.1286071
nefer_03,2007-02-06,3480.0,4.94,9.21,2.94,0.0,0.0,0.1331862
nefer_03,2007-02-07,6190.0,4.12,10.71,2.23,0.0,0.0,0.13707311
nefer_03,2007-02-08,3300.0,4.05,12.08,4.46,0.0,0.0,0.14120775
nefer_03,2007-02-09,8090.0,2.06,11.17,3.92,0.0,0.0,0.14577185
nefer_03,2007-02-10,8270.0,3.76,12.23,6.56,0.0,0.0,0.14957092
nefer_03,2007-02-11,8090.0,5.79,16.76,8.07,0.0,0.0,0.15423038
nefer_03,2007-02-12,4550.0,6.15,13.23,14.37,0.0,0.0,0.16089798
nefer_03,2007-02-13,12590.0,4.18,12.66,1.0,0.0,0.0,0.16671207
nefer_03,2007-02-14,5570.0,6.59,17.51,2.19,0.0,0.0,0.17183759
nefer_03,2007-02-15,14010.0,2.69,16.39,0.02,0.0,0.0,0.17927884
nefer_03,2007-02-16,12450.0,3.02,18.41,0.0,0.0,0.0,0.1852547
nefer_03,2007-02-17,3960.0,5.47,13.38,1.05,0.0,0.0,0.19206237
nefer_03,2007-02-18,3900.0,4.66,7.58,5.23,0.0,0.0,0.19813534
nefer_03,2007-02-19,13160.0,3.64,13.79,0.04,0.0,0.0,0.20213425
nefer_03,2007-02-20,9830.0,3.86,14.58,0.12,0.0,0.0,0.20790838
nefer_03,2007-02-21,4370.0,4.75,11.08,1.78,0.0,0.0,0.21410186
nefer_03,2007-02-22,6490.0,3.48,14.87,0.0,0.0,0.0,0.21949193
nefer_03,2007-02-23,12910.0,5.35,16.18,3.06,0.0,0.0,0.22582544
nefer_03,2007-02-24,7370.0,7.22,12.26,5.57,0.0,0.0,0.23335729
nefer_03,2007-02-25,5630.0,7.23,10.56,10.17,0.0,0.0,0.24026365
nefer_03,2007-02-26,7860.0,7.12,11.2,7.88,0.0,0.0,0.246655
nefer_03,2007-02-27,8450.0,7.12,12.94,0.95,0.0,0.0,0.25332386
nefer_03,2007-02-28,7250.0,5.6,15.51,0.98,0.0,0.0,0.26072195
nefer_03,2007-03-01,11050.0,4.82,15.8,0.02,0.0,0.0,0.2686086
nefer_03,2007-03-02,8060.0,10.16,15.98,0.59,0.0,0.0,0.27641158
nefer_03,2007-03-03,6630.0,11.05,16.12,1.25,0.0,0.0,0.28642997
nefer_03,2007-03-04,14120.0,8.25,24.08,0.08,0.0,0.0,0.29697518
nefer_03,2007-03-05,12570.0,6.18,13.66,1.16,0.0,0.0,0.30968084
nefer_03,2007-03-06,6700.0,6.11,15.82,1.03,0.0,80.0,0.3175751
nefer_03,2007-03-07,6880.0,5.72,15.34,10.54,0.0,0.0,0.32640875
nefer_03,2007-03-08,8660.0,3.97,11.83,5.27,0.0,0.0,0.33499581
nefer_03,2007-03-09,11240.0,4.35,12.31,0.1,0.0,0.0,0.3415163
nefer_03,2007-03-10,17300.0,1.04,11.94,0.0,0.0,0.0,0.34847438
nefer_03,2007-03-11,17990.0,0.27,13.44,0.04,0.0,0.0,0.35396011
nefer_03,2007-03-12,17680.0,1.76,15.98,0.0,0.0,0.0,0.35982278
nefer_03,2007-03-13,17560.0,2.87,16.78,0.04,0.0,0.0,0.36749753
nefer_03,2007-03-14,16510.0,4.41,17.48,0.0,0.0,0.0,0.37609717
nefer_03,2007-03-15,16920.0,6.0,18.73,0.04,0.0,0.0,0.38578722
nefer_03,2007-03-16,12660.0,6.78,16.23,0.0,0.0,0.0,0.39685909
nefer_03,2007-03-17,18290.0,5.47,13.69,0.01,0.0,0.0,0.40727714
nefer_03,2007-03-18,8610.0,7.18,12.19,2.18,0.0,0.0,0.41604903
nefer_03,2007-03-19,7900.0,2.26,7.98,11.5,0.0,0.0,0.4250153
nefer_03,2007-03-20,9610.0,0.84,5.3,1.62,0.0,0.0,0.42980736
nefer_03,2007-03-21,9550.0,0.34,6.22,1.18,0.0,0.0,0.43271198
nefer_03,2007-03-22,10140.0,0.15,6.99,0.88,0.0,0.0,0.43584872
nefer_03,2007-03-23,10460.0,-0.1,8.87,6.94,0.0,0.0,0.43929923
nefer_03,2007-03-24,7520.0,3.43,7.42,6.36,0.0,0.0,0.4435823
nefer_03,2007-03-25,9630.0,2.94,7.94,5.2,0.0,0.0,0.44893673
nefer_03,2007-03-26,17480.0,2.15,14.29,0.63,0.0,0.0,0.4543617
nefer_03,2007-03-27,18610.0,3.17,16.02,1.66,0.0,0.0,0.46264332
nefer_03,2007-03-28,9930.0,5.36,12.51,2.33,0.0,0.0,0.47240875
nefer_03,2007-03-29,13600.0,3.18,12.81,2.3,0.0,0.0,0.48159427
nefer_03,2007-03-30,12320.0,4.8,9.77,7.3,0.0,0.0,0.48989564
nefer_03,2007-03-31,8330.0,3.77,10.78,5.07,0.0,0.0,0.49753475
nefer_03,2007-04-01,13920.0,3.94,17.28,1.36,0.0,0.0,0.50523824
nefer_03,2007-04-02,13110.0,9.73,16.3,1.84,0.0,0.0,0.5165824
nefer_03,2007-04-03,12500.0,7.93,14.79,2.74,0.0,0.0,0.53063199
nefer_03,2007-04-04,12420.0,2.14,9.49,5.39,0.0,0.0,0.543012
nefer_03,2007-04-05,14450.0,1.75,13.62,0.12,0.0,0.0,0.54940901
nefer_03,2007-04-06,20430.0,4.19,16.62,0.01,0.0,0.0,0.55794229
nefer_03,2007-04-07,21390.0,5.34,19.01,0.23,0.0,0.0,0.56960288
nefer_03,2007-04-08,22060.0,5.7,19.73,0.13,0.0,0.0,0.58337229
nefer_03,2007-04-09,22010.0,7.37,18.95,2.39,0.0,0.0,0.59788311
nefer_03,2007-04-10,17180.0,8.47,19.05,0.06,0.0,0.0,0.61303695
nefer_03,2007-04-11,18730.0,7.53,19.39,0.08,0.0,0.0,0.62902288
nefer_03,2007-04-12,11090.0,7.18,18.26,6.19,0.0,0.0,0.64479822
nefer_03,2007-04-13,5660.0,10.14,16.97,5.27,0.0,0.0,0.65983647
nefer_03,2007-04-14,7940.0,9.78,16.8,4.36,0.0,0.0,0.67600042
nefer_03,2007-04-15,11520.0,9.71,19.98,1.61,0.0,0.0,0.69198397
nefer_03,2007-04-16,9080.0,11.88,19.19,6.0,0.0,0.0,0.70998885
nefer_03,2007-04-17,16210.0,11.53,19.73,2.68,0.0,0.0,0.72898847
nefer_03,2007-04-18,18610.0,10.88,22.01,0.03,0.0,0.0,0.74826274
nefer_03,2007-04-19,23790.0,9.67,23.15,0.13,0.0,0.0,0.76870835
nefer_03,2007-04-20,23920.0,12.08,23.72,0.49,0.0,0.0,0.78927594
nefer_03,2007-04-21,22860.0,11.78,24.21,0.01,0.0,0.0,0.81189102
nefer_03,2007-04-22,23870.0,13.26,24.6,0.11,0.0,0.0,0.83480646
nefer_03,2007-04-23,24970.0,13.35,25.79,0.01,0.0,0.0,0.85910161
nefer_03,2007-04-24,25540.0,15.15,26.66,0.01,0.0,0.0,0.88441284
nefer_03,2007-04-25,15140.0,12.32,21.75,0.3,0.0,0.0,0.91165784
nefer_03,2007-04-26,19330.0,11.88,22.01,2.24,0.0,60.0,0.93402719
nefer_03,2007-04-27,18540.0,11.29,22.21,1.44,0.0,0.0,0.95644472
nefer_03,2007-04-28,22170.0,9.65,21.98,3.13,0.0,0.0,0.97876789
nefer_03,2007-04-29,20960.0,10.76,21.37,4.96,0.0,0.0,0.9999986
nefer_03,2007-04-30,22590.0,9.58,22.4,4.58,0.0,0.0,1.0
nefer_03,2007-05-01,5290.0,7.55,12.18,29.79,0.0,0.0,1.01332084
nefer_03,2007-05-02,16710.0,7.69,15.38,3.64,0.0,0.0,1.02153911
nefer_03,2007-05-03,17750.0,7.38,16.45,4.38,0.0,0.0,1.03114861
nefer_03,2007-05-04,14170.0,8.71,17.26,6.33,0.0,0.0,1.04107468
nefer_03,2007-05-05,11060.0,9.61,15.89,3.0,0.0,0.0,1.05189213
nefer_03,2007-05-06,17710.0,10.26,19.0,2.17,0.0,0.0,1.06251382
nefer_03,2007-05-07,10930.0,9.94,18.58,0.25,0.0,0.0,1.07470168
nefer_03,2007-05-08,15090.0,11.06,20.38,0.02,0.0,0.0,1.0865813
nefer_03,2007-05-09,25470.0,9.38,22.51,0.03,0.0,0.0,1.09967721
nefer_03,2007-05-10,28010.0,10.7,28.68,0.1,0.0,0.0,1.11296057
nefer_03,2007-05-11,25480.0,12.59,22.78,0.08,0.0,0.0,1.12936378
nefer_03,2007-05-12,26390.0,11.03,24.38,0.04,0.0,0.0,1.14409668
nefer_03,2007-05-13,23450.0,14.28,27.55,0.33,0.0,0.0,1.15884624
nefer_03,2007-05-14,12480.0,8.98,15.93,19.66,0.0,0.0,1.17626997
nefer_03,2007-05-15,22720.0,8.3,17.12,0.6,0.0,0.0,1.1866459
nefer_03,2007-05-16,11950.0,9.42,17.2,2.24,0.0,0.0,1.19723426
nefer_03,2007-05-17,9410.0,11.15,18.51,1.8,0.0,0.0,1.20832246
nefer_03,2007-05-18,16090.0,12.34,23.01,0.16,0.0,0.0,1.22067694
nefer_03,2007-05-19,10060.0,14.64,21.36,6.05,0.0,0.0,1.23540151
nefer_03,2007-05-20,16310.0,12.83,25.29,0.42,0.0,0.0,1.25039683
nefer_03,2007-05-21,20040.0,10.81,23.8,0.29,0.0,0.0,1.2662752
nefer_03,2007-05-22,19120.0,10.97,25.29,0.05,0.0,0.0,1.28069153
nefer_03,2007-05-23,24510.0,14.62,28.15,0.15,0.0,0.0,1.29579515
nefer_03,2007-05-24,24720.0,16.08,28.94,1.19,0.0,0.0,1.31361042
nefer_03,2007-05-25,14620.0,14.41,25.69,7.89,0.0,0.0,1.3323629
nefer_03,2007-05-26,6270.0,9.85,17.2,24.81,0.0,0.0,1.34906602
nefer_03,2007-05-27,19300.0,8.59,19.34,5.78,0.0,0.0,1.36033334
nefer_03,2007-05-28,16210.0,7.96,14.37,8.95,0.0,0.0,1.3719672
nefer_03,2007-05-29,17560.0,7.98,17.21,0.51,0.0,0.0,1.38126847
nefer_03,2007-05-30,25430.0,9.84,23.63,2.24,0.0,0.0,1.39176102
nefer_03,2007-05-31,10490.0,11.46,20.05,3.72,0.0,0.0,1.40570251
nefer_03,2007-06-01,19460.0,8.76,17.62,4.85,0.0,0.0,1.41882757
nefer_03,2007-06-02,18470.0,10.07,18.99,0.46,0.0,0.0,1.42981581
nefer_03,2007-06-03,21310.0,10.66,22.6,1.26,0.0,0.0,1.44192036
nefer_03,2007-06-04,8180.0,13.63,18.51,14.05,0.0,0.0,1.45577437
nefer_03,2007-06-05,17360.0,12.44,21.43,0.5,0.0,0.0,1.46916186
nefer_03,2007-06-06,15130.0,14.46,20.87,5.67,0.0,0.0,1.48326996
nefer_03,2007-06-07,25270.0,13.91,24.12,0.12,0.0,0.0,1.49798619
nefer_03,2007-06-08,28380.0,15.87,27.87,0.14,0.0,0.0,1.51382708
nefer_03,2007-06-09,25310.0,17.2,28.98,0.15,0.0,0.0,1.53204639
nefer_03,2007-06-10,21450.0,18.04,26.76,4.0,0.0,0.0,1.55128206
nefer_03,2007-06-11,24460.0,16.29,25.19,2.7,0.0,0.0,1.5699429
nefer_03,2007-06-12,28870.0,15.54,27.13,0.13,0.0,0.0,1.58722084
nefer_03,2007-06-13,24270.0,17.26,28.33,1.64,0.0,0.0,1.60499445
nefer_03,2007-06-14,18260.0,18.46,26.56,8.51,0.0,0.0,1.62398436
nefer_03,2007-06-15,21410.0,15.15,23.36,2.01,0.0,0.0,1.64273684
nefer_03,2007-06-16,25370.0,13.55,24.47,1.18,0.0,0.0,1.65877766
nefer_03,2007-06-17,16820.0,16.42,26.44,0.65,0.0,0.0,1.67461438
nefer_03,2007-06-18,23790.0,18.37,28.45,0.25,0.0,0.0,1.69246714
nefer_03,2007-06-19,21570.0,16.58,31.3,0.6,0.0,0.0,1.71196939
nefer_03,2007-06-20,24340.0,15.09,27.92,4.47,0.0,0.0,1.73191316
nefer_03,2007-06-21,23290.0,14.51,23.08,4.43,0.0,0.0,1.7498284
nefer_03,2007-06-22,20570.0,13.02,22.2,0.98,0.0,0.0,1.76548601
nefer_03,2007-06-23,21460.0,11.05,24.17,0.01,0.0,0.0,1.78015643
nefer_03,2007-06-24,22030.0,13.74,27.55,2.06,0.0,0.0,1.79482685
nefer_03,2007-06-25,6850.0,11.63,20.33,1.68,0.0,0.0,1.81202565
nefer_03,2007-06-26,20950.0,11.51,21.01,1.0,0.0,0.0,1.82533816
nefer_03,2007-06-27,16620.0,11.11,20.24,0.36,0.0,0.0,1.83888393
nefer_03,2007-06-28,28740.0,8.37,23.68,0.0,0.0,0.0,1.85194236
nefer_03,2007-06-29,20190.0,12.4,24.28,0.1,0.0,0.0,1.86529235
nefer_03,2007-06-30,27510.0,12.19,31.98,0.0,0.0,0.0,1.88057092
nefer_03,2007-07-01,9440.0,16.02,22.87,0.73,0.0,0.0,1.89896934
nefer_03,2007-07-02,15950.0,13.68,23.91,1.7,0.0,0.0,1.91516845
nefer_03,2007-07-03,19510.0,13.73,27.19,1.78,0.0,0.0,1.93082606
nefer_03,2007-07-04,21650.0,13.25,21.16,2.0,0.0,0.0,1.94787074
nefer_03,2007-07-05,27060.0,13.12,24.44,0.01,0.0,0.0,1.96220376
nefer_03,2007-07-06,29080.0,13.95,29.11,0.0,0.0,0.0,1.97784888
nefer_03,2007-07-07,28570.0,16.93,31.62,0.02,0.0,0.0,1.99578495
nefer_03,2007-07-08,9680.0,16.65,28.09,2.82,0.0,0.0,2.0
nefer_03,2007-07-09,17640.0,12.45,21.7,2.59,0.0,0.0,2.0
nefer_03,2007-07-10,23490.0,11.58,22.3,1.39,0.0,0.0,2.0
nefer_03,2007-07-11,14380.0,13.05,23.15,2.64,0.0,0.0,2.0
nefer_03,2007-07-12,26640.0,13.49,26.3,0.06,0.0,0.0,2.0
nefer_03,2007-07-13,29380.0,13.94,33.32,0.08,0.0,0.0,2.0
nefer_03,2007-07-14,26950.0,18.86,32.92,0.0,0.0,0.0,2.0
nefer_03,2007-07-15,28040.0,17.88,36.97,0.0,0.0,0.0,2.0
nefer_03,2007-07-16,20470.0,16.6,31.15,0.14,0.0,0.0,2.0
nefer_03,2007-07-17,24680.0,16.97,30.76,0.23,0.0,0.0,2.0
nefer_03,2007-07-18,19670.0,17.14,29.54,0.14,0.0,0.0,2.0
nefer_03,2007-07-19,20230.0,16.32,30.56,0.27,0.0,0.0,2.0
nefer_03,2007-07-20,11410.0,15.87,23.57,1.79,0.0,0.0,2.0
nefer_03,2007-07-21,8490.0,13.68,20.18,3.98,0.0,0.0,2.0
nefer_03,2007-07-22,23980.0,11.71,29.3,0.46,0.0,0.0,2.0
nefer_03,2007-07-23,13160.0,16.35,27.12,1.25,0.0,0.0,2.0
nefer_03,2007-07-24,23790.0,13.99,24.99,1.17,0.0,0.0,2.0
nefer_03,2007-07-25,29270.0,11.87,28.23,0.0,0.0,0.0,2.0
nefer_03,2007-07-26,28510.0,16.54,33.27,0.0,0.0,0.0,2.0
nefer_03,2007-07-27,23570.0,15.99,30.83,0.0,0.0,0.0,2.0
nefer_03,2007-07-28,22790.0,16.8,30.7,0.04,0.0,0.0,2.0
nefer_03,2007-07-29,21470.0,17.4,29.55,0.08,0.0,0.0,2.0
nefer_03,2007-07-30,16980.0,16.9,28.33,0.05,0.0,0.0,2.0
nefer_03,2007-07-31,26750.0,14.38,31.19,0.0,0.0,0.0,2.0
nefer_03,2007-08-01,24130.0,17.7,37.29,0.1,0.0,0.0,2.0
nefer_03,2007-08-02,19760.0,16.69,28.26,0.55,0.0,0.0,2.0
nefer_03,2007-08-03,27190.0,13.65,28.55,0.0,0.0,0.0,2.0
nefer_03,2007-08-04,27980.0,15.91,33.58,0.0,0.0,0.0,2.0
nefer_03,2007-08-05,25990.0,18.41,38.53,0.01,0.0,0.0,2.0
nefer_03,2007-08-06,7480.0,16.61,25.51,10.06,0.0,0.0,2.0
nefer_03,2007-08-07,11060.0,13.97,20.65,5.24,0.0,0.0,2.0
nefer_03,2007-08-08,22340.0,11.94,24.37,0.81,0.0,0.0,2.0
nefer_03,2007-08-09,24130.0,11.48,25.54,0.0,0.0,0.0,2.0
nefer_03,2007-08-10,24130.0,11.48,25.54,0.0,0.0,0.0,2.0
nefer_03,2007-08-11,24130.0,11.48,25.54,0.0,0.0,0.0,2.0
nefer_03,2007-08-12,24130.0,11.48,25.54,0.0,0.0,0.0,2.0
nefer_03,2007-08-13,24130.0,11.48,25.54,0.0,0.0,0.0,2.0
nefer_03,2007-08-14,24130.0,11.48,25.54,0.0,0.0,0.0,2.0
nefer_03,2007-08-15,24130.0,11.48,25.54,0.0,0.0,0.0,2.0
nefer_03,2007-08-16,24130.0,11.48,25.54,0.0,0.0,0.0,2.0
nefer_03,2007-08-17,24130.0,11.48,25.54,0.0,0.0,0.0,2.0
nefer_03,2007-08-18,24130.0,11.48,25.54,0.0,0.0,0.0,2.0
nefer_03,2007-08-19,24130.0,11.48,25.54,0.0,0.0,0.0,2.0
nefer_03,2007-08-20,24130.0,11.48,25.54,0.0,0.0,0.0,2.0
nefer_03,2007-08-21,24130.0,11.48,25.54,0.0,0.0,0.0,2.0
nefer_03,2007-08-22,24130.0,11.48,25.54,0.0,0.0,0.0,2.0
nefer_03,2007-08-23,24130.0,11.48,25.54,0.0,0.0,0.0,2.0
nefer_03,2007-08-24,24130.0,11.48,25.54,0.0,0.0,0.0,2.0
nefer_03,2007-08-25,24130.0,11.48,25.54,0.0,0.0,0.0,2.0
nefer_03,2007-08-26,24130.0,11.48,25.54,0.0,0.0,0.0,2.0
nefer_03,2007-08-27,24130.0,11.48,25.54,0.0,0.0,0.0,2.0
nefer_03,2007-08-28,24130.0,11.48,25.54,0.0,0.0,0.0,2.0
nefer_03,2007-08-29,24130.0,11.48,25.54,0.0,0.0,0.0,2.0
nefer_03,2007-08-30,24130.0,11.48,25.54,0.0,0.0,0.0,2.0
nefer_03,2007-08-31,24130.0,11.48,25.54,0.0,0.0,0.0,2.0
nefer_03,2007-09-01,24130.0,11.48,25.54,0.0,0.0,0.0,2.0
nefer_03,2007-09-02,24130.0,11.48,25.54,0.0,0.0,0.0,2.0
nefer_03,2007-09-03,24130.0,11.48,25.54,0.0,0.0,0.0,2.0
nefer_03,2007-09-04,24130.0,11.48,25.54,0.0,0.0,0.0,2.0
nefer_03,2007-09-05,24130.0,11.48,25.54,0.0,0.0,0.0,2.0
nefer_03,2007-09-06,24130.0,11.48,25.54,0.0,0.0,0.0,2.0
nefer_03,2007-09-07,24130.0,11.48,25.54,0.0,0.0,0.0,2.0
nefer_03,2007-09-08,24130.0,11.48,25.54,0.0,0.0,0.0,2.0
nefer_03,2007-09-09,24130.0,11.48,25.54,0.0,0.0,0.0,2.0
nefer_03,2007-09-10,24130.0,11.48,25.54,0.0,0.0,0.0,2.0
nefer_03,2007-09-11,24130.0,11.48,25.54,0.0,0.0,0.0,2.0
nefer_03,2007-09-12,24130.0,11.48,25.54,0.0,0.0,0.0,2.0
nefer_03,2007-09-13,24130.0,11.48,25.54,0.0,0.0,0.0,2.0
nefer_03,2007-09-14,24130.0,11.48,25.54,0.0,0.0,0.0,2.0
nefer_03,2007-09-15,24130.0,11.48,25.54,0.0,0.0,0.0,2.0
nefer_03,2007-09-16,24130.0,11.48,25.54,0.0,0.0,0.0,2.0
nefer_03,2007-09-17,24130.0,11.48,25.54,0.0,0.0,0.0,2.0
nefer_03,2007-09-18,24130.0,11.48,25.54,0.0,0.0,0.0,2.0
nefer_03,2007-09-19,24130.0,11.48,25.54,0.0,0.0,0.0,2.0
nefer_03,2007-09-20,24130.0,11.48,25.54,0.0,0.0,0.0,2.0
nefer_03,2007-09-21,24130.0,11.48,25.54,0.0,0.0,0.0,2.0
nefer_03,2007-09-22,24130.0,11.48,25.54,0.0,0.0,0.0,2.0
nefer_03,2007-09-23,24130.0,11.48,25.54,0.0,0.0,0.0,2.0
nefer_03,2007-09-24,24130.0,11.48,25.54,0.0,0.0,0.0,2.0
nefer_03,2007-09-25,24130.0,11.48,25.54,0.0,0.0,0.0,2.0
nefer_03,2007-09-26,24130.0,11.48,25.54,0.0,0.0,0.0,2.0
nefer_03,2007-09-27,24130.0,11.48,25.54,0.0,0.0,0.0,2.0
nefer_03,2007-09-28,24130.0,11.48,25.54,0.0,0.0,0.0,2.0
nefer_03,2007-09-29,24130.0,11.48,25.54,0.0,0.0,0.0,2.0
nefer_03,2007-09-30,24130.0,11.48,25.54,0.0,0.0,0.0,2.0
nefer_03,2007-10-01,24130.0,11.48,25.54,0.0,0.0,0.0,2.0
nefer_03,2007-10-02,24130.0,11.48,25.54,0.0,0.0,0.0,2.0
nefer_03,2007-10-03,24130.0,11.48,25.54,0.0,0.0,0.0,2.0
nefer_03,2007-10-04,24130.0,11.48,25.54,0.0,0.0,0.0,2.0
nefer_03,2007-10-05,24130.0,11.48,25.54,0.0,0.0,0.0,2.0
nefer_03,2007-10-06,24130.0,11.48,25.54,0.0,0.0,0.0,2.0
nefer_03,2007-10-07,24130.0,11.48,25.54,0.0,0.0,0.0,2.0
nefer_03,2007-10-08,24130.0,11.48,25.54,0.0,0.0,0.0,2.0
nefer_03,2007-10-09,24130.0,11.48,25.54,0.0,0.0,0.0,2.0
nefer_03,2007-10-10,24130.0,11.48,25.54,0.0,0.0,0.0,2.0
nefer_03,2007-10-11,24130.0,11.48,25.54,0.0,0.0,0.0,2.0
nefer_03,2007-10-12,24130.0,11.48,25.54,0.0,0.0,0.0,2.0
nefer_03,2007-10-13,24130.0,11.48,25.54,0.0,0.0,0.0,2.0
nefer_03,2007-10-14,24130.0,11.48,25.54,0.0,0.0,0.0,2.0
nefer_03,2007-10-15,24130.0,11.48,25.54,0.0,0.0,0.0,2.0
nefer_03,2007-10-16,24130.0,11.48,25.54,0.0,0.0,0.0,2.0
nefer_03,2007-10-17,24130.0,11.48,25.54,0.0,0.0,0.0,2.0
nefer_03,2007-10-18,24130.0,11.48,25.54,0.0,0.0,0.0,2.0
nefer_03,2007-10-19,24130.0,11.48,25.54,0.0,0.0,0.0,2.0
nefer_03,2007-10-20,24130.0,11.48,25.54,0.0,0.0,0.0,2.0
nefer_03,2007-10-21,24130.0,11.48,25.54,0.0,0.0,0.0,2.0
nefer_03,2007-10-22,24130.0,11.48,25.54,0.0,0.0,0.0,2.0
nefer_03,2007-10-23,24130.0,11.48,25.54,0.0,0.0,0.0,2.0
nefer_03,2007-10-24,24130.0,11.48,25.54,0.0,0.0,0.0,2.0
nefer_03,2007-10-25,24130.0,11.48,25.54,0.0,0.0,0.0,2.0
nefer_03,2007-10-26,24130.0,11.48,25.54,0.0,0.0,0.0,2.0
nefer_03,2007-10-27,24130.0,11.48,25.54,0.0,0.0,0.0,2.0
nefer_03,2007-10-28,24130.0,11.48,25.54,0.0,0.0,0.0,2.0
nefer_03,2007-10-29,24130.0,11.48,25.54,0.0,0.0,0.0,2.0
nefer_03,2007-10-30,24130.0,11.48,25.54,0.0,0.0,0.0,2.0
nefer_03,2007-10-31,24130.0,11.48,25.54,0.0,0.0,0.0,2.0
nefer_03,2007-11-01,24130.0,11.48,25.54,0.0,0.0,0.0,2.0
nefer_03,2007-11-02,24130.0,11.48,25.54,0.0,0.0,0.0,2.0
nefer_03,2007-11-03,24130.0,11.48,25.54,0.0,0.0,0.0,2.0
nefer_03,2007-11-04,24130.0,11.48,25.54,0.0,0.0,0.0,2.0
nefer_03,2007-11-05,24130.0,11.48,25.54,0.0,0.0,0.0,2.0
nefer_03,2007-11-06,24130.0,11.48,25.54,0.0,0.0,0.0,2.0
nefer_03,2007-11-07,24130.0,11.48,25.54,0.0,0.0,0.0,2.0
nefer_03,2007-11-08,24130.0,11.48,25.54,0.0,0.0,0.0,2.0
nefer_04,2006-11-09,8700.0,10.27,20.43,0.05,0.0,0.0,-0.1
nefer_04,2006-11-10,9690.0,9.6,20.09,0.12,0.0,0.0,0.0
nefer_04,2006-11-11,5030.0,8.96,16.8,1.0,0.0,0.0,0.0
nefer_04,2006-11-12,4510.0,9.46,14.4,3.26,0.0,0.0,0.0
nefer_04,2006-11-13,8570.0,8.87,15.19,0.02,0.0,0.0,0.0
nefer_04,2006-11-14,9980.0,6.29,16.24,0.06,0.0,0.0,0.0
nefer_04,2006-11-15,8890.0,6.48,22.37,0.23,0.0,0.0,0.0
nefer_04,2006-11-16,6070.0,10.41,20.05,2.74,0.0,0.0,0.0
nefer_04,2006-11-17,5650.0,6.43,14.25,1.42,0.0,0.0,0.0
nefer_04,2006-11-18,8510.0,5.77,17.28,0.7,0.0,0.0,0.0
nefer_04,2006-11-19,5530.0,7.21,15.52,5.12,0.0,0.0,0.0
nefer_04,2006-11-20,6040.0,6.48,14.84,0.5,0.0,0.0,0.0
nefer_04,2006-11-21,3810.0,9.87,15.44,18.76,0.0,0.0,0.0
nefer_04,2006-11-22,3270.0,9.11,14.06,12.7,0.0,0.0,0.0
nefer_04,2006-11-23,8560.0,10.9,20.67,0.18,0.0,0.0,0.0
nefer_04,2006-11-24,6320.0,9.29,17.85,0.78,0.0,0.0,0.000121
nefer_04,2006-11-25,3040.0,12.3,18.12,0.43,0.0,0.0,0.00025283
nefer_04,2006-11-26,4130.0,10.85,16.91,1.14,0.0,0.0,0.00048986
nefer_04,2006-11-27,8260.0,8.5,18.66,0.06,0.0,0.0,0.0007462
nefer_04,2006-11-28,4290.0,6.46,14.78,2.17,0.0,0.0,0.00106595
nefer_04,2006-11-29,5590.0,5.03,12.53,0.31,0.0,0.0,0.00137395
nefer_04,2006-11-30,6820.0,3.48,12.68,0.02,0.0,0.0,0.00171852
nefer_04,2006-12-01,7590.0,2.8,17.04,0.12,0.0,0.0,0.00212467
nefer_04,2006-12-02,4450.0,6.71,15.24,0.08,0.0,0.0,0.00273018
nefer_04,2006-12-03,6010.0,6.92,17.26,1.12,0.0,0.0,0.00351578
nefer_04,2006-12-04,4150.0,9.41,18.17,0.32,0.0,0.0,0.00448738
nefer_04,2006-12-05,7210.0,8.88,19.83,1.64,0.0,0.0,0.00569034
nefer_04,2006-12-06,4980.0,6.05,11.88,10.53,0.0,0.0,0.00700171
nefer_04,2006-12-07,2760.0,4.69,11.33,2.27,0.0,0.0,0.0078494
nefer_04,2006-12-08,2220.0,4.45,10.98,11.62,0.0,0.0,0.00868549
nefer_04,2006-12-09,5140.0,5.18,9.06,4.68,0.0,0.0,0.00956562
nefer_04,2006-12-10,3530.0,3.35,7.61,1.71,0.0,0.0,0.01044618
nefer_04,2006-12-11,7240.0,1.95,9.8,0.04,0.0,0.0,0.01117601
nefer_04,2006-12-12,4760.0,4.2,10.41,0.14,0.0,0.0,0.01201391
nefer_04,2006-12-13,3990.0,0.79,7.41,0.11,0.0,0.0,0.01312439
nefer_04,2006-12-14,7340.0,-0.06,10.62,0.06,0.0,0.0,0.01378608
nefer_04,2006-12-15,6620.0,1.98,14.41,0.16,0.0,0.0,0.01468767
nefer_04,2006-12-16,5950.0,4.15,13.27,0.06,0.0,0.0,0.01616392
nefer_04,2006-12-17,2580.0,2.12,8.18,0.8,0.0,0.0,0.01781502
nefer_04,2006-12-18,3910.0,1.12,6.11,0.85,0.0,0.0,0.01884012
nefer_04,2006-12-19,5230.0,-3.23,4.35,0.2,0.0,0.0,0.01959424
nefer_04,2006-12-20,6560.0,-3.56,4.66,0.01,0.0,0.0,0.01971648
nefer_04,2006-12-21,5390.0,-3.47,4.24,0.05,0.0,0.0,0.01983999
nefer_04,2006-12-22,5520.0,-2.56,3.75,0.05,0.0,0.0,0.01992893
nefer_04,2006-12-23,5280.0,-1.52,5.58,0.01,0.0,0.0,0.02007016
nefer_04,2006-12-24,3290.0,-3.48,3.94,0.01,0.0,0.0,0.02056585
nefer_04,2006-12-25,3180.0,-4.35,1.4,0.0,0.0,0.0,0.0206241
nefer_04,2006-12-26,6480.0,-4.36,4.46,0.0,0.0,0.0,0.0206241
nefer_04,2006-12-27,7600.0,2.73,10.4,0.05,0.0,0.0,0.02063732
nefer_04,2006-12-28,7470.0,0.48,10.48,0.0,0.0,0.0,0.0224181
nefer_04,2006-12-29,7490.0,1.7,10.86,0.05,0.0,0.0,0.02396692
nefer_04,2006-12-30,6680.0,2.75,14.4,0.05,0.0,0.0,0.02581509
nefer_04,2006-12-31,6330.0,6.26,16.4,0.0,0.0,0.0,0.02844128
nefer_04,2007-01-01,3300.0,7.57,13.15,2.34,0.0,0.0,0.03205045
nefer_04,2007-01-02,6160.0,4.79,10.82,1.62,0.0,0.0,0.03546093
nefer_04,2007-01-03,6520.0,5.19,11.87,0.25,0.0,0.0,0.03812735
nefer_04,2007-01-04,2920.0,5.69,11.67,1.17,0.0,0.0,0.04110822
nefer_04,2007-01-05,5130.0,7.68,12.01,0.79,0.0,0.0,0.0441676
nefer_04,2007-01-06,6920.0,5.55,14.66,0.12,0.0,0.0,0.04766925
nefer_04,2007-01-07,5530.0,5.87,13.81,0.71,0.0,0.0,0.05129796
nefer_04,2007-01-08,3550.0,7.42,11.32,1.74,0.0,0.0,0.05486718
nefer_04,2007-01-09,7550.0,8.74,16.27,0.0,0.0,0.0,0.05830178
nefer_04,2007-01-10,6790.0,4.9,15.44,0.05,0.0,0.0,0.06293586
nefer_04,2007-01-11,6500.0,4.15,14.17,0.01,0.0,0.0,0.06674756
nefer_04,2007-01-12,4860.0,9.27,13.63,0.06,0.0,0.0,0.07022113
nefer_04,2007-01-13,5730.0,5.49,14.83,0.05,0.0,0.0,0.07461576
nefer_04,2007-01-14,4300.0,5.33,13.01,0.19,0.0,0.0,0.07856391
nefer_04,2007-01-15,6360.0,3.55,14.63,0.0,0.0,0.0,0.08217288
nefer_04,2007-01-16,6140.0,4.81,12.81,0.08,0.0,0.0,0.08579714
nefer_04,2007-01-17,8550.0,4.81,16.07,0.0,0.0,0.0,0.08935663
nefer_04,2007-01-18,7360.0,7.26,15.44,0.0,0.0,0.0,0.09363199
nefer_04,2007-01-19,2960.0,9.89,13.94,0.1,0.0,0.0,0.09834422
nefer_04,2007-01-20,4680.0,8.26,14.5,0.05,0.0,0.0,0.10336036
nefer_04,2007-01-21,3870.0,5.46,11.4,0.91,0.0,0.0,0.10821932
nefer_04,2007-01-22,4860.0,1.77,9.25,6.16,0.0,0.0,0.11187042
nefer_04,2007-01-23,2240.0,-0.93,3.19,6.42,0.0,0.0,0.11429149
nefer_04,2007-01-24,6170.0,-2.11,3.0,0.96,0.0,0.0,0.11479528
nefer_04,2007-01-25,7160.0,-6.8,4.0,3.52,0.0,0.0,0.1149966
nefer_04,2007-01-26,8560.0,-7.67,0.26,0.0,0.0,0.0,0.1149966
nefer_04,2007-01-27,9810.0,-6.63,2.31,0.01,0.0,0.0,0.1149966
nefer_04,2007-01-28,7380.0,-2.07,4.67,0.01,0.0,0.0,0.1149966
nefer_04,2007-01-29,6510.0,-2.56,5.23,0.05,0.0,0.0,0.11562072
nefer_04,2007-01-30,8300.0,-2.15,7.51,0.01,0.0,0.0,0.11627132
nefer_04,2007-01-31,5350.0,-0.82,5.08,0.47,0.0,0.0,0.11759712
nefer_04,2007-02-01,2970.0,-0.35,6.05,0.07,0.0,0.0,0.11866678
nefer_04,2007-02-02,3910.0,0.05,7.05,0.01,0.0,0.0,0.12011968
nefer_04,2007-02-03,7230.0,0.51,10.73,0.0,0.0,0.0,0.12195679
nefer_04,2007-02-04,8220.0,1.61,12.26,0.01,0.0,0.0,0.12490907
nefer_04,2007-02-05,7270.0,4.55,12.37,0.47,0.0,0.0,0.1286071
nefer_04,2007-02-06,3480.0,4.94,9.21,2.94,0.0,0.0,0.1331862
nefer_04,2007-02-07,6190.0,4.12,10.71,2.23,0.0,0.0,0.13707311
nefer_04,2007-02-08,3300.0,4.05,12.08,4.46,0.0,0.0,0.14120775
nefer_04,2007-02-09,8090.0,2.06,11.17,3.92,0.0,0.0,0.14577185
nefer_04,2007-02-10,8270.0,3.76,12.23,6.56,0.0,0.0,0.14957092
nefer_04,2007-02-11,8090.0,5.79,16.76,8.07,0.0,0.0,0.15423038
nefer_04,2007-02-12,4550.0,6.15,13.23,14.37,0.0,0.0,0.16089798
nefer_04,2007-02-13,12590.0,4.18,12.66,1.0,0.0,0.0,0.16671207
nefer_04,2007-02-14,5570.0,6.59,17.51,2.19,0.0,0.0,0.17183759
nefer_04,2007-02-15,14010.0,2.69,16.39,0.02,0.0,0.0,0.17927884
nefer_04,2007-02-16,12450.0,3.02,18.41,0.0,0.0,0.0,0.1852547
nefer_04,2007-02-17,3960.0,5.47,13.38,1.05,0.0,0.0,0.19206237
nefer_04,2007-02-18,3900.0,4.66,7.58,5.23,0.0,0.0,0.19813534
nefer_04,2007-02-19,13160.0,3.64,13.79,0.04,0.0,0.0,0.20213425
nefer_04,2007-02-20,9830.0,3.86,14.58,0.12,0.0,0.0,0.20790838
nefer_04,2007-02-21,4370.0,4.75,11.08,1.78,0.0,0.0,0.21410186
nefer_04,2007-02-22,6490.0,3.48,14.87,0.0,0.0,0.0,0.21949193
nefer_04,2007-02-23,12910.0,5.35,16.18,3.06,0.0,0.0,0.22582544
nefer_04,2007-02-24,7370.0,7.22,12.26,5.57,0.0,0.0,0.23335729
nefer_04,2007-02-25,5630.0,7.23,10.56,10.17,0.0,0.0,0.24026365
nefer_04,2007-02-26,7860.0,7.12,11.2,7.88,0.0,0.0,0.246655
nefer_04,2007-02-27,8450.0,7.12,12.94,0.95,0.0,0.0,0.25332386
nefer_04,2007-02-28,7250.0,5.6,15.51,0.98,0.0,0.0,0.26072195
nefer_04,2007-03-01,11050.0,4.82,15.8,0.02,0.0,0.0,0.2686086
nefer_04,2007-03-02,8060.0,10.16,15.98,0.59,0.0,0.0,0.27641158
nefer_04,2007-03-03,6630.0,11.05,16.12,1.25,0.0,0.0,0.28642997
nefer_04,2007-03-04,14120.0,8.25,24.08,0.08,0.0,0.0,0.29697518
nefer_04,2007-03-05,12570.0,6.18,13.66,1.16,0.0,0.0,0.30968084
nefer_04,2007-03-06,6700.0,6.11,15.82,1.03,0.0,0.0,0.3175751
nefer_04,2007-03-07,6880.0,5.72,15.34,10.54,0.0,0.0,0.32640875
nefer_04,2007-03-08,8660.0,3.97,11.83,5.27,0.0,0.0,0.33499581
nefer_04,2007-03-09,11240.0,4.35,12.31,0.1,0.0,0.0,0.3415163
nefer_04,2007-03-10,17300.0,1.04,11.94,0.0,0.0,0.0,0.34847438
nefer_04,2007-03-11,17990.0,0.27,13.44,0.04,0.0,0.0,0.35396011
nefer_04,2007-03-12,17680.0,1.76,15.98,0.0,0.0,0.0,0.35982278
nefer_04,2007-03-13,17560.0,2.87,16.78,0.04,0.0,0.0,0.36749753
nefer_04,2007-03-14,16510.0,4.41,17.48,0.0,0.0,0.0,0.37609717
nefer_04,2007-03-15,16920.0,6.0,18.73,0.04,0.0,0.0,0.38578722
nefer_04,2007-03-16,12660.0,6.78,16.23,0.0,0.0,0.0,0.39685909
nefer_04,2007-03-17,18290.0,5.47,13.69,0.01,0.0,0.0,0.40727714
nefer_04,2007-03-18,8610.0,7.18,12.19,2.18,0.0,0.0,0.41604903
nefer_04,2007-03-19,7900.0,2.26,7.98,11.5,0.0,0.0,0.4250153
nefer_04,2007-03-20,9610.0,0.84,5.3,1.62,0.0,0.0,0.42980736
nefer_04,2007-03-21,9550.0,0.34,6.22,1.18,0.0,0.0,0.43271198
nefer_04,2007-03-22,10140.0,0.15,6.99,0.88,0.0,0.0,0.43584872
nefer_04,2007-03-23,10460.0,-0.1,8.87,6.94,0.0,0.0,0.43929923
nefer_04,2007-03-24,7520.0,3.43,7.42,6.36,0.0,0.0,0.4435823
nefer_04,2007-03-25,9630.0,2.94,7.94,5.2,0.0,0.0,0.44893673
nefer_04,2007-03-26,17480.0,2.15,14.29,0.63,0.0,0.0,0.4543617
nefer_04,2007-03-27,18610.0,3.17,16.02,1.66,0.0,0.0,0.46264332
nefer_04,2007-03-28,9930.0,5.36,12.51,2.33,0.0,0.0,0.47240875
nefer_04,2007-03-29,13600.0,3.18,12.81,2.3,0.0,0.0,0.48159427
nefer_04,2007-03-30,12320.0,4.8,9.77,7.3,0.0,0.0,0.48989564
nefer_04,2007-03-31,8330.0,3.77,10.78,5.07,0.0,0.0,0.49753475
nefer_04,2007-04-01,13920.0,3.94,17.28,1.36,0.0,0.0,0.50523824
nefer_04,2007-04-02,13110.0,9.73,16.3,1.84,0.0,0.0,0.5165824
nefer_04,2007-04-03,12500.0,7.93,14.79,2.74,0.0,0.0,0.53063199
nefer_04,2007-04-04,12420.0,2.14,9.49,5.39,0.0,0.0,0.543012
nefer_04,2007-04-05,14450.0,1.75,13.62,0.12,0.0,0.0,0.54940901
nefer_04,2007-04-06,20430.0,4.19,16.62,0.01,0.0,0.0,0.55794229
nefer_04,2007-04-07,21390.0,5.34,19.01,0.23,0.0,0.0,0.56960288
nefer_04,2007-04-08,22060.0,5.7,19.73,0.13,0.0,0.0,0.58337229
nefer_04,2007-04-09,22010.0,7.37,18.95,2.39,0.0,0.0,0.59788311
nefer_04,2007-04-10,17180.0,8.47,19.05,0.06,0.0,0.0,0.61303695
nefer_04,2007-04-11,18730.0,7.53,19.39,0.08,0.0,0.0,0.62902288
nefer_04,2007-04-12,11090.0,7.18,18.26,6.19,0.0,0.0,0.64479822
nefer_04,2007-04-13,5660.0,10.14,16.97,5.27,0.0,0.0,0.65983647
nefer_04,2007-04-14,7940.0,9.78,16.8,4.36,0.0,0.0,0.67600042
nefer_04,2007-04-15,11520.0,9.71,19.98,1.61,0.0,0.0,0.69198397
nefer_04,2007-04-16,9080.0,11.88,19.19,6.0,0.0,0.0,0.70998885
nefer_04,2007-04-17,16210.0,11.53,19.73,2.68,0.0,0.0,0.72898847
nefer_04,2007-04-18,18610.0,10.88,22.01,0.03,0.0,0.0,0.74826274
nefer_04,2007-04-19,23790.0,9.67,23.15,0.13,0.0,0.0,0.76870835
nefer_04,2007-04-20,23920.0,12.08,23.72,0.49,0.0,0.0,0.78927594
nefer_04,2007-04-21,22860.0,11.78,24.21,0.01,0.0,0.0,0.81189102
nefer_04,2007-04-22,23870.0,13.26,24.6,0.11,0.0,0.0,0.83480646
nefer_04,2007-04-23,24970.0,13.35,25.79,0.01,0.0,0.0,0.85910161
nefer_04,2007-04-24,25540.0,15.15,26.66,0.01,0.0,0.0,0.88441284
nefer_04,2007-04-25,15140.0,12.32,21.75,0.3,0.0,0.0,0.91165784
nefer_04,2007-04-26,19330.0,11.88,22.01,2.24,0.0,0.0,0.93402719
nefer_04,2007-04-27,18540.0,11.29,22.21,1.44,0.0,0.0,0.95644472
nefer_04,2007-04-28,22170.0,9.65,21.98,3.13,0.0,0.0,0.97876789
nefer_04,2007-04-29,20960.0,10.76,21.37,4.96,0.0,0.0,0.9999986
nefer_04,2007-04-30,22590.0,9.58,22.4,4.58,0.0,0.0,1.0
nefer_04,2007-05-01,5290.0,7.55,12.18,29.79,0.0,0.0,1.01332084
nefer_04,2007-05-02,16710.0,7.69,15.38,3.64,0.0,0.0,1.02153911
nefer_04,2007-05-03,17750.0,7.38,16.45,4.38,0.0,0.0,1.03114861
nefer_04,2007-05-04,14170.0,8.71,17.26,6.33,0.0,0.0,1.04107468
nefer_04,2007-05-05,11060.0,9.61,15.89,3.0,0.0,0.0,1.05189213
nefer_04,2007-05-06,17710.0,10.26,19.0,2.17,0.0,0.0,1.06251382
nefer_04,2007-05-07,10930.0,9.94,18.58,0.25,0.0,0.0,1.07470168
nefer_04,2007-05-08,15090.0,11.06,20.38,0.02,0.0,0.0,1.0865813
nefer_04,2007-05-09,25470.0,9.38,22.51,0.03,0.0,0.0,1.09967721
nefer_04,2007-05-10,28010.0,10.7,28.68,0.1,0.0,0.0,1.11296057
nefer_04,2007-05-11,25480.0,12.59,22.78,0.08,0.0,0.0,1.12936378
nefer_04,2007-05-12,26390.0,11.03,24.38,0.04,0.0,0.0,1.14409668
nefer_04,2007-05-13,23450.0,14.28,27.55,0.33,0.0,0.0,1.15884624
nefer_04,2007-05-14,12480.0,8.98,15.93,19.66,0.0,0.0,1.17626997
nefer_04,2007-05-15,22720.0,8.3,17.12,0.6,0.0,0.0,1.1866459
nefer_04,2007-05-16,11950.0,9.42,17.2,2.24,0.0,0.0,1.19723426
nefer_04,2007-05-17,9410.0,11.15,18.51,1.8,0.0,0.0,1.20832246
nefer_04,2007-05-18,16090.0,12.34,23.01,0.16,0.0,0.0,1.22067694
nefer_04,2007-05-19,10060.0,14.64,21.36,6.05,0.0,0.0,1.23540151
nefer_04,2007-05-20,16310.0,12.83,25.29,0.42,0.0,0.0,1.25039683
nefer_04,2007-05-21,20040.0,10.81,23.8,0.29,0.0,0.0,1.2662752
nefer_04,2007-05-22,19120.0,10.97,25.29,0.05,0.0,0.0,1.28069153
nefer_04,2007-05-23,24510.0,14.62,28.15,0.15,0.0,0.0,1.29579515
nefer_04,2007-05-24,24720.0,16.08,28.94,1.19,0.0,0.0,1.31361042
nefer_04,2007-05-25,14620.0,14.41,25.69,7.89,0.0,0.0,1.3323629
nefer_04,2007-05-26,6270.0,9.85,17.2,24.81,0.0,0.0,1.34906602
nefer_04,2007-05-27,19300.0,8.59,19.34,5.78,0.0,0.0,1.36033334
nefer_04,2007-05-28,16210.0,7.96,14.37,8.95,0.0,0.0,1.3719672
nefer_04,2007-05-29,17560.0,7.98,17.21,0.51,0.0,0.0,1.38126847
nefer_04,2007-05-30,25430.0,9.84,23.63,2.24,0.0,0.0,1.39176102
nefer_04,2007-05-31,10490.0,11.46,20.05,3.72,0.0,0.0,1.40570251
nefer_04,2007-06-01,19460.0,8.76,17.62,4.85,0.0,0.0,1.41882757
nefer_04,2007-06-02,18470.0,10.07,18.99,0.46,0.0,0.0,1.42981581
nefer_04,2007-06-03,21310.0,10.66,22.6,1.26,0.0,0.0,1.44192036
nefer_04,2007-06-04,8180.0,13.63,18.51,14.05,0.0,0.0,1.45577437
nefer_04,2007-06-05,17360.0,12.44,21.43,0.5,0.0,0.0,1.46916186
nefer_04,2007-06-06,15130.0,14.46,20.87,5.67,0.0,0.0,1.48326996
nefer_04,2007-06-07,25270.0,13.91,24.12,0.12,0.0,0.0,1.49798619
nefer_04,2007-06-08,28380.0,15.87,27.87,0.14,0.0,0.0,1.51382708
nefer_04,2007-06-09,25310.0,17.2,28.98,0.15,0.0,0.0,1.53204639
nefer_04,2007-06-10,21450.0,18.04,26.76,4.0,0.0,0.0,1.55128206
nefer_04,2007-06-11,24460.0,16.29,25.19,2.7,0.0,0.0,1.5699429
nefer_04,2007-06-12,28870.0,15.54,27.13,0.13,0.0,0.0,1.58722084
nefer_04,2007-06-13,24270.0,17.26,28.33,1.64,0.0,0.0,1.60499445
nefer_04,2007-06-14,18260.0,18.46,26.56,8.51,0.0,0.0,1.62398436
nefer_04,2007-06-15,21410.0,15.15,23.36,2.01,0.0,0.0,1.64273684
nefer_04,2007-06-16,25370.0,13.55,24.47,1.18,0.0,0.0,1.65877766
nefer_04,2007-06-17,16820.0,16.42,26.44,0.65,0.0,0.0,1.67461438
nefer_04,2007-06-18,23790.0,18.37,28.45,0.25,0.0,0.0,1.69246714
nefer_04,2007-06-19,21570.0,16.58,31.3,0.6,0.0,0.0,1.71196939
nefer_04,2007-06-20,24340.0,15.09,27.92,4.47,0.0,0.0,1.73191316
nefer_04,2007-06-21,23290.0,14.51,23.08,4.43,0.0,0.0,1.7498284
nefer_04,2007-06-22,20570.0,13.02,22.2,0.98,0.0,0.0,1.76548601
nefer_04,2007-06-23,21460.0,11.05,24.17,0.01,0.0,0.0,1.78015643
nefer_04,2007-06-24,22030.0,13.74,27.55,2.06,0.0,0.0,1.79482685
nefer_04,2007-06-25,6850.0,11.63,20.33,1.68,0.0,0.0,1.81202565
nefer_04,2007-06-26,20950.0,11.51,21.01,1.0,0.0,0.0,1.82533816
nefer_04,2007-06-27,16620.0,11.11,20.24,0.36,0.0,0.0,1.83888393
nefer_04,2007-06-28,28740.0,8.37,23.68,0.0,0.0,0.0,1.85194236
nefer_04,2007-06-29,20190.0,12.4,24.28,0.1,0.0,0.0,1.86529235
nefer_04,2007-06-30,27510.0,12.19,31.98,0.0,0.0,0.0,1.88057092
nefer_04,2007-07-01,9440.0,16.02,22.87,0.73,0.0,0.0,1.89896934
nefer_04,2007-07-02,15950.0,13.68,23.91,1.7,0.0,0.0,1.91516845
nefer_04,2007-07-03,19510.0,13.73,27.19,1.78,0.0,0.0,1.93082606
nefer_04,2007-07-04,21650.0,13.25,21.16,2.0,0.0,0.0,1.94787074
nefer_04,2007-07-05,27060.0,13.12,24.44,0.01,0.0,0.0,1.96220376
nefer_04,2007-07-06,29080.0,13.95,29.11,0.0,0.0,0.0,1.97784888
nefer_04,2007-07-07,28570.0,16.93,31.62,0.02,0.0,0.0,1.99578495
nefer_04,2007-07-08,9680.0,16.65,28.09,2.82,0.0,0.0,2.0
nefer_04,2007-07-09,17640.0,12.45,21.7,2.59,0.0,0.0,2.0
nefer_04,2007-07-10,23490.0,11.58,22.3,1.39,0.0,0.0,2.0
nefer_04,2007-07-11,14380.0,13.05,23.15,2.64,0.0,0.0,2.0
nefer_04,2007-07-12,26640.0,13.49,26.3,0.06,0.0,0.0,2.0
nefer_04,2007-07-13,29380.0,13.94,33.32,0.08,0.0,0.0,2.0
nefer_04,2007-07-14,26950.0,18.86,32.92,0.0,0.0,0.0,2.0
nefer_04,2007-07-15,28040.0,17.88,36.97,0.0,0.0,0.0,2.0
nefer_04,2007-07-16,20470.0,16.6,31.15,0.14,0.0,0.0,2.0
nefer_04,2007-07-17,24680.0,16.97,30.76,0.23,0.0,0.0,2.0
nefer_04,2007-07-18,19670.0,17.14,29.54,0.14,0.0,0.0,2.0
nefer_04,2007-07-19,20230.0,16.32,30.56,0.27,0.0,0.0,2.0
nefer_04,2007-07-20,11410.0,15.87,23.57,1.79,0.0,0.0,2.0
nefer_04,2007-07-21,8490.0,13.68,20.18,3.98,0.0,0.0,2.0
nefer_04,2007-07-22,23980.0,11.71,29.3,0.46,0.0,0.0,2.0
nefer_04,2007-07-23,13160.0,16.35,27.12,1.25,0.0,0.0,2.0
nefer_04,2007-07-24,23790.0,13.99,24.99,1.17,0.0,0.0,2.0
nefer_04,2007-07-25,29270.0,11.87,28.23,0.0,0.0,0.0,2.0
nefer_04,2007-07-26,28510.0,16.54,33.27,0.0,0.0,0.0,2.0
nefer_04,2007-07-27,23570.0,15.99,30.83,0.0,0.0,0.0,2.0
nefer_04,2007-07-28,22790.0,16.8,30.7,0.04,0.0,0.0,2.0
nefer_04,2007-07-29,21470.0,17.4,29.55,0.08,0.0,0.0,2.0
nefer_04,2007-07-30,16980.0,16.9,28.33,0.05,0.0,0.0,2.0
nefer_04,2007-07-31,26750.0,14.38,31.19,0.0,0.0,0.0,2.0
nefer_04,2007-08-01,24130.0,17.7,37.29,0.1,0.0,0.0,2.0
nefer_04,2007-08-02,19760.0,16.69,28.26,0.55,0.0,0.0,2.0
nefer_04,2007-08-03,27190.0,13.65,28.55,0.0,0.0,0.0,2.0
nefer_04,2007-08-04,27980.0,15.91,33.58,0.0,0.0,0.0,2.0
nefer_04,2007-08-05,25990.0,18.41,38.53,0.01,0.0,0.0,2.0
nefer_04,2007-08-06,7480.0,16.61,25.51,10.06,0.0,0.0,2.0
nefer_04,2007-08-07,11060.0,13.97,20.65,5.24,0.0,0.0,2.0
nefer_04,2007-08-08,22340.0,11.94,24.37,0.81,0.0,0.0,2.0
nefer_04,2007-08-09,24130.0,11.48,25.54,0.0,0.0,0.0,2.0
nefer_04,2007-08-10,24130.0,11.48,25.54,0.0,0.0,0.0,2.0
nefer_04,2007-08-11,24130.0,11.48,25.54,0.0,0.0,0.0,2.0
nefer_04,2007-08-12,24130.0,11.48,25.54,0.0,0.0,0.0,2.0
nefer_04,2007-08-13,24130.0,11.48,25.54,0.0,0.0,0.0,2.0
nefer_04,2007-08-14,24130.0,11.48,25.54,0.0,0.0,0.0,2.0
nefer_04,2007-08-15,24130.0,11.48,25.54,0.0,0.0,0.0,2.0
nefer_04,2007-08-16,24130.0,11.48,25.54,0.0,0.0,0.0,2.0
nefer_04,2007-08-17,24130.0,11.48,25.54,0.0,0.0,0.0,2.0
nefer_04,2007-08-18,24130.0,11.48,25.54,0.0,0.0,0.0,2.0
nefer_04,2007-08-19,24130.0,11.48,25.54,0.0,0.0,0.0,2.0
nefer_04,2007-08-20,24130.0,11.48,25.54,0.0,0.0,0.0,2.0
nefer_04,2007-08-21,24130.0,11.48,25.54,0.0,0.0,0.0,2.0
nefer_04,2007-08-22,24130.0,11.48,25.54,0.0,0.0,0.0,2.0
nefer_04,2007-08-23,24130.0,11.48,25.54,0.0,0.0,0.0,2.0
nefer_04,2007-08-24,24130.0,11.48,25.54,0.0,0.0,0.0,2.0
nefer_04,2007-08-25,24130.0,11.48,25.54,0.0,0.0,0.0,2.0
nefer_04,2007-08-26,24130.0,11.48,25.54,0.0,0.0,0.0,2.0
nefer_04,2007-08-27,24130.0,11.48,25.54,0.0,0.0,0.0,2.0
nefer_04,2007-08-28,24130.0,11.48,25.54,0.0,0.0,0.0,2.0
nefer_04,2007-08-29,24130.0,11.48,25.54,0.0,0.0,0.0,2.0
nefer_04,2007-08-30,24130.0,11.48,25.54,0.0,0.0,0.0,2.0
nefer_04,2007-08-31,24130.0,11.48,25.54,0.0,0.0,0.0,2.0
nefer_04,2007-09-01,24130.0,11.48,25.54,0.0,0.0,0.0,2.0
nefer_04,2007-09-02,24130.0,11.48,25.54,0.0,0.0,0.0,2.0
nefer_04,2007-09-03,24130.0,11.48,25.54,0.0,0.0,0.0,2.0
nefer_04,2007-09-04,24130.0,11.48,25.54,0.0,0.0,0.0,2.0
nefer_04,2007-09-05,24130.0,11.48,25.54,0.0,0.0,0.0,2.0
nefer_04,2007-09-06,24130.0,11.48,25.54,0.0,0.0,0.0,2.0
nefer_04,2007-09-07,24130.0,11.48,25.54,0.0,0.0,0.0,2.0
nefer_04,2007-09-08,24130.0,11.48,25.54,0.0,0.0,0.0,2.0
nefer_04,2007-09-09,24130.0,11.48,25.54,0.0,0.0,0.0,2.0
nefer_04,2007-09-10,24130.0,11.48,25.54,0.0,0.0,0.0,2.0
nefer_04,2007-09-11,24130.0,11.48,25.54,0.0,0.0,0.0,2.0
nefer_04,2007-09-12,24130.0,11.48,25.54,0.0,0.0,0.0,2.0
nefer_04,2007-09-13,24130.0,11.48,25.54,0.0,0.0,0.0,2.0
nefer_04,2007-09-14,24130.0,11.48,25.54,0.0,0.0,0.0,2.0
nefer_04,2007-09-15,24130.0,11.48,25.54,0.0,0.0,0.0,2.0
nefer_04,2007-09-16,24130.0,11.48,25.54,0.0,0.0,0.0,2.0
nefer_04,2007-09-17,24130.0,11.48,25.54,0.0,0.0,0.0,2.0
nefer_04,2007-09-18,24130.0,11.48,25.54,0.0,0.0,0.0,2.0
nefer_04,2007-09-19,24130.0,11.48,25.54,0.0,0.0,0.0,2.0
nefer_04,2007-09-20,24130.0,11.48,25.54,0.0,0.0,0.0,2.0
nefer_04,2007-09-21,24130.0,11.48,25.54,0.0,0.0,0.0,2.0
nefer_04,2007-09-22,24130.0,11.48,25.54,0.0,0.0,0.0,2.0
nefer_04,2007-09-23,24130.0,11.48,25.54,0.0,0.0,0.0,2.0
nefer_04,2007-09-24,24130.0,11.48,25.54,0.0,0.0,0.0,2.0
nefer_04,2007-09-25,24130.0,11.48,25.54,0.0,0.0,0.0,2.0
nefer_04,2007-09-26,24130.0,11.48,25.54,0.0,0.0,0.0,2.0
nefer_04,2007-09-27,24130.0,11.48,25.54,0.0,0.0,0.0,2.0
nefer_04,2007-09-28,24130.0,11.48,25.54,0.0,0.0,0.0,2.0
nefer_04,2007-09-29,24130.0,11.48,25.54,0.0,0.0,0.0,2.0
nefer_04,2007-09-30,24130.0,11.48,25.54,0.0,0.0,0.0,2.0
nefer_04,2007-10-01,24130.0,11.48,25.54,0.0,0.0,0.0,2.0
nefer_04,2007-10-02,24130.0,11.48,25.54,0.0,0.0,0.0,2.0
nefer_04,2007-10-03,24130.0,11.48,25.54,0.0,0.0,0.0,2.0
nefer_04,2007-10-04,24130.0,11.48,25.54,0.0,0.0,0.0,2.0
nefer_04,2007-10-05,24130.0,11.48,25.54,0.0,0.0,0.0,2.0
nefer_04,2007-10-06,24130.0,11.48,25.54,0.0,0.0,0.0,2.0
nefer_04,2007-10-07,24130.0,11.48,25.54,0.0,0.0,0.0,2.0
nefer_04,2007-10-08,24130.0,11.48,25.54,0.0,0.0,0.0,2.0
nefer_04,2007-10-09,24130.0,11.48,25.54,0.0,0.0,0.0,2.0
nefer_04,2007-10-10,24130.0,11.48,25.54,0.0,0.0,0.0,2.0
nefer_04,2007-10-11,24130.0,11.48,25.54,0.0,0.0,0.0,2.0
nefer_04,2007-10-12,24130.0,11.48,25.54,0.0,0.0,0.0,2.0
nefer_04,2007-10-13,24130.0,11.48,25.54,0.0,0.0,0.0,2.0
nefer_04,2007-10-14,24130.0,11.48,25.54,0.0,0.0,0.0,2.0
nefer_04,2007-10-15,24130.0,11.48,25.54,0.0,0.0,0.0,2.0
nefer_04,2007-10-16,24130.0,11.48,25.54,0.0,0.0,0.0,2.0
nefer_04,2007-10-17,24130.0,11.48,25.54,0.0,0.0,0.0,2.0
nefer_04,2007-10-18,24130.0,11.48,25.54,0.0,0.0,0.0,2.0
nefer_04,2007-10-19,24130.0,11.48,25.54,0.0,0.0,0.0,2.0
nefer_04,2007-10-20,24130.0,11.48,25.54,0.0,0.0,0.0,2.0
nefer_04,2007-10-21,24130.0,11.48,25.54,0.0,0.0,0.0,2.0
nefer_04,2007-10-22,24130.0,11.48,25.54,0.0,0.0,0.0,2.0
nefer_04,2007-10-23,24130.0,11.48,25.54,0.0,0.0,0.0,2.0
nefer_04,2007-10-24,24130.0,11.48,25.54,0.0,0.0,0.0,2.0
nefer_04,2007-10-25,24130.0,11.48,25.54,0.0,0.0,0.0,2.0
nefer_04,2007-10-26,24130.0,11.48,25.54,0.0,0.0,0.0,2.0
nefer_04,2007-10-27,24130.0,11.48,25.54,0.0,0.0,0.0,2.0
nefer_04,2007-10-28,24130.0,11.48,25.54,0.0,0.0,0.0,2.0
nefer_04,2007-10-29,24130.0,11.48,25.54,0.0,0.0,0.0,2.0
nefer_04,2007-10-30,24130.0,11.48,25.54,0.0,0.0,0.0,2.0
nefer_04,2007-10-31,24130.0,11.48,25.54,0.0,0.0,0.0,2.0
nefer_04,2007-11-01,24130.0,11.48,25.54,0.0,0.0,0.0,2.0
nefer_04,2007-11-02,24130.0,11.48,25.54,0.0,0.0,0.0,2.0
nefer_04,2007-11-03,24130.0,11.48,25.54,0.0,0.0,0.0,2.0
nefer_04,2007-11-04,24130.0,11.48,25.54,0.0,0.0,0.0,2.0
nefer_04,2007-11-05,24130.0,11.48,25.54,0.0,0.0,0.0,2.0
nefer_04,2007-11-06,24130.0,11.48,25.54,0.0,0.0,0.0,2.0
nefer_04,2007-11-07,24130.0,11.48,25.54,0.0,0.0,0.0,2.0
nefer_04,2007-11-08,24130.0,11.48,25.54,0.0,0.0,0.0,2.0
nefer_05,2006-11-09,8700.0,10.27,20.43,0.05,0.0,0.0,-0.1
nefer_05,2006-11-10,9690.0,9.6,20.09,0.12,0.0,0.0,0.0
nefer_05,2006-11-11,5030.0,8.96,16.8,1.0,0.0,0.0,0.0
nefer_05,2006-11-12,4510.0,9.46,14.4,3.26,0.0,0.0,0.0
nefer_05,2006-11-13,8570.0,8.87,15.19,0.02,0.0,0.0,0.0
nefer_05,2006-11-14,9980.0,6.29,16.24,0.06,0.0,0.0,0.0
nefer_05,2006-11-15,8890.0,6.48,22.37,0.23,0.0,0.0,0.0
nefer_05,2006-11-16,6070.0,10.41,20.05,2.74,0.0,0.0,0.0
nefer_05,2006-11-17,5650.0,6.43,14.25,1.42,0.0,0.0,0.0
nefer_05,2006-11-18,8510.0,5.77,17.28,0.7,0.0,0.0,0.0
nefer_05,2006-11-19,5530.0,7.21,15.52,5.12,0.0,0.0,0.0
nefer_05,2006-11-20,6040.0,6.48,14.84,0.5,0.0,0.0,0.0
nefer_05,2006-11-21,3810.0,9.87,15.44,18.76,0.0,0.0,0.0
nefer_05,2006-11-22,3270.0,9.11,14.06,12.7,0.0,0.0,0.0
nefer_05,2006-11-23,8560.0,10.9,20.67,0.18,0.0,0.0,0.0
nefer_05,2006-11-24,6320.0,9.29,17.85,0.78,0.0,0.0,0.000121
nefer_05,2006-11-25,3040.0,12.3,18.12,0.43,0.0,0.0,0.00025283
nefer_05,2006-11-26,4130.0,10.85,16.91,1.14,0.0,0.0,0.00048986
nefer_05,2006-11-27,8260.0,8.5,18.66,0.06,0.0,0.0,0.0007462
nefer_05,2006-11-28,4290.0,6.46,14.78,2.17,0.0,0.0,0.00106595
nefer_05,2006-11-29,5590.0,5.03,12.53,0.31,0.0,0.0,0.00137395
nefer_05,2006-11-30,6820.0,3.48,12.68,0.02,0.0,0.0,0.00171852
nefer_05,2006-12-01,7590.0,2.8,17.04,0.12,0.0,0.0,0.00212467
nefer_05,2006-12-02,4450.0,6.71,15.24,0.08,0.0,0.0,0.00273018
nefer_05,2006-12-03,6010.0,6.92,17.26,1.12,0.0,0.0,0.00351578
nefer_05,2006-12-04,4150.0,9.41,18.17,0.32,0.0,0.0,0.00448738
nefer_05,2006-12-05,7210.0,8.88,19.83,1.64,0.0,0.0,0.00569034
nefer_05,2006-12-06,4980.0,6.05,11.88,10.53,0.0,0.0,0.00700171
nefer_05,2006-12-07,2760.0,4.69,11.33,2.27,0.0,0.0,0.0078494
nefer_05,2006-12-08,2220.0,4.45,10.98,11.62,0.0,0.0,0.00868549
nefer_05,2006-12-09,5140.0,5.18,9.06,4.68,0.0,0.0,0.00956562
nefer_05,2006-12-10,3530.0,3.35,7.61,1.71,0.0,0.0,0.01044618
nefer_05,2006-12-11,7240.0,1.95,9.8,0.04,0.0,0.0,0.01117601
nefer_05,2006-12-12,4760.0,4.2,10.41,0.14,0.0,0.0,0.01201391
nefer_05,2006-12-13,3990.0,0.79,7.41,0.11,0.0,0.0,0.01312439
nefer_05,2006-12-14,7340.0,-0.06,10.62,0.06,0.0,0.0,0.01378608
nefer_05,2006-12-15,6620.0,1.98,14.41,0.16,0.0,0.0,0.01468767
nefer_05,2006-12-16,5950.0,4.15,13.27,0.06,0.0,0.0,0.01616392
nefer_05,2006-12-17,2580.0,2.12,8.18,0.8,0.0,0.0,0.01781502
nefer_05,2006-12-18,3910.0,1.12,6.11,0.85,0.0,0.0,0.01884012
nefer_05,2006-12-19,5230.0,-3.23,4.35,0.2,0.0,0.0,0.01959424
nefer_05,2006-12-20,6560.0,-3.56,4.66,0.01,0.0,0.0,0.01971648
nefer_05,2006-12-21,5390.0,-3.47,4.24,0.05,0.0,0.0,0.01983999
nefer_05,2006-12-22,5520.0,-2.56,3.75,0.05,0.0,0.0,0.01992893
nefer_05,2006-12-23,5280.0,-1.52,5.58,0.01,0.0,0.0,0.02007016
nefer_05,2006-12-24,3290.0,-3.48,3.94,0.01,0.0,0.0,0.02056585
nefer_05,2006-12-25,3180.0,-4.35,1.4,0.0,0.0,0.0,0.0206241
nefer_05,2006-12-26,6480.0,-4.36,4.46,0.0,0.0,0.0,0.0206241
nefer_05,2006-12-27,7600.0,2.73,10.4,0.05,0.0,0.0,0.02063732
nefer_05,2006-12-28,7470.0,0.48,10.48,0.0,0.0,0.0,0.0224181
nefer_05,2006-12-29,7490.0,1.7,10.86,0.05,0.0,0.0,0.02396692
nefer_05,2006-12-30,6680.0,2.75,14.4,0.05,0.0,0.0,0.02581509
nefer_05,2006-12-31,6330.0,6.26,16.4,0.0,0.0,0.0,0.02844128
nefer_05,2007-01-01,3300.0,7.57,13.15,2.34,0.0,0.0,0.03205045
nefer_05,2007-01-02,6160.0,4.79,10.82,1.62,0.0,0.0,0.03546093
nefer_05,2007-01-03,6520.0,5.19,11.87,0.25,0.0,0.0,0.03812735
nefer_05,2007-01-04,2920.0,5.69,11.67,1.17,0.0,0.0,0.04110822
nefer_05,2007-01-05,5130.0,7.68,12.01,0.79,0.0,0.0,0.0441676
nefer_05,2007-01-06,6920.0,5.55,14.66,0.12,0.0,0.0,0.04766925
nefer_05,2007-01-07,5530.0,5.87,13.81,0.71,0.0,0.0,0.05129796
nefer_05,2007-01-08,3550.0,7.42,11.32,1.74,0.0,0.0,0.05486718
nefer_05,2007-01-09,7550.0,8.74,16.27,0.0,0.0,0.0,0.05830178
nefer_05,2007-01-10,6790.0,4.9,15.44,0.05,0.0,0.0,0.06293586
nefer_05,2007-01-11,6500.0,4.15,14.17,0.01,0.0,0.0,0.06674756
nefer_05,2007-01-12,4860.0,9.27,13.63,0.06,0.0,0.0,0.07022113
nefer_05,2007-01-13,5730.0,5.49,14.83,0.05,0.0,0.0,0.07461576
nefer_05,2007-01-14,4300.0,5.33,13.01,0.19,0.0,0.0,0.07856391
nefer_05,2007-01-15,6360.0,3.55,14.63,0.0,0.0,0.0,0.08217288
nefer_05,2007-01-16,6140.0,4.81,12.81,0.08,0.0,0.0,0.08579714
nefer_05,2007-01-17,8550.0,4.81,16.07,0.0,0.0,0.0,0.08935663
nefer_05,2007-01-18,7360.0,7.26,15.44,0.0,0.0,0.0,0.09363199
nefer_05,2007-01-19,2960.0,9.89,13.94,0.1,0.0,0.0,0.09834422
nefer_05,2007-01-20,4680.0,8.26,14.5,0.05,0.0,0.0,0.10336036
nefer_05,2007-01-21,3870.0,5.46,11.4,0.91,0.0,0.0,0.10821932
nefer_05,2007-01-22,4860.0,1.77,9.25,6.16,0.0,0.0,0.11187042
nefer_05,2007-01-23,2240.0,-0.93,3.19,6.42,0.0,0.0,0.11429149
nefer_05,2007-01-24,6170.0,-2.11,3.0,0.96,0.0,0.0,0.11479528
nefer_05,2007-01-25,7160.0,-6.8,4.0,3.52,0.0,0.0,0.1149966
nefer_05,2007-01-26,8560.0,-7.67,0.26,0.0,0.0,0.0,0.1149966
nefer_05,2007-01-27,9810.0,-6.63,2.31,0.01,0.0,0.0,0.1149966
nefer_05,2007-01-28,7380.0,-2.07,4.67,0.01,0.0,0.0,0.1149966
nefer_05,2007-01-29,6510.0,-2.56,5.23,0.05,0.0,0.0,0.11562072
nefer_05,2007-01-30,8300.0,-2.15,7.51,0.01,0.0,0.0,0.11627132
nefer_05,2007-01-31,5350.0,-0.82,5.08,0.47,0.0,0.0,0.11759712
nefer_05,2007-02-01,2970.0,-0.35,6.05,0.07,0.0,0.0,0.11866678
nefer_05,2007-02-02,3910.0,0.05,7.05,0.01,0.0,0.0,0.12011968
nefer_05,2007-02-03,7230.0,0.51,10.73,0.0,0.0,0.0,0.12195679
nefer_05,2007-02-04,8220.0,1.61,12.26,0.01,0.0,0.0,0.12490907
nefer_05,2007-02-05,7270.0,4.55,12.37,0.47,0.0,0.0,0.1286071
nefer_05,2007-02-06,3480.0,4.94,9.21,2.94,0.0,0.0,0.1331862
nefer_05,2007-02-07,6190.0,4.12,10.71,2.23,0.0,0.0,0.13707311
nefer_05,2007-02-08,3300.0,4.05,12.08,4.46,0.0,0.0,0.14120775
nefer_05,2007-02-09,8090.0,2.06,11.17,3.92,0.0,0.0,0.14577185
nefer_05,2007-02-10,8270.0,3.76,12.23,6.56,0.0,0.0,0.14957092
nefer_05,2007-02-11,8090.0,5.79,16.76,8.07,0.0,0.0,0.15423038
nefer_05,2007-02-12,4550.0,6.15,13.23,14.37,0.0,0.0,0.16089798
nefer_05,2007-02-13,12590.0,4.18,12.66,1.0,0.0,0.0,0.16671207
nefer_05,2007-02-14,5570.0,6.59,17.51,2.19,0.0,0.0,0.17183759
nefer_05,2007-02-15,14010.0,2.69,16.39,0.02,0.0,0.0,0.17927884
nefer_05,2007-02-16,12450.0,3.02,18.41,0.0,0.0,0.0,0.1852547
nefer_05,2007-02-17,3960.0,5.47,13.38,1.05,0.0,0.0,0.19206237
nefer_05,2007-02-18,3900.0,4.66,7.58,5.23,0.0,0.0,0.19813534
nefer_05,2007-02-19,13160.0,3.64,13.79,0.04,0.0,0.0,0.20213425
nefer_05,2007-02-20,9830.0,3.86,14.58,0.12,0.0,0.0,0.20790838
nefer_05,2007-02-21,4370.0,4.75,11.08,1.78,0.0,0.0,0.21410186
nefer_05,2007-02-22,6490.0,3.48,14.87,0.0,0.0,0.0,0.21949193
nefer_05,2007-02-23,12910.0,5.35,16.18,3.06,0.0,0.0,0.22582544
nefer_05,2007-02-24,7370.0,7.22,12.26,5.57,0.0,0.0,0.23335729
nefer_05,2007-02-25,5630.0,7.23,10.56,10.17,0.0,0.0,0.24026365
nefer_05,2007-02-26,7860.0,7.12,11.2,7.88,0.0,0.0,0.246655
nefer_05,2007-02-27,8450.0,7.12,12.94,0.95,0.0,0.0,0.25332386
nefer_05,2007-02-28,7250.0,5.6,15.51,0.98,0.0,0.0,0.26072195
nefer_05,2007-03-01,11050.0,4.82,15.8,0.02,0.0,0.0,0.2686086
nefer_05,2007-03-02,8060.0,10.16,15.98,0.59,0.0,0.0,0.27641158
nefer_05,2007-03-03,6630.0,11.05,16.12,1.25,0.0,0.0,0.28642997
nefer_05,2007-03-04,14120.0,8.25,24.08,0.08,0.0,0.0,0.29697518
nefer_05,2007-03-05,12570.0,6.18,13.66,1.16,0.0,0.0,0.30968084
nefer_05,2007-03-06,6700.0,6.11,15.82,1.03,0.0,0.0,0.3175751
nefer_05,2007-03-07,6880.0,5.72,15.34,10.54,0.0,0.0,0.32640875
nefer_05,2007-03-08,8660.0,3.97,11.83,5.27,0.0,0.0,0.33499581
nefer_05,2007-03-09,11240.0,4.35,12.31,0.1,0.0,0.0,0.3415163
nefer_05,2007-03-10,17300.0,1.04,11.94,0.0,0.0,0.0,0.34847438
nefer_05,2007-03-11,17990.0,0.27,13.44,0.04,0.0,0.0,0.35396011
nefer_05,2007-03-12,17680.0,1.76,15.98,0.0,0.0,0.0,0.35982278
nefer_05,2007-03-13,17560.0,2.87,16.78,0.04,0.0,0.0,0.36749753
nefer_05,2007-03-14,16510.0,4.41,17.48,0.0,0.0,0.0,0.37609717
nefer_05,2007-03-15,16920.0,6.0,18.73,0.04,0.0,0.0,0.38578722
nefer_05,2007-03-16,12660.0,6.78,16.23,0.0,0.0,0.0,0.39685909
nefer_05,2007-03-17,18290.0,5.47,13.69,0.01,0.0,0.0,0.40727714
nefer_05,2007-03-18,8610.0,7.18,12.19,2.18,0.0,0.0,0.41604903
nefer_05,2007-03-19,7900.0,2.26,7.98,11.5,0.0,0.0,0.4250153
nefer_05,2007-03-20,9610.0,0.84,5.3,1.62,0.0,0.0,0.42980736
nefer_05,2007-03-21,9550.0,0.34,6.22,1.18,0.0,0.0,0.43271198
nefer_05,2007-03-22,10140.0,0.15,6.99,0.88,0.0,0.0,0.43584872
nefer_05,2007-03-23,10460.0,-0.1,8.87,6.94,0.0,0.0,0.43929923
nefer_05,2007-03-24,7520.0,3.43,7.42,6.36,0.0,0.0,0.4435823
nefer_05,2007-03-25,9630.0,2.94,7.94,5.2,0.0,0.0,0.44893673
nefer_05,2007-03-26,17480.0,2.15,14.29,0.63,0.0,0.0,0.4543617
nefer_05,2007-03-27,18610.0,3.17,16.02,1.66,0.0,0.0,0.46264332
nefer_05,2007-03-28,9930.0,5.36,12.51,2.33,0.0,0.0,0.47240875
nefer_05,2007-03-29,13600.0,3.18,12.81,2.3,0.0,0.0,0.48159427
nefer_05,2007-03-30,12320.0,4.8,9.77,7.3,0.0,0.0,0.48989564
nefer_05,2007-03-31,8330.0,3.77,10.78,5.07,0.0,0.0,0.49753475
nefer_05,2007-04-01,13920.0,3.94,17.28,1.36,0.0,0.0,0.50523824
nefer_05,2007-04-02,13110.0,9.73,16.3,1.84,0.0,0.0,0.5165824
nefer_05,2007-04-03,12500.0,7.93,14.79,2.74,0.0,0.0,0.53063199
nefer_05,2007-04-04,12420.0,2.14,9.49,5.39,0.0,0.0,0.543012
nefer_05,2007-04-05,14450.0,1.75,13.62,0.12,0.0,0.0,0.54940901
nefer_05,2007-04-06,20430.0,4.19,16.62,0.01,0.0,0.0,0.55794229
nefer_05,2007-04-07,21390.0,5.34,19.01,0.23,0.0,0.0,0.56960288
nefer_05,2007-04-08,22060.0,5.7,19.73,0.13,0.0,0.0,0.58337229
nefer_05,2007-04-09,22010.0,7.37,18.95,2.39,0.0,0.0,0.59788311
nefer_05,2007-04-10,17180.0,8.47,19.05,0.06,0.0,0.0,0.61303695
nefer_05,2007-04-11,18730.0,7.53,19.39,0.08,0.0,0.0,0.62902288
nefer_05,2007-04-12,11090.0,7.18,18.26,6.19,0.0,0.0,0.64479822
nefer_05,2007-04-13,5660.0,10.14,16.97,5.27,0.0,0.0,0.65983647
nefer_05,2007-04-14,7940.0,9.78,16.8,4.36,0.0,0.0,0.67600042
nefer_05,2007-04-15,11520.0,9.71,19.98,1.61,0.0,0.0,0.69198397
nefer_05,2007-04-16,9080.0,11.88,19.19,6.0,0.0,0.0,0.70998885
nefer_05,2007-04-17,16210.0,11.53,19.73,2.68,0.0,0.0,0.72898847
nefer_05,2007-04-18,18610.0,10.88,22.01,0.03,0.0,0.0,0.74826274
nefer_05,2007-04-19,23790.0,9.67,23.15,0.13,0.0,0.0,0.76870835
nefer_05,2007-04-20,23920.0,12.08,23.72,0.49,0.0,0.0,0.78927594
nefer_05,2007-04-21,22860.0,11.78,24.21,0.01,0.0,0.0,0.81189102
nefer_05,2007-04-22,23870.0,13.26,24.6,0.11,0.0,0.0,0.83480646
nefer_05,2007-04-23,24970.0,13.35,25.79,0.01,0.0,0.0,0.85910161
nefer_05,2007-04-24,25540.0,15.15,26.66,0.01,0.0,0.0,0.88441284
nefer_05,2007-04-25,15140.0,12.32,21.75,0.3,0.0,0.0,0.91165784
nefer_05,2007-04-26,19330.0,11.88,22.01,2.24,0.0,60.0,0.93402719
nefer_05,2007-04-27,18540.0,11.29,22.21,1.44,0.0,0.0,0.95644472
nefer_05,2007-04-28,22170.0,9.65,21.98,3.13,0.0,0.0,0.97876789
nefer_05,2007-04-29,20960.0,10.76,21.37,4.96,0.0,0.0,0.9999986
nefer_05,2007-04-30,22590.0,9.58,22.4,4.58,0.0,0.0,1.0
nefer_05,2007-05-01,5290.0,7.55,12.18,29.79,0.0,0.0,1.01332084
nefer_05,2007-05-02,16710.0,7.69,15.38,3.64,0.0,0.0,1.02153911
nefer_05,2007-05-03,17750.0,7.38,16.45,4.38,0.0,0.0,1.03114861
nefer_05,2007-05-04,14170.0,8.71,17.26,6.33,0.0,0.0,1.04107468
nefer_05,2007-05-05,11060.0,9.61,15.89,3.0,0.0,0.0,1.05189213
nefer_05,2007-05-06,17710.0,10.26,19.0,2.17,0.0,0.0,1.06251382
nefer_05,2007-05-07,10930.0,9.94,18.58,0.25,0.0,0.0,1.07470168
nefer_05,2007-05-08,15090.0,11.06,20.38,0.02,0.0,0.0,1.0865813
nefer_05,2007-05-09,25470.0,9.38,22.51,0.03,0.0,0.0,1.09967721
nefer_05,2007-05-10,28010.0,10.7,28.68,0.1,0.0,0.0,1.11296057
nefer_05,2007-05-11,25480.0,12.59,22.78,0.08,0.0,0.0,1.12936378
nefer_05,2007-05-12,26390.0,11.03,24.38,0.04,0.0,0.0,1.14409668
nefer_05,2007-05-13,23450.0,14.28,27.55,0.33,0.0,0.0,1.15884624
nefer_05,2007-05-14,12480.0,8.98,15.93,19.66,0.0,0.0,1.17626997
nefer_05,2007-05-15,22720.0,8.3,17.12,0.6,0.0,0.0,1.1866459
nefer_05,2007-05-16,11950.0,9.42,17.2,2.24,0.0,0.0,1.19723426
nefer_05,2007-05-17,9410.0,11.15,18.51,1.8,0.0,0.0,1.20832246
nefer_05,2007-05-18,16090.0,12.34,23.01,0.16,0.0,0.0,1.22067694
nefer_05,2007-05-19,10060.0,14.64,21.36,6.05,0.0,0.0,1.23540151
nefer_05,2007-05-20,16310.0,12.83,25.29,0.42,0.0,0.0,1.25039683
nefer_05,2007-05-21,20040.0,10.81,23.8,0.29,0.0,0.0,1.2662752
nefer_05,2007-05-22,19120.0,10.97,25.29,0.05,0.0,0.0,1.28069153
nefer_05,2007-05-23,24510.0,14.62,28.15,0.15,0.0,0.0,1.29579515
nefer_05,2007-05-24,24720.0,16.08,28.94,1.19,0.0,0.0,1.31361042
nefer_05,2007-05-25,14620.0,14.41,25.69,7.89,0.0,0.0,1.3323629
nefer_05,2007-05-26,6270.0,9.85,17.2,24.81,0.0,0.0,1.34906602
nefer_05,2007-05-27,19300.0,8.59,19.34,5.78,0.0,0.0,1.36033334
nefer_05,2007-05-28,16210.0,7.96,14.37,8.95,0.0,0.0,1.3719672
nefer_05,2007-05-29,17560.0,7.98,17.21,0.51,0.0,0.0,1.38126847
nefer_05,2007-05-30,25430.0,9.84,23.63,2.24,0.0,0.0,1.39176102
nefer_05,2007-05-31,10490.0,11.46,20.05,3.72,0.0,0.0,1.40570251
nefer_05,2007-06-01,19460.0,8.76,17.62,4.85,0.0,0.0,1.41882757
nefer_05,2007-06-02,18470.0,10.07,18.99,0.46,0.0,0.0,1.42981581
nefer_05,2007-06-03,21310.0,10.66,22.6,1.26,0.0,0.0,1.44192036
nefer_05,2007-06-04,8180.0,13.63,18.51,14.05,0.0,0.0,1.45577437
nefer_05,2007-06-05,17360.0,12.44,21.43,0.5,0.0,0.0,1.46916186
nefer_05,2007-06-06,15130.0,14.46,20.87,5.67,0.0,0.0,1.48326996
nefer_05,2007-06-07,25270.0,13.91,24.12,0.12,0.0,0.0,1.49798619
nefer_05,2007-06-08,28380.0,15.87,27.87,0.14,0.0,0.0,1.51382708
nefer_05,2007-06-09,25310.0,17.2,28.98,0.15,0.0,0.0,1.53204639
nefer_05,2007-06-10,21450.0,18.04,26.76,4.0,0.0,0.0,1.55128206
nefer_05,2007-06-11,24460.0,16.29,25.19,2.7,0.0,0.0,1.5699429
nefer_05,2007-06-12,28870.0,15.54,27.13,0.13,0.0,0.0,1.58722084
nefer_05,2007-06-13,24270.0,17.26,28.33,1.64,0.0,0.0,1.60499445
nefer_05,2007-06-14,18260.0,18.46,26.56,8.51,0.0,0.0,1.62398436
nefer_05,2007-06-15,21410.0,15.15,23.36,2.01,0.0,0.0,1.64273684
nefer_05,2007-06-16,25370.0,13.55,24.47,1.18,0.0,0.0,1.65877766
nefer_05,2007-06-17,16820.0,16.42,26.44,0.65,0.0,0.0,1.67461438
nefer_05,2007-06-18,23790.0,18.37,28.45,0.25,0.0,0.0,1.69246714
nefer_05,2007-06-19,21570.0,16.58,31.3,0.6,0.0,0.0,1.71196939
nefer_05,2007-06-20,24340.0,15.09,27.92,4.47,0.0,0.0,1.73191316
nefer_05,2007-06-21,23290.0,14.51,23.08,4.43,0.0,0.0,1.7498284
nefer_05,2007-06-22,20570.0,13.02,22.2,0.98,0.0,0.0,1.76548601
nefer_05,2007-06-23,21460.0,11.05,24.17,0.01,0.0,0.0,1.78015643
nefer_05,2007-06-24,22030.0,13.74,27.55,2.06,0.0,0.0,1.79482685
nefer_05,2007-06-25,6850.0,11.63,20.33,1.68,0.0,0.0,1.81202565
nefer_05,2007-06-26,20950.0,11.51,21.01,1.0,0.0,0.0,1.82533816
nefer_05,2007-06-27,16620.0,11.11,20.24,0.36,0.0,0.0,1.83888393
nefer_05,2007-06-28,28740.0,8.37,23.68,0.0,0.0,0.0,1.85194236
nefer_05,2007-06-29,20190.0,12.4,24.28,0.1,0.0,0.0,1.86529235
nefer_05,2007-06-30,27510.0,12.19,31.98,0.0,0.0,0.0,1.88057092
nefer_05,2007-07-01,9440.0,16.02,22.87,0.73,0.0,0.0,1.89896934
nefer_05,2007-07-02,15950.0,13.68,23.91,1.7,0.0,0.0,1.91516845
nefer_05,2007-07-03,19510.0,13.73,27.19,1.78,0.0,0.0,1.93082606
nefer_05,2007-07-04,21650.0,13.25,21.16,2.0,0.0,0.0,1.94787074
nefer_05,2007-07-05,27060.0,13.12,24.44,0.01,0.0,0.0,1.96220376
nefer_05,2007-07-06,29080.0,13.95,29.11,0.0,0.0,0.0,1.97784888
nefer_05,2007-07-07,28570.0,16.93,31.62,0.02,0.0,0.0,1.99578495
nefer_05,2007-07-08,9680.0,16.65,28.09,2.82,0.0,0.0,2.0
nefer_05,2007-07-09,17640.0,12.45,21.7,2.59,0.0,0.0,2.0
nefer_05,2007-07-10,23490.0,11.58,22.3,1.39,0.0,0.0,2.0
nefer_05,2007-07-11,14380.0,13.05,23.15,2.64,0.0,0.0,2.0
nefer_05,2007-07-12,26640.0,13.49,26.3,0.06,0.0,0.0,2.0
nefer_05,2007-07-13,29380.0,13.94,33.32,0.08,0.0,0.0,2.0
nefer_05,2007-07-14,26950.0,18.86,32.92,0.0,0.0,0.0,2.0
nefer_05,2007-07-15,28040.0,17.88,36.97,0.0,0.0,0.0,2.0
nefer_05,2007-07-16,20470.0,16.6,31.15,0.14,0.0,0.0,2.0
nefer_05,2007-07-17,24680.0,16.97,30.76,0.23,0.0,0.0,2.0
nefer_05,2007-07-18,19670.0,17.14,29.54,0.14,0.0,0.0,2.0
nefer_05,2007-07-19,20230.0,16.32,30.56,0.27,0.0,0.0,2.0
nefer_05,2007-07-20,11410.0,15.87,23.57,1.79,0.0,0.0,2.0
nefer_05,2007-07-21,8490.0,13.68,20.18,3.98,0.0,0.0,2.0
nefer_05,2007-07-22,23980.0,11.71,29.3,0.46,0.0,0.0,2.0
nefer_05,2007-07-23,13160.0,16.35,27.12,1.25,0.0,0.0,2.0
nefer_05,2007-07-24,23790.0,13.99,24.99,1.17,0.0,0.0,2.0
nefer_05,2007-07-25,29270.0,11.87,28.23,0.0,0.0,0.0,2.0
nefer_05,2007-07-26,28510.0,16.54,33.27,0.0,0.0,0.0,2.0
nefer_05,2007-07-27,23570.0,15.99,30.83,0.0,0.0,0.0,2.0
nefer_05,2007-07-28,22790.0,16.8,30.7,0.04,0.0,0.0,2.0
nefer_05,2007-07-29,21470.0,17.4,29.55,0.08,0.0,0.0,2.0
nefer_05,2007-07-30,16980.0,16.9,28.33,0.05,0.0,0.0,2.0
nefer_05,2007-07-31,26750.0,14.38,31.19,0.0,0.0,0.0,2.0
nefer_05,2007-08-01,24130.0,17.7,37.29,0.1,0.0,0.0,2.0
nefer_05,2007-08-02,19760.0,16.69,28.26,0.55,0.0,0.0,2.0
nefer_05,2007-08-03,27190.0,13.65,28.55,0.0,0.0,0.0,2.0
nefer_05,2007-08-04,27980.0,15.91,33.58,0.0,0.0,0.0,2.0
nefer_05,2007-08-05,25990.0,18.41,38.53,0.01,0.0,0.0,2.0
nefer_05,2007-08-06,7480.0,16.61,25.51,10.06,0.0,0.0,2.0
nefer_05,2007-08-07,11060.0,13.97,20.65,5.24,0.0,0.0,2.0
nefer_05,2007-08-08,22340.0,11.94,24.37,0.81,0.0,0.0,2.0
nefer_05,2007-08-09,24130.0,11.48,25.54,0.0,0.0,0.0,2.0
nefer_05,2007-08-10,24130.0,11.48,25.54,0.0,0.0,0.0,2.0
nefer_05,2007-08-11,24130.0,11.48,25.54,0.0,0.0,0.0,2.0
nefer_05,2007-08-12,24130.0,11.48,25.54,0.0,0.0,0.0,2.0
nefer_05,2007-08-13,24130.0,11.48,25.54,0.0,0.0,0.0,2.0
nefer_05,2007-08-14,24130.0,11.48,25.54,0.0,0.0,0.0,2.0
nefer_05,2007-08-15,24130.0,11.48,25.54,0.0,0.0,0.0,2.0
nefer_05,2007-08-16,24130.0,11.48,25.54,0.0,0.0,0.0,2.0
nefer_05,2007-08-17,24130.0,11.48,25.54,0.0,0.0,0.0,2.0
nefer_05,2007-08-18,24130.0,11.48,25.54,0.0,0.0,0.0,2.0
nefer_05,2007-08-19,24130.0,11.48,25.54,0.0,0.0,0.0,2.0
nefer_05,2007-08-20,24130.0,11.48,25.54,0.0,0.0,0.0,2.0
nefer_05,2007-08-21,24130.0,11.48,25.54,0.0,0.0,0.0,2.0
nefer_05,2007-08-22,24130.0,11.48,25.54,0.0,0.0,0.0,2.0
nefer_05,2007-08-23,24130.0,11.48,25.54,0.0,0.0,0.0,2.0
nefer_05,2007-08-24,24130.0,11.48,25.54,0.0,0.0,0.0,2.0
nefer_05,2007-08-25,24130.0,11.48,25.54,0.0,0.0,0.0,2.0
nefer_05,2007-08-26,24130.0,11.48,25.54,0.0,0.0,0.0,2.0
nefer_05,2007-08-27,24130.0,11.48,25.54,0.0,0.0,0.0,2.0
nefer_05,2007-08-28,24130.0,11.48,25.54,0.0,0.0,0.0,2.0
nefer_05,2007-08-29,24130.0,11.48,25.54,0.0,0.0,0.0,2.0
nefer_05,2007-08-30,24130.0,11.48,25.54,0.0,0.0,0.0,2.0
nefer_05,2007-08-31,24130.0,11.48,25.54,0.0,0.0,0.0,2.0
nefer_05,2007-09-01,24130.0,11.48,25.54,0.0,0.0,0.0,2.0
nefer_05,2007-09-02,24130.0,11.48,25.54,0.0,0.0,0.0,2.0
nefer_05,2007-09-03,24130.0,11.48,25.54,0.0,0.0,0.0,2.0
nefer_05,2007-09-04,24130.0,11.48,25.54,0.0,0.0,0.0,2.0
nefer_05,2007-09-05,24130.0,11.48,25.54,0.0,0.0,0.0,2.0
nefer_05,2007-09-06,24130.0,11.48,25.54,0.0,0.0,0.0,2.0
nefer_05,2007-09-07,24130.0,11.48,25.54,0.0,0.0,0.0,2.0
nefer_05,2007-09-08,24130.0,11.48,25.54,0.0,0.0,0.0,2.0
nefer_05,2007-09-09,24130.0,11.48,25.54,0.0,0.0,0.0,2.0
nefer_05,2007-09-10,24130.0,11.48,25.54,0.0,0.0,0.0,2.0
nefer_05,2007-09-11,24130.0,11.48,25.54,0.0,0.0,0.0,2.0
nefer_05,2007-09-12,24130.0,11.48,25.54,0.0,0.0,0.0,2.0
nefer_05,2007-09-13,24130.0,11.48,25.54,0.0,0.0,0.0,2.0
nefer_05,2007-09-14,24130.0,11.48,25.54,0.0,0.0,0.0,2.0
nefer_05,2007-09-15,24130.0,11.48,25.54,0.0,0.0,0.0,2.0
nefer_05,2007-09-16,24130.0,11.48,25.54,0.0,0.0,0.0,2.0
nefer_05,2007-09-17,24130.0,11.48,25.54,0.0,0.0,0.0,2.0
nefer_05,2007-09-18,24130.0,11.48,25.54,0.0,0.0,0.0,2.0
nefer_05,2007-09-19,24130.0,11.48,25.54,0.0,0.0,0.0,2.0
nefer_05,2007-09-20,24130.0,11.48,25.54,0.0,0.0,0.0,2.0
nefer_05,2007-09-21,24130.0,11.48,25.54,0.0,0.0,0.0,2.0
nefer_05,2007-09-22,24130.0,11.48,25.54,0.0,0.0,0.0,2.0
nefer_05,2007-09-23,24130.0,11.48,25.54,0.0,0.0,0.0,2.0
nefer_05,2007-09-24,24130.0,11.48,25.54,0.0,0.0,0.0,2.0
nefer_05,2007-09-25,24130.0,11.48,25.54,0.0,0.0,0.0,2.0
nefer_05,2007-09-26,24130.0,11.48,25.54,0.0,0.0,0.0,2.0
nefer_05,2007-09-27,24130.0,11.48,25.54,0.0,0.0,0.0,2.0
nefer_05,2007-09-28,24130.0,11.48,25.54,0.0,0.0,0.0,2.0
nefer_05,2007-09-29,24130.0,11.48,25.54,0.0,0.0,0.0,2.0
nefer_05,2007-09-30,24130.0,11.48,25.54,0.0,0.0,0.0,2.0
nefer_05,2007-10-01,24130.0,11.48,25.54,0.0,0.0,0.0,2.0
nefer_05,2007-10-02,24130.0,11.48,25.54,0.0,0.0,0.0,2.0
nefer_05,2007-10-03,24130.0,11.48,25.54,0.0,0.0,0.0,2.0
nefer_05,2007-10-04,24130.0,11.48,25.54,0.0,0.0,0.0,2.0
nefer_05,2007-10-05,24130.0,11.48,25.54,0.0,0.0,0.0,2.0
nefer_05,2007-10-06,24130.0,11.48,25.54,0.0,0.0,0.0,2.0
nefer_05,2007-10-07,24130.0,11.48,25.54,0.0,0.0,0.0,2.0
nefer_05,2007-10-08,24130.0,11.48,25.54,0.0,0.0,0.0,2.0
nefer_05,2007-10-09,24130.0,11.48,25.54,0.0,0.0,0.0,2.0
nefer_05,2007-10-10,24130.0,11.48,25.54,0.0,0.0,0.0,2.0
nefer_05,2007-10-11,24130.0,11.48,25.54,0.0,0.0,0.0,2.0
nefer_05,2007-10-12,24130.0,11.48,25.54,0.0,0.0,0.0,2.0
nefer_05,2007-10-13,24130.0,11.48,25.54,0.0,0.0,0.0,2.0
nefer_05,2007-10-14,24130.0,11.48,25.54,0.0,0.0,0.0,2.0
nefer_05,2007-10-15,24130.0,11.48,25.54,0.0,0.0,0.0,2.0
nefer_05,2007-10-16,24130.0,11.48,25.54,0.0,0.0,0.0,2.0
nefer_05,2007-10-17,24130.0,11.48,25.54,0.0,0.0,0.0,2.0
nefer_05,2007-10-18,24130.0,11.48,25.54,0.0,0.0,0.0,2.0
nefer_05,2007-10-19,24130.0,11.48,25.54,0.0,0.0,0.0,2.0
nefer_05,2007-10-20,24130.0,11.48,25.54,0.0,0.0,0.0,2.0
nefer_05,2007-10-21,24130.0,11.48,25.54,0.0,0.0,0.0,2.0
nefer_05,2007-10-22,24130.0,11.48,25.54,0.0,0.0,0.0,2.0
nefer_05,2007-10-23,24130.0,11.48,25.54,0.0,0.0,0.0,2.0
nefer_05,2007-10-24,24130.0,11.48,25.54,0.0,0.0,0.0,2.0
nefer_05,2007-10-25,24130.0,11.48,25.54,0.0,0.0,0.0,2.0
nefer_05,2007-10-26,24130.0,11.48,25.54,0.0,0.0,0.0,2.0
nefer_05,2007-10-27,24130.0,11.48,25.54,0.0,0.0,0.0,2.0
nefer_05,2007-10-28,24130.0,11.48,25.54,0.0,0.0,0.0,2.0
nefer_05,2007-10-29,24130.0,11.48,25.54,0.0,0.0,0.0,2.0
nefer_05,2007-10-30,24130.0,11.48,25.54,0.0,0.0,0.0,2.0
nefer_05,2007-10-31,24130.0,11.48,25.54,0.0,0.0,0.0,2.0
nefer_05,2007-11-01,24130.0,11.48,25.54,0.0,0.0,0.0,2.0
nefer_05,2007-11-02,24130.0,11.48,25.54,0.0,0.0,0.0,2.0
nefer_05,2007-11-03,24130.0,11.48,25.54,0.0,0.0,0.0,2.0
nefer_05,2007-11-04,24130.0,11.48,25.54,0.0,0.0,0.0,2.0
nefer_05,2007-11-05,24130.0,11.48,25.54,0.0,0.0,0.0,2.0
nefer_05,2007-11-06,24130.0,11.48,25.54,0.0,0.0,0.0,2.0
nefer_05,2007-11-07,24130.0,11.48,25.54,0.0,0.0,0.0,2.0
nefer_05,2007-11-08,24130.0,11.48,25.54,0.0,0.0,0.0,2.0
nefer_06,2006-11-09,8700.0,10.27,20.43,0.05,0.0,0.0,-0.1
nefer_06,2006-11-10,9690.0,9.6,20.09,0.12,0.0,0.0,0.0
nefer_06,2006-11-11,5030.0,8.96,16.8,1.0,0.0,0.0,0.0
nefer_06,2006-11-12,4510.0,9.46,14.4,3.26,0.0,0.0,0.0
nefer_06,2006-11-13,8570.0,8.87,15.19,0.02,0.0,0.0,0.0
nefer_06,2006-11-14,9980.0,6.29,16.24,0.06,0.0,0.0,0.0
nefer_06,2006-11-15,8890.0,6.48,22.37,0.23,0.0,0.0,0.0
nefer_06,2006-11-16,6070.0,10.41,20.05,2.74,0.0,0.0,0.0
nefer_06,2006-11-17,5650.0,6.43,14.25,1.42,0.0,0.0,0.0
nefer_06,2006-11-18,8510.0,5.77,17.28,0.7,0.0,0.0,0.0
nefer_06,2006-11-19,5530.0,7.21,15.52,5.12,0.0,0.0,0.0
nefer_06,2006-11-20,6040.0,6.48,14.84,0.5,0.0,0.0,0.0
nefer_06,2006-11-21,3810.0,9.87,15.44,18.76,0.0,0.0,0.0
nefer_06,2006-11-22,3270.0,9.11,14.06,12.7,0.0,0.0,0.0
nefer_06,2006-11-23,8560.0,10.9,20.67,0.18,0.0,0.0,0.0
nefer_06,2006-11-24,6320.0,9.29,17.85,0.78,0.0,0.0,0.000121
nefer_06,2006-11-25,3040.0,12.3,18.12,0.43,0.0,0.0,0.00025283
nefer_06,2006-11-26,4130.0,10.85,16.91,1.14,0.0,0.0,0.00048986
nefer_06,2006-11-27,8260.0,8.5,18.66,0.06,0.0,0.0,0.0007462
nefer_06,2006-11-28,4290.0,6.46,14.78,2.17,0.0,0.0,0.00106595
nefer_06,2006-11-29,5590.0,5.03,12.53,0.31,0.0,0.0,0.00137395
nefer_06,2006-11-30,6820.0,3.48,12.68,0.02,0.0,0.0,0.00171852
nefer_06,2006-12-01,7590.0,2.8,17.04,0.12,0.0,0.0,0.00212467
nefer_06,2006-12-02,4450.0,6.71,15.24,0.08,0.0,0.0,0.00273018
nefer_06,2006-12-03,6010.0,6.92,17.26,1.12,0.0,0.0,0.00351578
nefer_06,2006-12-04,4150.0,9.41,18.17,0.32,0.0,0.0,0.00448738
nefer_06,2006-12-05,7210.0,8.88,19.83,1.64,0.0,0.0,0.00569034
nefer_06,2006-12-06,4980.0,6.05,11.88,10.53,0.0,0.0,0.00700171
nefer_06,2006-12-07,2760.0,4.69,11.33,2.27,0.0,0.0,0.0078494
nefer_06,2006-12-08,2220.0,4.45,10.98,11.62,0.0,0.0,0.00868549
nefer_06,2006-12-09,5140.0,5.18,9.06,4.68,0.0,0.0,0.00956562
nefer_06,2006-12-10,3530.0,3.35,7.61,1.71,0.0,0.0,0.01044618
nefer_06,2006-12-11,7240.0,1.95,9.8,0.04,0.0,0.0,0.01117601
nefer_06,2006-12-12,4760.0,4.2,10.41,0.14,0.0,0.0,0.01201391
nefer_06,2006-12-13,3990.0,0.79,7.41,0.11,0.0,0.0,0.01312439
nefer_06,2006-12-14,7340.0,-0.06,10.62,0.06,0.0,0.0,0.01378608
nefer_06,2006-12-15,6620.0,1.98,14.41,0.16,0.0,0.0,0.01468767
nefer_06,2006-12-16,5950.0,4.15,13.27,0.06,0.0,0.0,0.01616392
nefer_06,2006-12-17,2580.0,2.12,8.18,0.8,0.0,0.0,0.01781502
nefer_06,2006-12-18,3910.0,1.12,6.11,0.85,0.0,0.0,0.01884012
nefer_06,2006-12-19,5230.0,-3.23,4.35,0.2,0.0,0.0,0.01959424
nefer_06,2006-12-20,6560.0,-3.56,4.66,0.01,0.0,0.0,0.01971648
nefer_06,2006-12-21,5390.0,-3.47,4.24,0.05,0.0,0.0,0.01983999
nefer_06,2006-12-22,5520.0,-2.56,3.75,0.05,0.0,0.0,0.01992893
nefer_06,2006-12-23,5280.0,-1.52,5.58,0.01,0.0,0.0,0.02007016
nefer_06,2006-12-24,3290.0,-3.48,3.94,0.01,0.0,0.0,0.02056585
nefer_06,2006-12-25,3180.0,-4.35,1.4,0.0,0.0,0.0,0.0206241
nefer_06,2006-12-26,6480.0,-4.36,4.46,0.0,0.0,0.0,0.0206241
nefer_06,2006-12-27,7600.0,2.73,10.4,0.05,0.0,0.0,0.02063732
nefer_06,2006-12-28,7470.0,0.48,10.48,0.0,0.0,0.0,0.0224181
nefer_06,2006-12-29,7490.0,1.7,10.86,0.05,0.0,0.0,0.02396692
nefer_06,2006-12-30,6680.0,2.75,14.4,0.05,0.0,0.0,0.02581509
nefer_06,2006-12-31,6330.0,6.26,16.4,0.0,0.0,0.0,0.02844128
nefer_06,2007-01-01,3300.0,7.57,13.15,2.34,0.0,0.0,0.03205045
nefer_06,2007-01-02,6160.0,4.79,10.82,1.62,0.0,0.0,0.03546093
nefer_06,2007-01-03,6520.0,5.19,11.87,0.25,0.0,0.0,0.03812735
nefer_06,2007-01-04,2920.0,5.69,11.67,1.17,0.0,0.0,0.04110822
nefer_06,2007-01-05,5130.0,7.68,12.01,0.79,0.0,0.0,0.0441676
nefer_06,2007-01-06,6920.0,5.55,14.66,0.12,0.0,0.0,0.04766925
nefer_06,2007-01-07,5530.0,5.87,13.81,0.71,0.0,0.0,0.05129796
nefer_06,2007-01-08,3550.0,7.42,11.32,1.74,0.0,0.0,0.05486718
nefer_06,2007-01-09,7550.0,8.74,16.27,0.0,0.0,0.0,0.05830178
nefer_06,2007-01-10,6790.0,4.9,15.44,0.05,0.0,0.0,0.06293586
nefer_06,2007-01-11,6500.0,4.15,14.17,0.01,0.0,0.0,0.06674756
nefer_06,2007-01-12,4860.0,9.27,13.63,0.06,0.0,0.0,0.07022113
nefer_06,2007-01-13,5730.0,5.49,14.83,0.05,0.0,0.0,0.07461576
nefer_06,2007-01-14,4300.0,5.33,13.01,0.19,0.0,0.0,0.07856391
nefer_06,2007-01-15,6360.0,3.55,14.63,0.0,0.0,0.0,0.08217288
nefer_06,2007-01-16,6140.0,4.81,12.81,0.08,0.0,0.0,0.08579714
nefer_06,2007-01-17,8550.0,4.81,16.07,0.0,0.0,0.0,0.08935663
nefer_06,2007-01-18,7360.0,7.26,15.44,0.0,0.0,0.0,0.09363199
nefer_06,2007-01-19,2960.0,9.89,13.94,0.1,0.0,0.0,0.09834422
nefer_06,2007-01-20,4680.0,8.26,14.5,0.05,0.0,0.0,0.10336036
nefer_06,2007-01-21,3870.0,5.46,11.4,0.91,0.0,0.0,0.10821932
nefer_06,2007-01-22,4860.0,1.77,9.25,6.16,0.0,0.0,0.11187042
nefer_06,2007-01-23,2240.0,-0.93,3.19,6.42,0.0,0.0,0.11429149
nefer_06,2007-01-24,6170.0,-2.11,3.0,0.96,0.0,0.0,0.11479528
nefer_06,2007-01-25,7160.0,-6.8,4.0,3.52,0.0,0.0,0.1149966
nefer_06,2007-01-26,8560.0,-7.67,0.26,0.0,0.0,0.0,0.1149966
nefer_06,2007-01-27,9810.0,-6.63,2.31,0.01,0.0,0.0,0.1149966
nefer_06,2007-01-28,7380.0,-2.07,4.67,0.01,0.0,0.0,0.1149966
nefer_06,2007-01-29,6510.0,-2.56,5.23,0.05,0.0,0.0,0.11562072
nefer_06,2007-01-30,8300.0,-2.15,7.51,0.01,0.0,0.0,0.11627132
nefer_06,2007-01-31,5350.0,-0.82,5.08,0.47,0.0,0.0,0.11759712
nefer_06,2007-02-01,2970.0,-0.35,6.05,0.07,0.0,0.0,0.11866678
nefer_06,2007-02-02,3910.0,0.05,7.05,0.01,0.0,0.0,0.12011968
nefer_06,2007-02-03,7230.0,0.51,10.73,0.0,0.0,0.0,0.12195679
nefer_06,2007-02-04,8220.0,1.61,12.26,0.01,0.0,0.0,0.12490907
nefer_06,2007-02-05,7270.0,4.55,12.37,0.47,0.0,0.0,0.1286071
nefer_06,2007-02-06,3480.0,4.94,9.21,2.94,0.0,0.0,0.1331862
nefer_06,2007-02-07,6190.0,4.12,10.71,2.23,0.0,0.0,0.13707311
nefer_06,2007-02-08,3300.0,4.05,12.08,4.46,0.0,0.0,0.14120775
nefer_06,2007-02-09,8090.0,2.06,11.17,3.92,0.0,0.0,0.14577185
nefer_06,2007-02-10,8270.0,3.76,12.23,6.56,0.0,0.0,0.14957092
nefer_06,2007-02-11,8090.0,5.79,16.76,8.07,0.0,0.0,0.15423038
nefer_06,2007-02-12,4550.0,6.15,13.23,14.37,0.0,0.0,0.16089798
nefer_06,2007-02-13,12590.0,4.18,12.66,1.0,0.0,0.0,0.16671207
nefer_06,2007-02-14,5570.0,6.59,17.51,2.19,0.0,0.0,0.17183759
nefer_06,2007-02-15,14010.0,2.69,16.39,0.02,0.0,0.0,0.17927884
nefer_06,2007-02-16,12450.0,3.02,18.41,0.0,0.0,0.0,0.1852547
nefer_06,2007-02-17,3960.0,5.47,13.38,1.05,0.0,0.0,0.19206237
nefer_06,2007-02-18,3900.0,4.66,7.58,5.23,0.0,0.0,0.19813534
nefer_06,2007-02-19,13160.0,3.64,13.79,0.04,0.0,0.0,0.20213425
nefer_06,2007-02-20,9830.0,3.86,14.58,0.12,0.0,0.0,0.20790838
nefer_06,2007-02-21,4370.0,4.75,11.08,1.78,0.0,0.0,0.21410186
nefer_06,2007-02-22,6490.0,3.48,14.87,0.0,0.0,0.0,0.21949193
nefer_06,2007-02-23,12910.0,5.35,16.18,3.06,0.0,0.0,0.22582544
nefer_06,2007-02-24,7370.0,7.22,12.26,5.57,0.0,0.0,0.23335729
nefer_06,2007-02-25,5630.0,7.23,10.56,10.17,0.0,0.0,0.24026365
nefer_06,2007-02-26,7860.0,7.12,11.2,7.88,0.0,0.0,0.246655
nefer_06,2007-02-27,8450.0,7.12,12.94,0.95,0.0,0.0,0.25332386
nefer_06,2007-02-28,7250.0,5.6,15.51,0.98,0.0,0.0,0.26072195
nefer_06,2007-03-01,11050.0,4.82,15.8,0.02,0.0,0.0,0.2686086
nefer_06,2007-03-02,8060.0,10.16,15.98,0.59,0.0,0.0,0.27641158
nefer_06,2007-03-03,6630.0,11.05,16.12,1.25,0.0,0.0,0.28642997
nefer_06,2007-03-04,14120.0,8.25,24.08,0.08,0.0,0.0,0.29697518
nefer_06,2007-03-05,12570.0,6.18,13.66,1.16,0.0,0.0,0.30968084
nefer_06,2007-03-06,6700.0,6.11,15.82,1.03,0.0,80.0,0.3175751
nefer_06,2007-03-07,6880.0,5.72,15.34,10.54,0.0,0.0,0.32640875
nefer_06,2007-03-08,8660.0,3.97,11.83,5.27,0.0,0.0,0.33499581
nefer_06,2007-03-09,11240.0,4.35,12.31,0.1,0.0,0.0,0.3415163
nefer_06,2007-03-10,17300.0,1.04,11.94,0.0,0.0,0.0,0.34847438
nefer_06,2007-03-11,17990.0,0.27,13.44,0.04,0.0,0.0,0.35396011
nefer_06,2007-03-12,17680.0,1.76,15.98,0.0,0.0,0.0,0.35982278
nefer_06,2007-03-13,17560.0,2.87,16.78,0.04,0.0,0.0,0.36749753
nefer_06,2007-03-14,16510.0,4.41,17.48,0.0,0.0,0.0,0.37609717
nefer_06,2007-03-15,16920.0,6.0,18.73,0.04,0.0,0.0,0.38578722
nefer_06,2007-03-16,12660.0,6.78,16.23,0.0,0.0,0.0,0.39685909
nefer_06,2007-03-17,18290.0,5.47,13.69,0.01,0.0,0.0,0.40727714
nefer_06,2007-03-18,8610.0,7.18,12.19,2.18,0.0,0.0,0.41604903
nefer_06,2007-03-19,7900.0,2.26,7.98,11.5,0.0,0.0,0.4250153
nefer_06,2007-03-20,9610.0,0.84,5.3,1.62,0.0,0.0,0.42980736
nefer_06,2007-03-21,9550.0,0.34,6.22,1.18,0.0,0.0,0.43271198
nefer_06,2007-03-22,10140.0,0.15,6.99,0.88,0.0,0.0,0.43584872
nefer_06,2007-03-23,10460.0,-0.1,8.87,6.94,0.0,0.0,0.43929923
nefer_06,2007-03-24,7520.0,3.43,7.42,6.36,0.0,0.0,0.4435823
nefer_06,2007-03-25,9630.0,2.94,7.94,5.2,0.0,0.0,0.44893673
nefer_06,2007-03-26,17480.0,2.15,14.29,0.63,0.0,0.0,0.4543617
nefer_06,2007-03-27,18610.0,3.17,16.02,1.66,0.0,0.0,0.46264332
nefer_06,2007-03-28,9930.0,5.36,12.51,2.33,0.0,0.0,0.47240875
nefer_06,2007-03-29,13600.0,3.18,12.81,2.3,0.0,0.0,0.48159427
nefer_06,2007-03-30,12320.0,4.8,9.77,7.3,0.0,0.0,0.48989564
nefer_06,2007-03-31,8330.0,3.77,10.78,5.07,0.0,0.0,0.49753475
nefer_06,2007-04-01,13920.0,3.94,17.28,1.36,0.0,0.0,0.50523824
nefer_06,2007-04-02,13110.0,9.73,16.3,1.84,0.0,0.0,0.5165824
nefer_06,2007-04-03,12500.0,7.93,14.79,2.74,0.0,0.0,0.53063199
nefer_06,2007-04-04,12420.0,2.14,9.49,5.39,0.0,0.0,0.543012
nefer_06,2007-04-05,14450.0,1.75,13.62,0.12,0.0,0.0,0.54940901
nefer_06,2007-04-06,20430.0,4.19,16.62,0.01,0.0,0.0,0.55794229
nefer_06,2007-04-07,21390.0,5.34,19.01,0.23,0.0,0.0,0.56960288
nefer_06,2007-04-08,22060.0,5.7,19.73,0.13,0.0,0.0,0.58337229
nefer_06,2007-04-09,22010.0,7.37,18.95,2.39,0.0,0.0,0.59788311
nefer_06,2007-04-10,17180.0,8.47,19.05,0.06,0.0,0.0,0.61303695
nefer_06,2007-04-11,18730.0,7.53,19.39,0.08,0.0,0.0,0.62902288
nefer_06,2007-04-12,11090.0,7.18,18.26,6.19,0.0,0.0,0.64479822
nefer_06,2007-04-13,5660.0,10.14,16.97,5.27,0.0,0.0,0.65983647
nefer_06,2007-04-14,7940.0,9.78,16.8,4.36,0.0,0.0,0.67600042
nefer_06,2007-04-15,11520.0,9.71,19.98,1.61,0.0,0.0,0.69198397
nefer_06,2007-04-16,9080.0,11.88,19.19,6.0,0.0,0.0,0.70998885
nefer_06,2007-04-17,16210.0,11.53,19.73,2.68,0.0,0.0,0.72898847
nefer_06,2007-04-18,18610.0,10.88,22.01,0.03,0.0,0.0,0.74826274
nefer_06,2007-04-19,23790.0,9.67,23.15,0.13,0.0,0.0,0.76870835
nefer_06,2007-04-20,23920.0,12.08,23.72,0.49,0.0,0.0,0.78927594
nefer_06,2007-04-21,22860.0,11.78,24.21,0.01,0.0,0.0,0.81189102
nefer_06,2007-04-22,23870.0,13.26,24.6,0.11,0.0,0.0,0.83480646
nefer_06,2007-04-23,24970.0,13.35,25.79,0.01,0.0,0.0,0.85910161
nefer_06,2007-04-24,25540.0,15.15,26.66,0.01,0.0,0.0,0.88441284
nefer_06,2007-04-25,15140.0,12.32,21.75,0.3,0.0,0.0,0.91165784
nefer_06,2007-04-26,19330.0,11.88,22.01,2.24,0.0,0.0,0.93402719
nefer_06,2007-04-27,18540.0,11.29,22.21,1.44,0.0,0.0,0.95644472
nefer_06,2007-04-28,22170.0,9.65,21.98,3.13,0.0,0.0,0.97876789
nefer_06,2007-04-29,20960.0,10.76,21.37,4.96,0.0,0.0,0.9999986
nefer_06,2007-04-30,22590.0,9.58,22.4,4.58,0.0,0.0,1.0
nefer_06,2007-05-01,5290.0,7.55,12.18,29.79,0.0,0.0,1.01332084
nefer_06,2007-05-02,16710.0,7.69,15.38,3.64,0.0,0.0,1.02153911
nefer_06,2007-05-03,17750.0,7.38,16.45,4.38,0.0,0.0,1.03114861
nefer_06,2007-05-04,14170.0,8.71,17.26,6.33,0.0,0.0,1.04107468
nefer_06,2007-05-05,11060.0,9.61,15.89,3.0,0.0,0.0,1.05189213
nefer_06,2007-05-06,17710.0,10.26,19.0,2.17,0.0,0.0,1.06251382
nefer_06,2007-05-07,10930.0,9.94,18.58,0.25,0.0,0.0,1.07470168
nefer_06,2007-05-08,15090.0,11.06,20.38,0.02,0.0,0.0,1.0865813
nefer_06,2007-05-09,25470.0,9.38,22.51,0.03,0.0,0.0,1.09967721
nefer_06,2007-05-10,28010.0,10.7,28.68,0.1,0.0,0.0,1.11296057
nefer_06,2007-05-11,25480.0,12.59,22.78,0.08,0.0,0.0,1.12936378
nefer_06,2007-05-12,26390.0,11.03,24.38,0.04,0.0,0.0,1.14409668
nefer_06,2007-05-13,23450.0,14.28,27.55,0.33,0.0,0.0,1.15884624
nefer_06,2007-05-14,12480.0,8.98,15.93,19.66,0.0,0.0,1.17626997
nefer_06,2007-05-15,22720.0,8.3,17.12,0.6,0.0,0.0,1.1866459
nefer_06,2007-05-16,11950.0,9.42,17.2,2.24,0.0,0.0,1.19723426
nefer_06,2007-05-17,9410.0,11.15,18.51,1.8,0.0,0.0,1.20832246
nefer_06,2007-05-18,16090.0,12.34,23.01,0.16,0.0,0.0,1.22067694
nefer_06,2007-05-19,10060.0,14.64,21.36,6.05,0.0,0.0,1.23540151
nefer_06,2007-05-20,16310.0,12.83,25.29,0.42,0.0,0.0,1.25039683
nefer_06,2007-05-21,20040.0,10.81,23.8,0.29,0.0,0.0,1.2662752
nefer_06,2007-05-22,19120.0,10.97,25.29,0.05,0.0,0.0,1.28069153
nefer_06,2007-05-23,24510.0,14.62,28.15,0.15,0.0,0.0,1.29579515
nefer_06,2007-05-24,24720.0,16.08,28.94,1.19,0.0,0.0,1.31361042
nefer_06,2007-05-25,14620.0,14.41,25.69,7.89,0.0,0.0,1.3323629
nefer_06,2007-05-26,6270.0,9.85,17.2,24.81,0.0,0.0,1.34906602
nefer_06,2007-05-27,19300.0,8.59,19.34,5.78,0.0,0.0,1.36033334
nefer_06,2007-05-28,16210.0,7.96,14.37,8.95,0.0,0.0,1.3719672
nefer_06,2007-05-29,17560.0,7.98,17.21,0.51,0.0,0.0,1.38126847
nefer_06,2007-05-30,25430.0,9.84,23.63,2.24,0.0,0.0,1.39176102
nefer_06,2007-05-31,10490.0,11.46,20.05,3.72,0.0,0.0,1.40570251
nefer_06,2007-06-01,19460.0,8.76,17.62,4.85,0.0,0.0,1.41882757
nefer_06,2007-06-02,18470.0,10.07,18.99,0.46,0.0,0.0,1.42981581
nefer_06,2007-06-03,21310.0,10.66,22.6,1.26,0.0,0.0,1.44192036
nefer_06,2007-06-04,8180.0,13.63,18.51,14.05,0.0,0.0,1.45577437
nefer_06,2007-06-05,17360.0,12.44,21.43,0.5,0.0,0.0,1.46916186
nefer_06,2007-06-06,15130.0,14.46,20.87,5.67,0.0,0.0,1.48326996
nefer_06,2007-06-07,25270.0,13.91,24.12,0.12,0.0,0.0,1.49798619
nefer_06,2007-06-08,28380.0,15.87,27.87,0.14,0.0,0.0,1.51382708
nefer_06,2007-06-09,25310.0,17.2,28.98,0.15,0.0,0.0,1.53204639
nefer_06,2007-06-10,21450.0,18.04,26.76,4.0,0.0,0.0,1.55128206
nefer_06,2007-06-11,24460.0,16.29,25.19,2.7,0.0,0.0,1.5699429
nefer_06,2007-06-12,28870.0,15.54,27.13,0.13,0.0,0.0,1.58722084
nefer_06,2007-06-13,24270.0,17.26,28.33,1.64,0.0,0.0,1.60499445
nefer_06,2007-06-14,18260.0,18.46,26.56,8.51,0.0,0.0,1.62398436
nefer_06,2007-06-15,21410.0,15.15,23.36,2.01,0.0,0.0,1.64273684
nefer_06,2007-06-16,25370.0,13.55,24.47,1.18,0.0,0.0,1.65877766
nefer_06,2007-06-17,16820.0,16.42,26.44,0.65,0.0,0.0,1.67461438
nefer_06,2007-06-18,23790.0,18.37,28.45,0.25,0.0,0.0,1.69246714
nefer_06,2007-06-19,21570.0,16.58,31.3,0.6,0.0,0.0,1.71196939
nefer_06,2007-06-20,24340.0,15.09,27.92,4.47,0.0,0.0,1.73191316
nefer_06,2007-06-21,23290.0,14.51,23.08,4.43,0.0,0.0,1.7498284
nefer_06,2007-06-22,20570.0,13.02,22.2,0.98,0.0,0.0,1.76548601
nefer_06,2007-06-23,21460.0,11.05,24.17,0.01,0.0,0.0,1.78015643
nefer_06,2007-06-24,22030.0,13.74,27.55,2.06,0.0,0.0,1.79482685
nefer_06,2007-06-25,6850.0,11.63,20.33,1.68,0.0,0.0,1.81202565
nefer_06,2007-06-26,20950.0,11.51,21.01,1.0,0.0,0.0,1.82533816
nefer_06,2007-06-27,16620.0,11.11,20.24,0.36,0.0,0.0,1.83888393
nefer_06,2007-06-28,28740.0,8.37,23.68,0.0,0.0,0.0,1.85194236
nefer_06,2007-06-29,20190.0,12.4,24.28,0.1,0.0,0.0,1.86529235
nefer_06,2007-06-30,27510.0,12.19,31.98,0.0,0.0,0.0,1.88057092
nefer_06,2007-07-01,9440.0,16.02,22.87,0.73,0.0,0.0,1.89896934
nefer_06,2007-07-02,15950.0,13.68,23.91,1.7,0.0,0.0,1.91516845
nefer_06,2007-07-03,19510.0,13.73,27.19,1.78,0.0,0.0,1.93082606
nefer_06,2007-07-04,21650.0,13.25,21.16,2.0,0.0,0.0,1.94787074
nefer_06,2007-07-05,27060.0,13.12,24.44,0.01,0.0,0.0,1.96220376
nefer_06,2007-07-06,29080.0,13.95,29.11,0.0,0.0,0.0,1.97784888
nefer_06,2007-07-07,28570.0,16.93,31.62,0.02,0.0,0.0,1.99578495
nefer_06,2007-07-08,9680.0,16.65,28.09,2.82,0.0,0.0,2.0
nefer_06,2007-07-09,17640.0,12.45,21.7,2.59,0.0,0.0,2.0
nefer_06,2007-07-10,23490.0,11.58,22.3,1.39,0.0,0.0,2.0
nefer_06,2007-07-11,14380.0,13.05,23.15,2.64,0.0,0.0,2.0
nefer_06,2007-07-12,26640.0,13.49,26.3,0.06,0.0,0.0,2.0
nefer_06,2007-07-13,29380.0,13.94,33.32,0.08,0.0,0.0,2.0
nefer_06,2007-07-14,26950.0,18.86,32.92,0.0,0.0,0.0,2.0
nefer_06,2007-07-15,28040.0,17.88,36.97,0.0,0.0,0.0,2.0
nefer_06,2007-07-16,20470.0,16.6,31.15,0.14,0.0,0.0,2.0
nefer_06,2007-07-17,24680.0,16.97,30.76,0.23,0.0,0.0,2.0
nefer_06,2007-07-18,19670.0,17.14,29.54,0.14,0.0,0.0,2.0
nefer_06,2007-07-19,20230.0,16.32,30.56,0.27,0.0,0.0,2.0
nefer_06,2007-07-20,11410.0,15.87,23.57,1.79,0.0,0.0,2.0
nefer_06,2007-07-21,8490.0,13.68,20.18,3.98,0.0,0.0,2.0
nefer_06,2007-07-22,23980.0,11.71,29.3,0.46,0.0,0.0,2.0
nefer_06,2007-07-23,13160.0,16.35,27.12,1.25,0.0,0.0,2.0
nefer_06,2007-07-24,23790.0,13.99,24.99,1.17,0.0,0.0,2.0
nefer_06,2007-07-25,29270.0,11.87,28.23,0.0,0.0,0.0,2.0
nefer_06,2007-07-26,28510.0,16.54,33.27,0.0,0.0,0.0,2.0
nefer_06,2007-07-27,23570.0,15.99,30.83,0.0,0.0,0.0,2.0
nefer_06,2007-07-28,22790.0,16.8,30.7,0.04,0.0,0.0,2.0
nefer_06,2007-07-29,21470.0,17.4,29.55,0.08,0.0,0.0,2.0
nefer_06,2007-07-30,16980.0,16.9,28.33,0.05,0.0,0.0,2.0
nefer_06,2007-07-31,26750.0,14.38,31.19,0.0,0.0,0.0,2.0
nefer_06,2007-08-01,24130.0,17.7,37.29,0.1,0.0,0.0,2.0
nefer_06,2007-08-02,19760.0,16.69,28.26,0.55,0.0,0.0,2.0
nefer_06,2007-08-03,27190.0,13.65,28.55,0.0,0.0,0.0,2.0
nefer_06,2007-08-04,27980.0,15.91,33.58,0.0,0.0,0.0,2.0
nefer_06,2007-08-05,25990.0,18.41,38.53,0.01,0.0,0.0,2.0
nefer_06,2007-08-06,7480.0,16.61,25.51,10.06,0.0,0.0,2.0
nefer_06,2007-08-07,11060.0,13.97,20.65,5.24,0.0,0.0,2.0
nefer_06,2007-08-08,22340.0,11.94,24.37,0.81,0.0,0.0,2.0
nefer_06,2007-08-09,24130.0,11.48,25.54,0.0,0.0,0.0,2.0
nefer_06,2007-08-10,24130.0,11.48,25.54,0.0,0.0,0.0,2.0
nefer_06,2007-08-11,24130.0,11.48,25.54,0.0,0.0,0.0,2.0
nefer_06,2007-08-12,24130.0,11.48,25.54,0.0,0.0,0.0,2.0
nefer_06,2007-08-13,24130.0,11.48,25.54,0.0,0.0,0.0,2.0
nefer_06,2007-08-14,24130.0,11.48,25.54,0.0,0.0,0.0,2.0
nefer_06,2007-08-15,24130.0,11.48,25.54,0.0,0.0,0.0,2.0
nefer_06,2007-08-16,24130.0,11.48,25.54,0.0,0.0,0.0,2.0
nefer_06,2007-08-17,24130.0,11.48,25.54,0.0,0.0,0.0,2.0
nefer_06,2007-08-18,24130.0,11.48,25.54,0.0,0.0,0.0,2.0
nefer_06,2007-08-19,24130.0,11.48,25.54,0.0,0.0,0.0,2.0
nefer_06,2007-08-20,24130.0,11.48,25.54,0.0,0.0,0.0,2.0
nefer_06,2007-08-21,24130.0,11.48,25.54,0.0,0.0,0.0,2.0
nefer_06,2007-08-22,24130.0,11.48,25.54,0.0,0.0,0.0,2.0
nefer_06,2007-08-23,24130.0,11.48,25.54,0.0,0.0,0.0,2.0
nefer_06,2007-08-24,24130.0,11.48,25.54,0.0,0.0,0.0,2.0
nefer_06,2007-08-25,24130.0,11.48,25.54,0.0,0.0,0.0,2.0
nefer_06,2007-08-26,24130.0,11.48,25.54,0.0,0.0,0.0,2.0
nefer_06,2007-08-27,24130.0,11.48,25.54,0.0,0.0,0.0,2.0
nefer_06,2007-08-28,24130.0,11.48,25.54,0.0,0.0,0.0,2.0
nefer_06,2007-08-29,24130.0,11.48,25.54,0.0,0.0,0.0,2.0
nefer_06,2007-08-30,24130.0,11.48,25.54,0.0,0.0,0.0,2.0
nefer_06,2007-08-31,24130.0,11.48,25.54,0.0,0.0,0.0,2.0
nefer_06,2007-09-01,24130.0,11.48,25.54,0.0,0.0,0.0,2.0
nefer_06,2007-09-02,24130.0,11.48,25.54,0.0,0.0,0.0,2.0
nefer_06,2007-09-03,24130.0,11.48,25.54,0.0,0.0,0.0,2.0
nefer_06,2007-09-04,24130.0,11.48,25.54,0.0,0.0,0.0,2.0
nefer_06,2007-09-05,24130.0,11.48,25.54,0.0,0.0,0.0,2.0
nefer_06,2007-09-06,24130.0,11.48,25.54,0.0,0.0,0.0,2.0
nefer_06,2007-09-07,24130.0,11.48,25.54,0.0,0.0,0.0,2.0
nefer_06,2007-09-08,24130.0,11.48,25.54,0.0,0.0,0.0,2.0
nefer_06,2007-09-09,24130.0,11.48,25.54,0.0,0.0,0.0,2.0
nefer_06,2007-09-10,24130.0,11.48,25.54,0.0,0.0,0.0,2.0
nefer_06,2007-09-11,24130.0,11.48,25.54,0.0,0.0,0.0,2.0
nefer_06,2007-09-12,24130.0,11.48,25.54,0.0,0.0,0.0,2.0
nefer_06,2007-09-13,24130.0,11.48,25.54,0.0,0.0,0.0,2.0
nefer_06,2007-09-14,24130.0,11.48,25.54,0.0,0.0,0.0,2.0
nefer_06,2007-09-15,24130.0,11.48,25.54,0.0,0.0,0.0,2.0
nefer_06,2007-09-16,24130.0,11.48,25.54,0.0,0.0,0.0,2.0
nefer_06,2007-09-17,24130.0,11.48,25.54,0.0,0.0,0.0,2.0
nefer_06,2007-09-18,24130.0,11.48,25.54,0.0,0.0,0.0,2.0
nefer_06,2007-09-19,24130.0,11.48,25.54,0.0,0.0,0.0,2.0
nefer_06,2007-09-20,24130.0,11.48,25.54,0.0,0.0,0.0,2.0
nefer_06,2007-09-21,24130.0,11.48,25.54,0.0,0.0,0.0,2.0
nefer_06,2007-09-22,24130.0,11.48,25.54,0.0,0.0,0.0,2.0
nefer_06,2007-09-23,24130.0,11.48,25.54,0.0,0.0,0.0,2.0
nefer_06,2007-09-24,24130.0,11.48,25.54,0.0,0.0,0.0,2.0
nefer_06,2007-09-25,24130.0,11.48,25.54,0.0,0.0,0.0,2.0
nefer_06,2007-09-26,24130.0,11.48,25.54,0.0,0.0,0.0,2.0
nefer_06,2007-09-27,24130.0,11.48,25.54,0.0,0.0,0.0,2.0
nefer_06,2007-09-28,24130.0,11.48,25.54,0.0,0.0,0.0,2.0
nefer_06,2007-09-29,24130.0,11.48,25.54,0.0,0.0,0.0,2.0
nefer_06,2007-09-30,24130.0,11.48,25.54,0.0,0.0,0.0,2.0
nefer_06,2007-10-01,24130.0,11.48,25.54,0.0,0.0,0.0,2.0
nefer_06,2007-10-02,24130.0,11.48,25.54,0.0,0.0,0.0,2.0
nefer_06,2007-10-03,24130.0,11.48,25.54,0.0,0.0,0.0,2.0
nefer_06,2007-10-04,24130.0,11.48,25.54,0.0,0.0,0.0,2.0
nefer_06,2007-10-05,24130.0,11.48,25.54,0.0,0.0,0.0,2.0
nefer_06,2007-10-06,24130.0,11.48,25.54,0.0,0.0,0.0,2.0
nefer_06,2007-10-07,24130.0,11.48,25.54,0.0,0.0,0.0,2.0
nefer_06,2007-10-08,24130.0,11.48,25.54,0.0,0.0,0.0,2.0
nefer_06,2007-10-09,24130.0,11.48,25.54,0.0,0.0,0.0,2.0
nefer_06,2007-10-10,24130.0,11.48,25.54,0.0,0.0,0.0,2.0
nefer_06,2007-10-11,24130.0,11.48,25.54,0.0,0.0,0.0,2.0
nefer_06,2007-10-12,24130.0,11.48,25.54,0.0,0.0,0.0,2.0
nefer_06,2007-10-13,24130.0,11.48,25.54,0.0,0.0,0.0,2.0
nefer_06,2007-10-14,24130.0,11.48,25.54,0.0,0.0,0.0,2.0
nefer_06,2007-10-15,24130.0,11.48,25.54,0.0,0.0,0.0,2.0
nefer_06,2007-10-16,24130.0,11.48,25.54,0.0,0.0,0.0,2.0
nefer_06,2007-10-17,24130.0,11.48,25.54,0.0,0.0,0.0,2.0
nefer_06,2007-10-18,24130.0,11.48,25.54,0.0,0.0,0.0,2.0
nefer_06,2007-10-19,24130.0,11.48,25.54,0.0,0.0,0.0,2.0
nefer_06,2007-10-20,24130.0,11.48,25.54,0.0,0.0,0.0,2.0
nefer_06,2007-10-21,24130.0,11.48,25.54,0.0,0.0,0.0,2.0
nefer_06,2007-10-22,24130.0,11.48,25.54,0.0,0.0,0.0,2.0
nefer_06,2007-10-23,24130.0,11.48,25.54,0.0,0.0,0.0,2.0
nefer_06,2007-10-24,24130.0,11.48,25.54,0.0,0.0,0.0,2.0
nefer_06,2007-10-25,24130.0,11.48,25.54,0.0,0.0,0.0,2.0
nefer_06,2007-10-26,24130.0,11.48,25.54,0.0,0.0,0.0,2.0
nefer_06,2007-10-27,24130.0,11.48,25.54,0.0,0.0,0.0,2.0
nefer_06,2007-10-28,24130.0,11.48,25.54,0.0,0.0,0.0,2.0
nefer_06,2007-10-29,24130.0,11.48,25.54,0.0,0.0,0.0,2.0
nefer_06,2007-10-30,24130.0,11.48,25.54,0.0,0.0,0.0,2.0
nefer_06,2007-10-31,24130.0,11.48,25.54,0.0,0.0,0.0,2.0
nefer_06,2007-11-01,24130.0,11.48,25.54,0.0,0.0,0.0,2.0
nefer_06,2007-11-02,24130.0,11.48,25.54,0.0,0.0,0.0,2.0
nefer_06,2007-11-03,24130.0,11.48,25.54,0.0,0.0,0.0,2.0
nefer_06,2007-11-04,24130.0,11.48,25.54,0.0,0.0,0.0,2.0
nefer_06,2007-11-05,24130.0,11.48,25.54,0.0,0.0,0.0,2.0
nefer_06,2007-11-06,24130.0,11.48,25.54,0.0,0.0,0.0,2.0
nefer_06,2007-11-07,24130.0,11.48,25.54,0.0,0.0,0.0,2.0
nefer_06,2007-11-08,24130.0,11.48,25.54,0.0,0.0,0.0,2.0
nefer_07,2006-11-09,8700.0,10.27,20.43,0.05,0.0,0.0,-0.1
nefer_07,2006-11-10,9690.0,9.6,20.09,0.12,0.0,0.0,0.0
nefer_07,2006-11-11,5030.0,8.96,16.8,1.0,0.0,0.0,0.0
nefer_07,2006-11-12,4510.0,9.46,14.4,3.26,0.0,0.0,0.0
nefer_07,2006-11-13,8570.0,8.87,15.19,0.02,0.0,0.0,0.0
nefer_07,2006-11-14,9980.0,6.29,16.24,0.06,0.0,0.0,0.0
nefer_07,2006-11-15,8890.0,6.48,22.37,0.23,0.0,0.0,0.0
nefer_07,2006-11-16,6070.0,10.41,20.05,2.74,0.0,0.0,0.0
nefer_07,2006-11-17,5650.0,6.43,14.25,1.42,0.0,0.0,0.0
nefer_07,2006-11-18,8510.0,5.77,17.28,0.7,0.0,0.0,0.0
nefer_07,2006-11-19,5530.0,7.21,15.52,5.12,0.0,0.0,0.0
nefer_07,2006-11-20,6040.0,6.48,14.84,0.5,0.0,0.0,0.0
nefer_07,2006-11-21,3810.0,9.87,15.44,18.76,0.0,0.0,0.0
nefer_07,2006-11-22,3270.0,9.11,14.06,12.7,0.0,0.0,0.0
nefer_07,2006-11-23,8560.0,10.9,20.67,0.18,0.0,0.0,0.0
nefer_07,2006-11-24,6320.0,9.29,17.85,0.78,0.0,0.0,0.000121
nefer_07,2006-11-25,3040.0,12.3,18.12,0.43,0.0,0.0,0.00025283
nefer_07,2006-11-26,4130.0,10.85,16.91,1.14,0.0,0.0,0.00048986
nefer_07,2006-11-27,8260.0,8.5,18.66,0.06,0.0,0.0,0.0007462
nefer_07,2006-11-28,4290.0,6.46,14.78,2.17,0.0,0.0,0.00106595
nefer_07,2006-11-29,5590.0,5.03,12.53,0.31,0.0,0.0,0.00137395
nefer_07,2006-11-30,6820.0,3.48,12.68,0.02,0.0,0.0,0.00171852
nefer_07,2006-12-01,7590.0,2.8,17.04,0.12,0.0,0.0,0.00212467
nefer_07,2006-12-02,4450.0,6.71,15.24,0.08,0.0,0.0,0.00273018
nefer_07,2006-12-03,6010.0,6.92,17.26,1.12,0.0,0.0,0.00351578
nefer_07,2006-12-04,4150.0,9.41,18.17,0.32,0.0,0.0,0.00448738
nefer_07,2006-12-05,7210.0,8.88,19.83,1.64,0.0,0.0,0.00569034
nefer_07,2006-12-06,4980.0,6.05,11.88,10.53,0.0,0.0,0.00700171
nefer_07,2006-12-07,2760.0,4.69,11.33,2.27,0.0,0.0,0.0078494
nefer_07,2006-12-08,2220.0,4.45,10.98,11.62,0.0,0.0,0.00868549
nefer_07,2006-12-09,5140.0,5.18,9.06,4.68,0.0,0.0,0.00956562
nefer_07,2006-12-10,3530.0,3.35,7.61,1.71,0.0,0.0,0.01044618
nefer_07,2006-12-11,7240.0,1.95,9.8,0.04,0.0,0.0,0.01117601
nefer_07,2006-12-12,4760.0,4.2,10.41,0.14,0.0,0.0,0.01201391
nefer_07,2006-12-13,3990.0,0.79,7.41,0.11,0.0,0.0,0.01312439
nefer_07,2006-12-14,7340.0,-0.06,10.62,0.06,0.0,0.0,0.01378608
nefer_07,2006-12-15,6620.0,1.98,14.41,0.16,0.0,0.0,0.01468767
nefer_07,2006-12-16,5950.0,4.15,13.27,0.06,0.0,0.0,0.01616392
nefer_07,2006-12-17,2580.0,2.12,8.18,0.8,0.0,0.0,0.01781502
nefer_07,2006-12-18,3910.0,1.12,6.11,0.85,0.0,0.0,0.01884012
nefer_07,2006-12-19,5230.0,-3.23,4.35,0.2,0.0,0.0,0.01959424
nefer_07,2006-12-20,6560.0,-3.56,4.66,0.01,0.0,0.0,0.01971648
nefer_07,2006-12-21,5390.0,-3.47,4.24,0.05,0.0,0.0,0.01983999
nefer_07,2006-12-22,5520.0,-2.56,3.75,0.05,0.0,0.0,0.01992893
nefer_07,2006-12-23,5280.0,-1.52,5.58,0.01,0.0,0.0,0.02007016
nefer_07,2006-12-24,3290.0,-3.48,3.94,0.01,0.0,0.0,0.02056585
nefer_07,2006-12-25,3180.0,-4.35,1.4,0.0,0.0,0.0,0.0206241
nefer_07,2006-12-26,6480.0,-4.36,4.46,0.0,0.0,0.0,0.0206241
nefer_07,2006-12-27,7600.0,2.73,10.4,0.05,0.0,0.0,0.02063732
nefer_07,2006-12-28,7470.0,0.48,10.48,0.0,0.0,0.0,0.0224181
nefer_07,2006-12-29,7490.0,1.7,10.86,0.05,0.0,0.0,0.02396692
nefer_07,2006-12-30,6680.0,2.75,14.4,0.05,0.0,0.0,0.02581509
nefer_07,2006-12-31,6330.0,6.26,16.4,0.0,0.0,0.0,0.02844128
nefer_07,2007-01-01,3300.0,7.57,13.15,2.34,0.0,0.0,0.03205045
nefer_07,2007-01-02,6160.0,4.79,10.82,1.62,0.0,0.0,0.03546093
nefer_07,2007-01-03,6520.0,5.19,11.87,0.25,0.0,0.0,0.03812735
nefer_07,2007-01-04,2920.0,5.69,11.67,1.17,0.0,0.0,0.04110822
nefer_07,2007-01-05,5130.0,7.68,12.01,0.79,0.0,0.0,0.0441676
nefer_07,2007-01-06,6920.0,5.55,14.66,0.12,0.0,0.0,0.04766925
nefer_07,2007-01-07,5530.0,5.87,13.81,0.71,0.0,0.0,0.05129796
nefer_07,2007-01-08,3550.0,7.42,11.32,1.74,0.0,0.0,0.05486718
nefer_07,2007-01-09,7550.0,8.74,16.27,0.0,0.0,0.0,0.05830178
nefer_07,2007-01-10,6790.0,4.9,15.44,0.05,0.0,0.0,0.06293586
nefer_07,2007-01-11,6500.0,4.15,14.17,0.01,0.0,0.0,0.06674756
nefer_07,2007-01-12,4860.0,9.27,13.63,0.06,0.0,0.0,0.07022113
nefer_07,2007-01-13,5730.0,5.49,14.83,0.05,0.0,0.0,0.07461576
nefer_07,2007-01-14,4300.0,5.33,13.01,0.19,0.0,0.0,0.07856391
nefer_07,2007-01-15,6360.0,3.55,14.63,0.0,0.0,0.0,0.08217288
nefer_07,2007-01-16,6140.0,4.81,12.81,0.08,0.0,0.0,0.08579714
nefer_07,2007-01-17,8550.0,4.81,16.07,0.0,0.0,0.0,0.08935663
nefer_07,2007-01-18,7360.0,7.26,15.44,0.0,0.0,0.0,0.09363199
nefer_07,2007-01-19,2960.0,9.89,13.94,0.1,0.0,0.0,0.09834422
nefer_07,2007-01-20,4680.0,8.26,14.5,0.05,0.0,0.0,0.10336036
nefer_07,2007-01-21,3870.0,5.46,11.4,0.91,0.0,0.0,0.10821932
nefer_07,2007-01-22,4860.0,1.77,9.25,6.16,0.0,0.0,0.11187042
nefer_07,2007-01-23,2240.0,-0.93,3.19,6.42,0.0,0.0,0.11429149
nefer_07,2007-01-24,6170.0,-2.11,3.0,0.96,0.0,0.0,0.11479528
nefer_07,2007-01-25,7160.0,-6.8,4.0,3.52,0.0,0.0,0.1149966
nefer_07,2007-01-26,8560.0,-7.67,0.26,0.0,0.0,0.0,0.1149966
nefer_07,2007-01-27,9810.0,-6.63,2.31,0.01,0.0,0.0,0.1149966
nefer_07,2007-01-28,7380.0,-2.07,4.67,0.01,0.0,0.0,0.1149966
nefer_07,2007-01-29,6510.0,-2.56,5.23,0.05,0.0,0.0,0.11562072
nefer_07,2007-01-30,8300.0,-2.15,7.51,0.01,0.0,0.0,0.11627132
nefer_07,2007-01-31,5350.0,-0.82,5.08,0.47,0.0,0.0,0.11759712
nefer_07,2007-02-01,2970.0,-0.35,6.05,0.07,0.0,0.0,0.11866678
nefer_07,2007-02-02,3910.0,0.05,7.05,0.01,0.0,0.0,0.12011968
nefer_07,2007-02-03,7230.0,0.51,10.73,0.0,0.0,0.0,0.12195679
nefer_07,2007-02-04,8220.0,1.61,12.26,0.01,0.0,0.0,0.12490907
nefer_07,2007-02-05,7270.0,4.55,12.37,0.47,0.0,0.0,0.1286071
nefer_07,2007-02-06,3480.0,4.94,9.21,2.94,0.0,0.0,0.1331862
nefer_07,2007-02-07,6190.0,4.12,10.71,2.23,0.0,0.0,0.13707311
nefer_07,2007-02-08,3300.0,4.05,12.08,4.46,0.0,0.0,0.14120775
nefer_07,2007-02-09,8090.0,2.06,11.17,3.92,0.0,0.0,0.14577185
nefer_07,2007-02-10,8270.0,3.76,12.23,6.56,0.0,0.0,0.14957092
nefer_07,2007-02-11,8090.0,5.79,16.76,8.07,0.0,0.0,0.15423038
nefer_07,2007-02-12,4550.0,6.15,13.23,14.37,0.0,0.0,0.16089798
nefer_07,2007-02-13,12590.0,4.18,12.66,1.0,0.0,0.0,0.16671207
nefer_07,2007-02-14,5570.0,6.59,17.51,2.19,0.0,0.0,0.17183759
nefer_07,2007-02-15,14010.0,2.69,16.39,0.02,0.0,0.0,0.17927884
nefer_07,2007-02-16,12450.0,3.02,18.41,0.0,0.0,0.0,0.1852547
nefer_07,2007-02-17,3960.0,5.47,13.38,1.05,0.0,0.0,0.19206237
nefer_07,2007-02-18,3900.0,4.66,7.58,5.23,0.0,0.0,0.19813534
nefer_07,2007-02-19,13160.0,3.64,13.79,0.04,0.0,0.0,0.20213425
nefer_07,2007-02-20,9830.0,3.86,14.58,0.12,0.0,0.0,0.20790838
nefer_07,2007-02-21,4370.0,4.75,11.08,1.78,0.0,0.0,0.21410186
nefer_07,2007-02-22,6490.0,3.48,14.87,0.0,0.0,0.0,0.21949193
nefer_07,2007-02-23,12910.0,5.35,16.18,3.06,0.0,0.0,0.22582544
nefer_07,2007-02-24,7370.0,7.22,12.26,5.57,0.0,0.0,0.23335729
nefer_07,2007-02-25,5630.0,7.23,10.56,10.17,0.0,0.0,0.24026365
nefer_07,2007-02-26,7860.0,7.12,11.2,7.88,0.0,0.0,0.246655
nefer_07,2007-02-27,8450.0,7.12,12.94,0.95,0.0,0.0,0.25332386
nefer_07,2007-02-28,7250.0,5.6,15.51,0.98,0.0,0.0,0.26072195
nefer_07,2007-03-01,11050.0,4.82,15.8,0.02,0.0,0.0,0.2686086
nefer_07,2007-03-02,8060.0,10.16,15.98,0.59,0.0,0.0,0.27641158
nefer_07,2007-03-03,6630.0,11.05,16.12,1.25,0.0,0.0,0.28642997
nefer_07,2007-03-04,14120.0,8.25,24.08,0.08,0.0,0.0,0.29697518
nefer_07,2007-03-05,12570.0,6.18,13.66,1.16,0.0,0.0,0.30968084
nefer_07,2007-03-06,6700.0,6.11,15.82,1.03,0.0,80.0,0.3175751
nefer_07,2007-03-07,6880.0,5.72,15.34,10.54,0.0,0.0,0.32640875
nefer_07,2007-03-08,8660.0,3.97,11.83,5.27,0.0,0.0,0.33499581
nefer_07,2007-03-09,11240.0,4.35,12.31,0.1,0.0,0.0,0.3415163
nefer_07,2007-03-10,17300.0,1.04,11.94,0.0,0.0,0.0,0.34847438
nefer_07,2007-03-11,17990.0,0.27,13.44,0.04,0.0,0.0,0.35396011
nefer_07,2007-03-12,17680.0,1.76,15.98,0.0,0.0,0.0,0.35982278
nefer_07,2007-03-13,17560.0,2.87,16.78,0.04,0.0,0.0,0.36749753
nefer_07,2007-03-14,16510.0,4.41,17.48,0.0,0.0,0.0,0.37609717
nefer_07,2007-03-15,16920.0,6.0,18.73,0.04,0.0,0.0,0.38578722
nefer_07,2007-03-16,12660.0,6.78,16.23,0.0,0.0,0.0,0.39685909
nefer_07,2007-03-17,18290.0,5.47,13.69,0.01,0.0,0.0,0.40727714
nefer_07,2007-03-18,8610.0,7.18,12.19,2.18,0.0,0.0,0.41604903
nefer_07,2007-03-19,7900.0,2.26,7.98,11.5,0.0,0.0,0.4250153
nefer_07,2007-03-20,9610.0,0.84,5.3,1.62,0.0,0.0,0.42980736
nefer_07,2007-03-21,9550.0,0.34,6.22,1.18,0.0,0.0,0.43271198
nefer_07,2007-03-22,10140.0,0.15,6.99,0.88,0.0,0.0,0.43584872
nefer_07,2007-03-23,10460.0,-0.1,8.87,6.94,0.0,0.0,0.43929923
nefer_07,2007-03-24,7520.0,3.43,7.42,6.36,0.0,0.0,0.4435823
nefer_07,2007-03-25,9630.0,2.94,7.94,5.2,0.0,0.0,0.44893673
nefer_07,2007-03-26,17480.0,2.15,14.29,0.63,0.0,0.0,0.4543617
nefer_07,2007-03-27,18610.0,3.17,16.02,1.66,0.0,0.0,0.46264332
nefer_07,2007-03-28,9930.0,5.36,12.51,2.33,0.0,0.0,0.47240875
nefer_07,2007-03-29,13600.0,3.18,12.81,2.3,0.0,0.0,0.48159427
nefer_07,2007-03-30,12320.0,4.8,9.77,7.3,0.0,0.0,0.48989564
nefer_07,2007-03-31,8330.0,3.77,10.78,5.07,0.0,0.0,0.49753475
nefer_07,2007-04-01,13920.0,3.94,17.28,1.36,0.0,0.0,0.50523824
nefer_07,2007-04-02,13110.0,9.73,16.3,1.84,0.0,0.0,0.5165824
nefer_07,2007-04-03,12500.0,7.93,14.79,2.74,0.0,0.0,0.53063199
nefer_07,2007-04-04,12420.0,2.14,9.49,5.39,0.0,0.0,0.543012
nefer_07,2007-04-05,14450.0,1.75,13.62,0.12,0.0,0.0,0.54940901
nefer_07,2007-04-06,20430.0,4.19,16.62,0.01,0.0,0.0,0.55794229
nefer_07,2007-04-07,21390.0,5.34,19.01,0.23,0.0,0.0,0.56960288
nefer_07,2007-04-08,22060.0,5.7,19.73,0.13,0.0,0.0,0.58337229
nefer_07,2007-04-09,22010.0,7.37,18.95,2.39,0.0,0.0,0.59788311
nefer_07,2007-04-10,17180.0,8.47,19.05,0.06,0.0,0.0,0.61303695
nefer_07,2007-04-11,18730.0,7.53,19.39,0.08,0.0,0.0,0.62902288
nefer_07,2007-04-12,11090.0,7.18,18.26,6.19,0.0,0.0,0.64479822
nefer_07,2007-04-13,5660.0,10.14,16.97,5.27,0.0,0.0,0.65983647
nefer_07,2007-04-14,7940.0,9.78,16.8,4.36,0.0,0.0,0.67600042
nefer_07,2007-04-15,11520.0,9.71,19.98,1.61,0.0,0.0,0.69198397
nefer_07,2007-04-16,9080.0,11.88,19.19,6.0,0.0,0.0,0.70998885
nefer_07,2007-04-17,16210.0,11.53,19.73,2.68,0.0,0.0,0.72898847
nefer_07,2007-04-18,18610.0,10.88,22.01,0.03,0.0,0.0,0.74826274
nefer_07,2007-04-19,23790.0,9.67,23.15,0.13,0.0,0.0,0.76870835
nefer_07,2007-04-20,23920.0,12.08,23.72,0.49,0.0,0.0,0.78927594
nefer_07,2007-04-21,22860.0,11.78,24.21,0.01,0.0,0.0,0.81189102
nefer_07,2007-04-22,23870.0,13.26,24.6,0.11,0.0,0.0,0.83480646
nefer_07,2007-04-23,24970.0,13.35,25.79,0.01,0.0,0.0,0.85910161
nefer_07,2007-04-24,25540.0,15.15,26.66,0.01,0.0,0.0,0.88441284
nefer_07,2007-04-25,15140.0,12.32,21.75,0.3,0.0,0.0,0.91165784
nefer_07,2007-04-26,19330.0,11.88,22.01,2.24,0.0,60.0,0.93402719
nefer_07,2007-04-27,18540.0,11.29,22.21,1.44,0.0,0.0,0.95644472
nefer_07,2007-04-28,22170.0,9.65,21.98,3.13,0.0,0.0,0.97876789
nefer_07,2007-04-29,20960.0,10.76,21.37,4.96,0.0,0.0,0.9999986
nefer_07,2007-04-30,22590.0,9.58,22.4,4.58,0.0,0.0,1.0
nefer_07,2007-05-01,5290.0,7.55,12.18,29.79,0.0,0.0,1.01332084
nefer_07,2007-05-02,16710.0,7.69,15.38,3.64,0.0,0.0,1.02153911
nefer_07,2007-05-03,17750.0,7.38,16.45,4.38,0.0,0.0,1.03114861
nefer_07,2007-05-04,14170.0,8.71,17.26,6.33,0.0,0.0,1.04107468
nefer_07,2007-05-05,11060.0,9.61,15.89,3.0,0.0,0.0,1.05189213
nefer_07,2007-05-06,17710.0,10.26,19.0,2.17,0.0,0.0,1.06251382
nefer_07,2007-05-07,10930.0,9.94,18.58,0.25,0.0,0.0,1.07470168
nefer_07,2007-05-08,15090.0,11.06,20.38,0.02,0.0,0.0,1.0865813
nefer_07,2007-05-09,25470.0,9.38,22.51,0.03,0.0,0.0,1.09967721
nefer_07,2007-05-10,28010.0,10.7,28.68,0.1,0.0,0.0,1.11296057
nefer_07,2007-05-11,25480.0,12.59,22.78,0.08,0.0,0.0,1.12936378
nefer_07,2007-05-12,26390.0,11.03,24.38,0.04,0.0,0.0,1.14409668
nefer_07,2007-05-13,23450.0,14.28,27.55,0.33,0.0,0.0,1.15884624
nefer_07,2007-05-14,12480.0,8.98,15.93,19.66,0.0,0.0,1.17626997
nefer_07,2007-05-15,22720.0,8.3,17.12,0.6,0.0,0.0,1.1866459
nefer_07,2007-05-16,11950.0,9.42,17.2,2.24,0.0,0.0,1.19723426
nefer_07,2007-05-17,9410.0,11.15,18.51,1.8,0.0,0.0,1.20832246
nefer_07,2007-05-18,16090.0,12.34,23.01,0.16,0.0,0.0,1.22067694
nefer_07,2007-05-19,10060.0,14.64,21.36,6.05,0.0,0.0,1.23540151
nefer_07,2007-05-20,16310.0,12.83,25.29,0.42,0.0,0.0,1.25039683
nefer_07,2007-05-21,20040.0,10.81,23.8,0.29,0.0,0.0,1.2662752
nefer_07,2007-05-22,19120.0,10.97,25.29,0.05,0.0,0.0,1.28069153
nefer_07,2007-05-23,24510.0,14.62,28.15,0.15,0.0,0.0,1.29579515
nefer_07,2007-05-24,24720.0,16.08,28.94,1.19,0.0,0.0,1.31361042
nefer_07,2007-05-25,14620.0,14.41,25.69,7.89,0.0,0.0,1.3323629
nefer_07,2007-05-26,6270.0,9.85,17.2,24.81,0.0,0.0,1.34906602
nefer_07,2007-05-27,19300.0,8.59,19.34,5.78,0.0,0.0,1.36033334
nefer_07,2007-05-28,16210.0,7.96,14.37,8.95,0.0,0.0,1.3719672
nefer_07,2007-05-29,17560.0,7.98,17.21,0.51,0.0,0.0,1.38126847
nefer_07,2007-05-30,25430.0,9.84,23.63,2.24,0.0,0.0,1.39176102
nefer_07,2007-05-31,10490.0,11.46,20.05,3.72,0.0,0.0,1.40570251
nefer_07,2007-06-01,19460.0,8.76,17.62,4.85,0.0,0.0,1.41882757
nefer_07,2007-06-02,18470.0,10.07,18.99,0.46,0.0,0.0,1.42981581
nefer_07,2007-06-03,21310.0,10.66,22.6,1.26,0.0,0.0,1.44192036
nefer_07,2007-06-04,8180.0,13.63,18.51,14.05,0.0,0.0,1.45577437
nefer_07,2007-06-05,17360.0,12.44,21.43,0.5,0.0,0.0,1.46916186
nefer_07,2007-06-06,15130.0,14.46,20.87,5.67,0.0,0.0,1.48326996
nefer_07,2007-06-07,25270.0,13.91,24.12,0.12,0.0,0.0,1.49798619
nefer_07,2007-06-08,28380.0,15.87,27.87,0.14,0.0,0.0,1.51382708
nefer_07,2007-06-09,25310.0,17.2,28.98,0.15,0.0,0.0,1.53204639
nefer_07,2007-06-10,21450.0,18.04,26.76,4.0,0.0,0.0,1.55128206
nefer_07,2007-06-11,24460.0,16.29,25.19,2.7,0.0,0.0,1.5699429
nefer_07,2007-06-12,28870.0,15.54,27.13,0.13,0.0,0.0,1.58722084
nefer_07,2007-06-13,24270.0,17.26,28.33,1.64,0.0,0.0,1.60499445
nefer_07,2007-06-14,18260.0,18.46,26.56,8.51,0.0,0.0,1.62398436
nefer_07,2007-06-15,21410.0,15.15,23.36,2.01,0.0,0.0,1.64273684
nefer_07,2007-06-16,25370.0,13.55,24.47,1.18,0.0,0.0,1.65877766
nefer_07,2007-06-17,16820.0,16.42,26.44,0.65,0.0,0.0,1.67461438
nefer_07,2007-06-18,23790.0,18.37,28.45,0.25,0.0,0.0,1.69246714
nefer_07,2007-06-19,21570.0,16.58,31.3,0.6,0.0,0.0,1.71196939
nefer_07,2007-06-20,24340.0,15.09,27.92,4.47,0.0,0.0,1.73191316
nefer_07,2007-06-21,23290.0,14.51,23.08,4.43,0.0,0.0,1.7498284
nefer_07,2007-06-22,20570.0,13.02,22.2,0.98,0.0,0.0,1.76548601
nefer_07,2007-06-23,21460.0,11.05,24.17,0.01,0.0,0.0,1.78015643
nefer_07,2007-06-24,22030.0,13.74,27.55,2.06,0.0,0.0,1.79482685
nefer_07,2007-06-25,6850.0,11.63,20.33,1.68,0.0,0.0,1.81202565
nefer_07,2007-06-26,20950.0,11.51,21.01,1.0,0.0,0.0,1.82533816
nefer_07,2007-06-27,16620.0,11.11,20.24,0.36,0.0,0.0,1.83888393
nefer_07,2007-06-28,28740.0,8.37,23.68,0.0,0.0,0.0,1.85194236
nefer_07,2007-06-29,20190.0,12.4,24.28,0.1,0.0,0.0,1.86529235
nefer_07,2007-06-30,27510.0,12.19,31.98,0.0,0.0,0.0,1.88057092
nefer_07,2007-07-01,9440.0,16.02,22.87,0.73,0.0,0.0,1.89896934
nefer_07,2007-07-02,15950.0,13.68,23.91,1.7,0.0,0.0,1.91516845
nefer_07,2007-07-03,19510.0,13.73,27.19,1.78,0.0,0.0,1.93082606
nefer_07,2007-07-04,21650.0,13.25,21.16,2.0,0.0,0.0,1.94787074
nefer_07,2007-07-05,27060.0,13.12,24.44,0.01,0.0,0.0,1.96220376
nefer_07,2007-07-06,29080.0,13.95,29.11,0.0,0.0,0.0,1.97784888
nefer_07,2007-07-07,28570.0,16.93,31.62,0.02,0.0,0.0,1.99578495
nefer_07,2007-07-08,9680.0,16.65,28.09,2.82,0.0,0.0,2.0
nefer_07,2007-07-09,17640.0,12.45,21.7,2.59,0.0,0.0,2.0
nefer_07,2007-07-10,23490.0,11.58,22.3,1.39,0.0,0.0,2.0
nefer_07,2007-07-11,14380.0,13.05,23.15,2.64,0.0,0.0,2.0
nefer_07,2007-07-12,26640.0,13.49,26.3,0.06,0.0,0.0,2.0
nefer_07,2007-07-13,29380.0,13.94,33.32,0.08,0.0,0.0,2.0
nefer_07,2007-07-14,26950.0,18.86,32.92,0.0,0.0,0.0,2.0
nefer_07,2007-07-15,28040.0,17.88,36.97,0.0,0.0,0.0,2.0
nefer_07,2007-07-16,20470.0,16.6,31.15,0.14,0.0,0.0,2.0
nefer_07,2007-07-17,24680.0,16.97,30.76,0.23,0.0,0.0,2.0
nefer_07,2007-07-18,19670.0,17.14,29.54,0.14,0.0,0.0,2.0
nefer_07,2007-07-19,20230.0,16.32,30.56,0.27,0.0,0.0,2.0
nefer_07,2007-07-20,11410.0,15.87,23.57,1.79,0.0,0.0,2.0
nefer_07,2007-07-21,8490.0,13.68,20.18,3.98,0.0,0.0,2.0
nefer_07,2007-07-22,23980.0,11.71,29.3,0.46,0.0,0.0,2.0
nefer_07,2007-07-23,13160.0,16.35,27.12,1.25,0.0,0.0,2.0
nefer_07,2007-07-24,23790.0,13.99,24.99,1.17,0.0,0.0,2.0
nefer_07,2007-07-25,29270.0,11.87,28.23,0.0,0.0,0.0,2.0
nefer_07,2007-07-26,28510.0,16.54,33.27,0.0,0.0,0.0,2.0
nefer_07,2007-07-27,23570.0,15.99,30.83,0.0,0.0,0.0,2.0
nefer_07,2007-07-28,22790.0,16.8,30.7,0.04,0.0,0.0,2.0
nefer_07,2007-07-29,21470.0,17.4,29.55,0.08,0.0,0.0,2.0
nefer_07,2007-07-30,16980.0,16.9,28.33,0.05,0.0,0.0,2.0
nefer_07,2007-07-31,26750.0,14.38,31.19,0.0,0.0,0.0,2.0
nefer_07,2007-08-01,24130.0,17.7,37.29,0.1,0.0,0.0,2.0
nefer_07,2007-08-02,19760.0,16.69,28.26,0.55,0.0,0.0,2.0
nefer_07,2007-08-03,27190.0,13.65,28.55,0.0,0.0,0.0,2.0
nefer_07,2007-08-04,27980.0,15.91,33.58,0.0,0.0,0.0,2.0
nefer_07,2007-08-05,25990.0,18.41,38.53,0.01,0.0,0.0,2.0
nefer_07,2007-08-06,7480.0,16.61,25.51,10.06,0.0,0.0,2.0
nefer_07,2007-08-07,11060.0,13.97,20.65,5.24,0.0,0.0,2.0
nefer_07,2007-08-08,22340.0,11.94,24.37,0.81,0.0,0.0,2.0
nefer_07,2007-08-09,24130.0,11.48,25.54,0.0,0.0,0.0,2.0
nefer_07,2007-08-10,24130.0,11.48,25.54,0.0,0.0,0.0,2.0
nefer_07,2007-08-11,24130.0,11.48,25.54,0.0,0.0,0.0,2.0
nefer_07,2007-08-12,24130.0,11.48,25.54,0.0,0.0,0.0,2.0
nefer_07,2007-08-13,24130.0,11.48,25.54,0.0,0.0,0.0,2.0
nefer_07,2007-08-14,24130.0,11.48,25.54,0.0,0.0,0.0,2.0
nefer_07,2007-08-15,24130.0,11.48,25.54,0.0,0.0,0.0,2.0
nefer_07,2007-08-16,24130.0,11.48,25.54,0.0,0.0,0.0,2.0
nefer_07,2007-08-17,24130.0,11.48,25.54,0.0,0.0,0.0,2.0
nefer_07,2007-08-18,24130.0,11.48,25.54,0.0,0.0,0.0,2.0
nefer_07,2007-08-19,24130.0,11.48,25.54,0.0,0.0,0.0,2.0
nefer_07,2007-08-20,24130.0,11.48,25.54,0.0,0.0,0.0,2.0
nefer_07,2007-08-21,24130.0,11.48,25.54,0.0,0.0,0.0,2.0
nefer_07,2007-08-22,24130.0,11.48,25.54,0.0,0.0,0.0,2.0
nefer_07,2007-08-23,24130.0,11.48,25.54,0.0,0.0,0.0,2.0
nefer_07,2007-08-24,24130.0,11.48,25.54,0.0,0.0,0.0,2.0
nefer_07,2007-08-25,24130.0,11.48,25.54,0.0,0.0,0.0,2.0
nefer_07,2007-08-26,24130.0,11.48,25.54,0.0,0.0,0.0,2.0
nefer_07,2007-08-27,24130.0,11.48,25.54,0.0,0.0,0.0,2.0
nefer_07,2007-08-28,24130.0,11.48,25.54,0.0,0.0,0.0,2.0
nefer_07,2007-08-29,24130.0,11.48,25.54,0.0,0.0,0.0,2.0
nefer_07,2007-08-30,24130.0,11.48,25.54,0.0,0.0,0.0,2.0
nefer_07,2007-08-31,24130.0,11.48,25.54,0.0,0.0,0.0,2.0
nefer_07,2007-09-01,24130.0,11.48,25.54,0.0,0.0,0.0,2.0
nefer_07,2007-09-02,24130.0,11.48,25.54,0.0,0.0,0.0,2.0
nefer_07,2007-09-03,24130.0,11.48,25.54,0.0,0.0,0.0,2.0
nefer_07,2007-09-04,24130.0,11.48,25.54,0.0,0.0,0.0,2.0
nefer_07,2007-09-05,24130.0,11.48,25.54,0.0,0.0,0.0,2.0
nefer_07,2007-09-06,24130.0,11.48,25.54,0.0,0.0,0.0,2.0
nefer_07,2007-09-07,24130.0,11.48,25.54,0.0,0.0,0.0,2.0
nefer_07,2007-09-08,24130.0,11.48,25.54,0.0,0.0,0.0,2.0
nefer_07,2007-09-09,24130.0,11.48,25.54,0.0,0.0,0.0,2.0
nefer_07,2007-09-10,24130.0,11.48,25.54,0.0,0.0,0.0,2.0
nefer_07,2007-09-11,24130.0,11.48,25.54,0.0,0.0,0.0,2.0
nefer_07,2007-09-12,24130.0,11.48,25.54,0.0,0.0,0.0,2.0
nefer_07,2007-09-13,24130.0,11.48,25.54,0.0,0.0,0.0,2.0
nefer_07,2007-09-14,24130.0,11.48,25.54,0.0,0.0,0.0,2.0
nefer_07,2007-09-15,24130.0,11.48,25.54,0.0,0.0,0.0,2.0
nefer_07,2007-09-16,24130.0,11.48,25.54,0.0,0.0,0.0,2.0
nefer_07,2007-09-17,24130.0,11.48,25.54,0.0,0.0,0.0,2.0
nefer_07,2007-09-18,24130.0,11.48,25.54,0.0,0.0,0.0,2.0
nefer_07,2007-09-19,24130.0,11.48,25.54,0.0,0.0,0.0,2.0
nefer_07,2007-09-20,24130.0,11.48,25.54,0.0,0.0,0.0,2.0
nefer_07,2007-09-21,24130.0,11.48,25.54,0.0,0.0,0.0,2.0
nefer_07,2007-09-22,24130.0,11.48,25.54,0.0,0.0,0.0,2.0
nefer_07,2007-09-23,24130.0,11.48,25.54,0.0,0.0,0.0,2.0
nefer_07,2007-09-24,24130.0,11.48,25.54,0.0,0.0,0.0,2.0
nefer_07,2007-09-25,24130.0,11.48,25.54,0.0,0.0,0.0,2.0
nefer_07,2007-09-26,24130.0,11.48,25.54,0.0,0.0,0.0,2.0
nefer_07,2007-09-27,24130.0,11.48,25.54,0.0,0.0,0.0,2.0
nefer_07,2007-09-28,24130.0,11.48,25.54,0.0,0.0,0.0,2.0
nefer_07,2007-09-29,24130.0,11.48,25.54,0.0,0.0,0.0,2.0
nefer_07,2007-09-30,24130.0,11.48,25.54,0.0,0.0,0.0,2.0
nefer_07,2007-10-01,24130.0,11.48,25.54,0.0,0.0,0.0,2.0
nefer_07,2007-10-02,24130.0,11.48,25.54,0.0,0.0,0.0,2.0
nefer_07,2007-10-03,24130.0,11.48,25.54,0.0,0.0,0.0,2.0
nefer_07,2007-10-04,24130.0,11.48,25.54,0.0,0.0,0.0,2.0
nefer_07,2007-10-05,24130.0,11.48,25.54,0.0,0.0,0.0,2.0
nefer_07,2007-10-06,24130.0,11.48,25.54,0.0,0.0,0.0,2.0
nefer_07,2007-10-07,24130.0,11.48,25.54,0.0,0.0,0.0,2.0
nefer_07,2007-10-08,24130.0,11.48,25.54,0.0,0.0,0.0,2.0
nefer_07,2007-10-09,24130.0,11.48,25.54,0.0,0.0,0.0,2.0
nefer_07,2007-10-10,24130.0,11.48,25.54,0.0,0.0,0.0,2.0
nefer_07,2007-10-11,24130.0,11.48,25.54,0.0,0.0,0.0,2.0
nefer_07,2007-10-12,24130.0,11.48,25.54,0.0,0.0,0.0,2.0
nefer_07,2007-10-13,24130.0,11.48,25.54,0.0,0.0,0.0,2.0
nefer_07,2007-10-14,24130.0,11.48,25.54,0.0,0.0,0.0,2.0
nefer_07,2007-10-15,24130.0,11.48,25.54,0.0,0.0,0.0,2.0
nefer_07,2007-10-16,24130.0,11.48,25.54,0.0,0.0,0.0,2.0
nefer_07,2007-10-17,24130.0,11.48,25.54,0.0,0.0,0.0,2.0
nefer_07,2007-10-18,24130.0,11.48,25.54,0.0,0.0,0.0,2.0
nefer_07,2007-10-19,24130.0,11.48,25.54,0.0,0.0,0.0,2.0
nefer_07,2007-10-20,24130.0,11.48,25.54,0.0,0.0,0.0,2.0
nefer_07,2007-10-21,24130.0,11.48,25.54,0.0,0.0,0.0,2.0
nefer_07,2007-10-22,24130.0,11.48,25.54,0.0,0.0,0.0,2.0
nefer_07,2007-10-23,24130.0,11.48,25.54,0.0,0.0,0.0,2.0
nefer_07,2007-10-24,24130.0,11.48,25.54,0.0,0.0,0.0,2.0
nefer_07,2007-10-25,24130.0,11.48,25.54,0.0,0.0,0.0,2.0
nefer_07,2007-10-26,24130.0,11.48,25.54,0.0,0.0,0.0,2.0
nefer_07,2007-10-27,24130.0,11.48,25.54,0.0,0.0,0.0,2.0
nefer_07,2007-10-28,24130.0,11.48,25.54,0.0,0.0,0.0,2.0
nefer_07,2007-10-29,24130.0,11.48,25.54,0.0,0.0,0.0,2.0
nefer_07,2007-10-30,24130.0,11.48,25.54,0.0,0.0,0.0,2.0
nefer_07,2007-10-31,24130.0,11.48,25.54,0.0,0.0,0.0,2.0
nefer_07,2007-11-01,24130.0,11.48,25.54,0.0,0.0,0.0,2.0
nefer_07,2007-11-02,24130.0,11.48,25.54,0.0,0.0,0.0,2.0
nefer_07,2007-11-03,24130.0,11.48,25.54,0.0,0.0,0.0,2.0
nefer_07,2007-11-04,24130.0,11.48,25.54,0.0,0.0,0.0,2.0
nefer_07,2007-11-05,24130.0,11.48,25.54,0.0,0.0,0.0,2.0
nefer_07,2007-11-06,24130.0,11.48,25.54,0.0,0.0,0.0,2.0
nefer_07,2007-11-07,24130.0,11.48,25.54,0.0,0.0,0.0,2.0
nefer_07,2007-11-08,24130.0,11.48,25.54,0.0,0.0,0.0,2.0
nefer_08,2006-11-09,8700.0,10.27,20.43,0.05,0.0,0.0,-0.1
nefer_08,2006-11-10,9690.0,9.6,20.09,0.12,0.0,0.0,0.0
nefer_08,2006-11-11,5030.0,8.96,16.8,1.0,0.0,0.0,0.0
nefer_08,2006-11-12,4510.0,9.46,14.4,3.26,0.0,0.0,0.0
nefer_08,2006-11-13,8570.0,8.87,15.19,0.02,0.0,0.0,0.0
nefer_08,2006-11-14,9980.0,6.29,16.24,0.06,0.0,0.0,0.0
nefer_08,2006-11-15,8890.0,6.48,22.37,0.23,0.0,0.0,0.0
nefer_08,2006-11-16,6070.0,10.41,20.05,2.74,0.0,0.0,0.0
nefer_08,2006-11-17,5650.0,6.43,14.25,1.42,0.0,0.0,0.0
nefer_08,2006-11-18,8510.0,5.77,17.28,0.7,0.0,0.0,0.0
nefer_08,2006-11-19,5530.0,7.21,15.52,5.12,0.0,0.0,0.0
nefer_08,2006-11-20,6040.0,6.48,14.84,0.5,0.0,0.0,0.0
nefer_08,2006-11-21,3810.0,9.87,15.44,18.76,0.0,0.0,0.0
nefer_08,2006-11-22,3270.0,9.11,14.06,12.7,0.0,0.0,0.0
nefer_08,2006-11-23,8560.0,10.9,20.67,0.18,0.0,0.0,0.0
nefer_08,2006-11-24,6320.0,9.29,17.85,0.78,0.0,0.0,0.000121
nefer_08,2006-11-25,3040.0,12.3,18.12,0.43,0.0,0.0,0.00025283
nefer_08,2006-11-26,4130.0,10.85,16.91,1.14,0.0,0.0,0.00048986
nefer_08,2006-11-27,8260.0,8.5,18.66,0.06,0.0,0.0,0.0007462
nefer_08,2006-11-28,4290.0,6.46,14.78,2.17,0.0,0.0,0.00106595
nefer_08,2006-11-29,5590.0,5.03,12.53,0.31,0.0,0.0,0.00137395
nefer_08,2006-11-30,6820.0,3.48,12.68,0.02,0.0,0.0,0.00171852
nefer_08,2006-12-01,7590.0,2.8,17.04,0.12,0.0,0.0,0.00212467
nefer_08,2006-12-02,4450.0,6.71,15.24,0.08,0.0,0.0,0.00273018
nefer_08,2006-12-03,6010.0,6.92,17.26,1.12,0.0,0.0,0.00351578
nefer_08,2006-12-04,4150.0,9.41,18.17,0.32,0.0,0.0,0.00448738
nefer_08,2006-12-05,7210.0,8.88,19.83,1.64,0.0,0.0,0.00569034
nefer_08,2006-12-06,4980.0,6.05,11.88,10.53,0.0,0.0,0.00700171
nefer_08,2006-12-07,2760.0,4.69,11.33,2.27,0.0,0.0,0.0078494
nefer_08,2006-12-08,2220.0,4.45,10.98,11.62,0.0,0.0,0.00868549
nefer_08,2006-12-09,5140.0,5.18,9.06,4.68,0.0,0.0,0.00956562
nefer_08,2006-12-10,3530.0,3.35,7.61,1.71,0.0,0.0,0.01044618
nefer_08,2006-12-11,7240.0,1.95,9.8,0.04,0.0,0.0,0.01117601
nefer_08,2006-12-12,4760.0,4.2,10.41,0.14,0.0,0.0,0.01201391
nefer_08,2006-12-13,3990.0,0.79,7.41,0.11,0.0,0.0,0.01312439
nefer_08,2006-12-14,7340.0,-0.06,10.62,0.06,0.0,0.0,0.01378608
nefer_08,2006-12-15,6620.0,1.98,14.41,0.16,0.0,0.0,0.01468767
nefer_08,2006-12-16,5950.0,4.15,13.27,0.06,0.0,0.0,0.01616392
nefer_08,2006-12-17,2580.0,2.12,8.18,0.8,0.0,0.0,0.01781502
nefer_08,2006-12-18,3910.0,1.12,6.11,0.85,0.0,0.0,0.01884012
nefer_08,2006-12-19,5230.0,-3.23,4.35,0.2,0.0,0.0,0.01959424
nefer_08,2006-12-20,6560.0,-3.56,4.66,0.01,0.0,0.0,0.01971648
nefer_08,2006-12-21,5390.0,-3.47,4.24,0.05,0.0,0.0,0.01983999
nefer_08,2006-12-22,5520.0,-2.56,3.75,0.05,0.0,0.0,0.01992893
nefer_08,2006-12-23,5280.0,-1.52,5.58,0.01,0.0,0.0,0.02007016
nefer_08,2006-12-24,3290.0,-3.48,3.94,0.01,0.0,0.0,0.02056585
nefer_08,2006-12-25,3180.0,-4.35,1.4,0.0,0.0,0.0,0.0206241
nefer_08,2006-12-26,6480.0,-4.36,4.46,0.0,0.0,0.0,0.0206241
nefer_08,2006-12-27,7600.0,2.73,10.4,0.05,0.0,0.0,0.02063732
nefer_08,2006-12-28,7470.0,0.48,10.48,0.0,0.0,0.0,0.0224181
nefer_08,2006-12-29,7490.0,1.7,10.86,0.05,0.0,0.0,0.02396692
nefer_08,2006-12-30,6680.0,2.75,14.4,0.05,0.0,0.0,0.02581509
nefer_08,2006-12-31,6330.0,6.26,16.4,0.0,0.0,0.0,0.02844128
nefer_08,2007-01-01,3300.0,7.57,13.15,2.34,0.0,0.0,0.03205045
nefer_08,2007-01-02,6160.0,4.79,10.82,1.62,0.0,0.0,0.03546093
nefer_08,2007-01-03,6520.0,5.19,11.87,0.25,0.0,0.0,0.03812735
nefer_08,2007-01-04,2920.0,5.69,11.67,1.17,0.0,0.0,0.04110822
nefer_08,2007-01-05,5130.0,7.68,12.01,0.79,0.0,0.0,0.0441676
nefer_08,2007-01-06,6920.0,5.55,14.66,0.12,0.0,0.0,0.04766925
nefer_08,2007-01-07,5530.0,5.87,13.81,0.71,0.0,0.0,0.05129796
nefer_08,2007-01-08,3550.0,7.42,11.32,1.74,0.0,0.0,0.05486718
nefer_08,2007-01-09,7550.0,8.74,16.27,0.0,0.0,0.0,0.05830178
nefer_08,2007-01-10,6790.0,4.9,15.44,0.05,0.0,0.0,0.06293586
nefer_08,2007-01-11,6500.0,4.15,14.17,0.01,0.0,0.0,0.06674756
nefer_08,2007-01-12,4860.0,9.27,13.63,0.06,0.0,0.0,0.07022113
nefer_08,2007-01-13,5730.0,5.49,14.83,0.05,0.0,0.0,0.07461576
nefer_08,2007-01-14,4300.0,5.33,13.01,0.19,0.0,0.0,0.07856391
nefer_08,2007-01-15,6360.0,3.55,14.63,0.0,0.0,0.0,0.08217288
nefer_08,2007-01-16,6140.0,4.81,12.81,0.08,0.0,0.0,0.08579714
nefer_08,2007-01-17,8550.0,4.81,16.07,0.0,0.0,0.0,0.08935663
nefer_08,2007-01-18,7360.0,7.26,15.44,0.0,0.0,0.0,0.09363199
nefer_08,2007-01-19,2960.0,9.89,13.94,0.1,0.0,0.0,0.09834422
nefer_08,2007-01-20,4680.0,8.26,14.5,0.05,0.0,0.0,0.10336036
nefer_08,2007-01-21,3870.0,5.46,11.4,0.91,0.0,0.0,0.10821932
nefer_08,2007-01-22,4860.0,1.77,9.25,6.16,0.0,0.0,0.11187042
nefer_08,2007-01-23,2240.0,-0.93,3.19,6.42,0.0,0.0,0.11429149
nefer_08,2007-01-24,6170.0,-2.11,3.0,0.96,0.0,0.0,0.11479528
nefer_08,2007-01-25,7160.0,-6.8,4.0,3.52,0.0,0.0,0.1149966
nefer_08,2007-01-26,8560.0,-7.67,0.26,0.0,0.0,0.0,0.1149966
nefer_08,2007-01-27,9810.0,-6.63,2.31,0.01,0.0,0.0,0.1149966
nefer_08,2007-01-28,7380.0,-2.07,4.67,0.01,0.0,0.0,0.1149966
nefer_08,2007-01-29,6510.0,-2.56,5.23,0.05,0.0,0.0,0.11562072
nefer_08,2007-01-30,8300.0,-2.15,7.51,0.01,0.0,0.0,0.11627132
nefer_08,2007-01-31,5350.0,-0.82,5.08,0.47,0.0,0.0,0.11759712
nefer_08,2007-02-01,2970.0,-0.35,6.05,0.07,0.0,0.0,0.11866678
nefer_08,2007-02-02,3910.0,0.05,7.05,0.01,0.0,0.0,0.12011968
nefer_08,2007-02-03,7230.0,0.51,10.73,0.0,0.0,0.0,0.12195679
nefer_08,2007-02-04,8220.0,1.61,12.26,0.01,0.0,0.0,0.12490907
nefer_08,2007-02-05,7270.0,4.55,12.37,0.47,0.0,0.0,0.1286071
nefer_08,2007-02-06,3480.0,4.94,9.21,2.94,0.0,0.0,0.1331862
nefer_08,2007-02-07,6190.0,4.12,10.71,2.23,0.0,0.0,0.13707311
nefer_08,2007-02-08,3300.0,4.05,12.08,4.46,0.0,0.0,0.14120775
nefer_08,2007-02-09,8090.0,2.06,11.17,3.92,0.0,0.0,0.14577185
nefer_08,2007-02-10,8270.0,3.76,12.23,6.56,0.0,0.0,0.14957092
nefer_08,2007-02-11,8090.0,5.79,16.76,8.07,0.0,0.0,0.15423038
nefer_08,2007-02-12,4550.0,6.15,13.23,14.37,0.0,0.0,0.16089798
nefer_08,2007-02-13,12590.0,4.18,12.66,1.0,0.0,0.0,0.16671207
nefer_08,2007-02-14,5570.0,6.59,17.51,2.19,0.0,0.0,0.17183759
nefer_08,2007-02-15,14010.0,2.69,16.39,0.02,0.0,0.0,0.17927884
nefer_08,2007-02-16,12450.0,3.02,18.41,0.0,0.0,0.0,0.1852547
nefer_08,2007-02-17,3960.0,5.47,13.38,1.05,0.0,0.0,0.19206237
nefer_08,2007-02-18,3900.0,4.66,7.58,5.23,0.0,0.0,0.19813534
nefer_08,2007-02-19,13160.0,3.64,13.79,0.04,0.0,0.0,0.20213425
nefer_08,2007-02-20,9830.0,3.86,14.58,0.12,0.0,0.0,0.20790838
nefer_08,2007-02-21,4370.0,4.75,11.08,1.78,0.0,0.0,0.21410186
nefer_08,2007-02-22,6490.0,3.48,14.87,0.0,0.0,0.0,0.21949193
nefer_08,2007-02-23,12910.0,5.35,16.18,3.06,0.0,0.0,0.22582544
nefer_08,2007-02-24,7370.0,7.22,12.26,5.57,0.0,0.0,0.23335729
nefer_08,2007-02-25,5630.0,7.23,10.56,10.17,0.0,0.0,0.24026365
nefer_08,2007-02-26,7860.0,7.12,11.2,7.88,0.0,0.0,0.246655
nefer_08,2007-02-27,8450.0,7.12,12.94,0.95,0.0,0.0,0.25332386
nefer_08,2007-02-28,7250.0,5.6,15.51,0.98,0.0,0.0,0.26072195
nefer_08,2007-03-01,11050.0,4.82,15.8,0.02,0.0,0.0,0.2686086
nefer_08,2007-03-02,8060.0,10.16,15.98,0.59,0.0,0.0,0.27641158
nefer_08,2007-03-03,6630.0,11.05,16.12,1.25,0.0,0.0,0.28642997
nefer_08,2007-03-04,14120.0,8.25,24.08,0.08,0.0,0.0,0.29697518
nefer_08,2007-03-05,12570.0,6.18,13.66,1.16,0.0,0.0,0.30968084
nefer_08,2007-03-06,6700.0,6.11,15.82,1.03,0.0,0.0,0.3175751
nefer_08,2007-03-07,6880.0,5.72,15.34,10.54,0.0,0.0,0.32640875
nefer_08,2007-03-08,8660.0,3.97,11.83,5.27,0.0,0.0,0.33499581
nefer_08,2007-03-09,11240.0,4.35,12.31,0.1,0.0,0.0,0.3415163
nefer_08,2007-03-10,17300.0,1.04,11.94,0.0,0.0,0.0,0.34847438
nefer_08,2007-03-11,17990.0,0.27,13.44,0.04,0.0,0.0,0.35396011
nefer_08,2007-03-12,17680.0,1.76,15.98,0.0,0.0,0.0,0.35982278
nefer_08,2007-03-13,17560.0,2.87,16.78,0.04,0.0,0.0,0.36749753
nefer_08,2007-03-14,16510.0,4.41,17.48,0.0,0.0,0.0,0.37609717
nefer_08,2007-03-15,16920.0,6.0,18.73,0.04,0.0,0.0,0.38578722
nefer_08,2007-03-16,12660.0,6.78,16.23,0.0,0.0,0.0,0.39685909
nefer_08,2007-03-17,18290.0,5.47,13.69,0.01,0.0,0.0,0.40727714
nefer_08,2007-03-18,8610.0,7.18,12.19,2.18,0.0,0.0,0.41604903
nefer_08,2007-03-19,7900.0,2.26,7.98,11.5,0.0,0.0,0.4250153
nefer_08,2007-03-20,9610.0,0.84,5.3,1.62,0.0,0.0,0.42980736
nefer_08,2007-03-21,9550.0,0.34,6.22,1.18,0.0,0.0,0.43271198
nefer_08,2007-03-22,10140.0,0.15,6.99,0.88,0.0,0.0,0.43584872
nefer_08,2007-03-23,10460.0,-0.1,8.87,6.94,0.0,0.0,0.43929923
nefer_08,2007-03-24,7520.0,3.43,7.42,6.36,0.0,0.0,0.4435823
nefer_08,2007-03-25,9630.0,2.94,7.94,5.2,0.0,0.0,0.44893673
nefer_08,2007-03-26,17480.0,2.15,14.29,0.63,0.0,0.0,0.4543617
nefer_08,2007-03-27,18610.0,3.17,16.02,1.66,0.0,0.0,0.46264332
nefer_08,2007-03-28,9930.0,5.36,12.51,2.33,0.0,0.0,0.47240875
nefer_08,2007-03-29,13600.0,3.18,12.81,2.3,0.0,0.0,0.48159427
nefer_08,2007-03-30,12320.0,4.8,9.77,7.3,0.0,0.0,0.48989564
nefer_08,2007-03-31,8330.0,3.77,10.78,5.07,0.0,0.0,0.49753475
nefer_08,2007-04-01,13920.0,3.94,17.28,1.36,0.0,0.0,0.50523824
nefer_08,2007-04-02,13110.0,9.73,16.3,1.84,0.0,0.0,0.5165824
nefer_08,2007-04-03,12500.0,7.93,14.79,2.74,0.0,0.0,0.53063199
nefer_08,2007-04-04,12420.0,2.14,9.49,5.39,0.0,0.0,0.543012
nefer_08,2007-04-05,14450.0,1.75,13.62,0.12,0.0,0.0,0.54940901
nefer_08,2007-04-06,20430.0,4.19,16.62,0.01,0.0,0.0,0.55794229
nefer_08,2007-04-07,21390.0,5.34,19.01,0.23,0.0,0.0,0.56960288
nefer_08,2007-04-08,22060.0,5.7,19.73,0.13,0.0,0.0,0.58337229
nefer_08,2007-04-09,22010.0,7.37,18.95,2.39,0.0,0.0,0.59788311
nefer_08,2007-04-10,17180.0,8.47,19.05,0.06,0.0,0.0,0.61303695
nefer_08,2007-04-11,18730.0,7.53,19.39,0.08,0.0,0.0,0.62902288
nefer_08,2007-04-12,11090.0,7.18,18.26,6.19,0.0,0.0,0.64479822
nefer_08,2007-04-13,5660.0,10.14,16.97,5.27,0.0,0.0,0.65983647
nefer_08,2007-04-14,7940.0,9.78,16.8,4.36,0.0,0.0,0.67600042
nefer_08,2007-04-15,11520.0,9.71,19.98,1.61,0.0,0.0,0.69198397
nefer_08,2007-04-16,9080.0,11.88,19.19,6.0,0.0,0.0,0.70998885
nefer_08,2007-04-17,16210.0,11.53,19.73,2.68,0.0,0.0,0.72898847
nefer_08,2007-04-18,18610.0,10.88,22.01,0.03,0.0,0.0,0.74826274
nefer_08,2007-04-19,23790.0,9.67,23.15,0.13,0.0,0.0,0.76870835
nefer_08,2007-04-20,23920.0,12.08,23.72,0.49,0.0,0.0,0.78927594
nefer_08,2007-04-21,22860.0,11.78,24.21,0.01,0.0,0.0,0.81189102
nefer_08,2007-04-22,23870.0,13.26,24.6,0.11,0.0,0.0,0.83480646
nefer_08,2007-04-23,24970.0,13.35,25.79,0.01,0.0,0.0,0.85910161
nefer_08,2007-04-24,25540.0,15.15,26.66,0.01,0.0,0.0,0.88441284
nefer_08,2007-04-25,15140.0,12.32,21.75,0.3,0.0,0.0,0.91165784
nefer_08,2007-04-26,19330.0,11.88,22.01,2.24,0.0,0.0,0.93402719
nefer_08,2007-04-27,18540.0,11.29,22.21,1.44,0.0,0.0,0.95644472
nefer_08,2007-04-28,22170.0,9.65,21.98,3.13,0.0,0.0,0.97876789
nefer_08,2007-04-29,20960.0,10.76,21.37,4.96,0.0,0.0,0.9999986
nefer_08,2007-04-30,22590.0,9.58,22.4,4.58,0.0,0.0,1.0
nefer_08,2007-05-01,5290.0,7.55,12.18,29.79,0.0,0.0,1.01332084
nefer_08,2007-05-02,16710.0,7.69,15.38,3.64,0.0,0.0,1.02153911
nefer_08,2007-05-03,17750.0,7.38,16.45,4.38,0.0,0.0,1.03114861
nefer_08,2007-05-04,14170.0,8.71,17.26,6.33,0.0,0.0,1.04107468
nefer_08,2007-05-05,11060.0,9.61,15.89,3.0,0.0,0.0,1.05189213
nefer_08,2007-05-06,17710.0,10.26,19.0,2.17,0.0,0.0,1.06251382
nefer_08,2007-05-07,10930.0,9.94,18.58,0.25,0.0,0.0,1.07470168
nefer_08,2007-05-08,15090.0,11.06,20.38,0.02,0.0,0.0,1.0865813
nefer_08,2007-05-09,25470.0,9.38,22.51,0.03,0.0,0.0,1.09967721
nefer_08,2007-05-10,28010.0,10.7,28.68,0.1,0.0,0.0,1.11296057
nefer_08,2007-05-11,25480.0,12.59,22.78,0.08,0.0,0.0,1.12936378
nefer_08,2007-05-12,26390.0,11.03,24.38,0.04,0.0,0.0,1.14409668
nefer_08,2007-05-13,23450.0,14.28,27.55,0.33,0.0,0.0,1.15884624
nefer_08,2007-05-14,12480.0,8.98,15.93,19.66,0.0,0.0,1.17626997
nefer_08,2007-05-15,22720.0,8.3,17.12,0.6,0.0,0.0,1.1866459
nefer_08,2007-05-16,11950.0,9.42,17.2,2.24,0.0,0.0,1.19723426
nefer_08,2007-05-17,9410.0,11.15,18.51,1.8,0.0,0.0,1.20832246
nefer_08,2007-05-18,16090.0,12.34,23.01,0.16,0.0,0.0,1.22067694
nefer_08,2007-05-19,10060.0,14.64,21.36,6.05,0.0,0.0,1.23540151
nefer_08,2007-05-20,16310.0,12.83,25.29,0.42,0.0,0.0,1.25039683
nefer_08,2007-05-21,20040.0,10.81,23.8,0.29,0.0,0.0,1.2662752
nefer_08,2007-05-22,19120.0,10.97,25.29,0.05,0.0,0.0,1.28069153
nefer_08,2007-05-23,24510.0,14.62,28.15,0.15,0.0,0.0,1.29579515
nefer_08,2007-05-24,24720.0,16.08,28.94,1.19,0.0,0.0,1.31361042
nefer_08,2007-05-25,14620.0,14.41,25.69,7.89,0.0,0.0,1.3323629
nefer_08,2007-05-26,6270.0,9.85,17.2,24.81,0.0,0.0,1.34906602
nefer_08,2007-05-27,19300.0,8.59,19.34,5.78,0.0,0.0,1.36033334
nefer_08,2007-05-28,16210.0,7.96,14.37,8.95,0.0,0.0,1.3719672
nefer_08,2007-05-29,17560.0,7.98,17.21,0.51,0.0,0.0,1.38126847
nefer_08,2007-05-30,25430.0,9.84,23.63,2.24,0.0,0.0,1.39176102
nefer_08,2007-05-31,10490.0,11.46,20.05,3.72,0.0,0.0,1.40570251
nefer_08,2007-06-01,19460.0,8.76,17.62,4.85,0.0,0.0,1.41882757
nefer_08,2007-06-02,18470.0,10.07,18.99,0.46,0.0,0.0,1.42981581
nefer_08,2007-06-03,21310.0,10.66,22.6,1.26,0.0,0.0,1.44192036
nefer_08,2007-06-04,8180.0,13.63,18.51,14.05,0.0,0.0,1.45577437
nefer_08,2007-06-05,17360.0,12.44,21.43,0.5,0.0,0.0,1.46916186
nefer_08,2007-06-06,15130.0,14.46,20.87,5.67,0.0,0.0,1.48326996
nefer_08,2007-06-07,25270.0,13.91,24.12,0.12,0.0,0.0,1.49798619
nefer_08,2007-06-08,28380.0,15.87,27.87,0.14,0.0,0.0,1.51382708
nefer_08,2007-06-09,25310.0,17.2,28.98,0.15,0.0,0.0,1.53204639
nefer_08,2007-06-10,21450.0,18.04,26.76,4.0,0.0,0.0,1.55128206
nefer_08,2007-06-11,24460.0,16.29,25.19,2.7,0.0,0.0,1.5699429
nefer_08,2007-06-12,28870.0,15.54,27.13,0.13,0.0,0.0,1.58722084
nefer_08,2007-06-13,24270.0,17.26,28.33,1.64,0.0,0.0,1.60499445
nefer_08,2007-06-14,18260.0,18.46,26.56,8.51,0.0,0.0,1.62398436
nefer_08,2007-06-15,21410.0,15.15,23.36,2.01,0.0,0.0,1.64273684
nefer_08,2007-06-16,25370.0,13.55,24.47,1.18,0.0,0.0,1.65877766
nefer_08,2007-06-17,16820.0,16.42,26.44,0.65,0.0,0.0,1.67461438
nefer_08,2007-06-18,23790.0,18.37,28.45,0.25,0.0,0.0,1.69246714
nefer_08,2007-06-19,21570.0,16.58,31.3,0.6,0.0,0.0,1.71196939
nefer_08,2007-06-20,24340.0,15.09,27.92,4.47,0.0,0.0,1.73191316
nefer_08,2007-06-21,23290.0,14.51,23.08,4.43,0.0,0.0,1.7498284
nefer_08,2007-06-22,20570.0,13.02,22.2,0.98,0.0,0.0,1.76548601
nefer_08,2007-06-23,21460.0,11.05,24.17,0.01,0.0,0.0,1.78015643
nefer_08,2007-06-24,22030.0,13.74,27.55,2.06,0.0,0.0,1.79482685
nefer_08,2007-06-25,6850.0,11.63,20.33,1.68,0.0,0.0,1.81202565
nefer_08,2007-06-26,20950.0,11.51,21.01,1.0,0.0,0.0,1.82533816
nefer_08,2007-06-27,16620.0,11.11,20.24,0.36,0.0,0.0,1.83888393
nefer_08,2007-06-28,28740.0,8.37,23.68,0.0,0.0,0.0,1.85194236
nefer_08,2007-06-29,20190.0,12.4,24.28,0.1,0.0,0.0,1.86529235
nefer_08,2007-06-30,27510.0,12.19,31.98,0.0,0.0,0.0,1.88057092
nefer_08,2007-07-01,9440.0,16.02,22.87,0.73,0.0,0.0,1.89896934
nefer_08,2007-07-02,15950.0,13.68,23.91,1.7,0.0,0.0,1.91516845
nefer_08,2007-07-03,19510.0,13.73,27.19,1.78,0.0,0.0,1.93082606
nefer_08,2007-07-04,21650.0,13.25,21.16,2.0,0.0,0.0,1.94787074
nefer_08,2007-07-05,27060.0,13.12,24.44,0.01,0.0,0.0,1.96220376
nefer_08,2007-07-06,29080.0,13.95,29.11,0.0,0.0,0.0,1.97784888
nefer_08,2007-07-07,28570.0,16.93,31.62,0.02,0.0,0.0,1.99578495
nefer_08,2007-07-08,9680.0,16.65,28.09,2.82,0.0,0.0,2.0
nefer_08,2007-07-09,17640.0,12.45,21.7,2.59,0.0,0.0,2.0
nefer_08,2007-07-10,23490.0,11.58,22.3,1.39,0.0,0.0,2.0
nefer_08,2007-07-11,14380.0,13.05,23.15,2.64,0.0,0.0,2.0
nefer_08,2007-07-12,26640.0,13.49,26.3,0.06,0.0,0.0,2.0
nefer_08,2007-07-13,29380.0,13.94,33.32,0.08,0.0,0.0,2.0
nefer_08,2007-07-14,26950.0,18.86,32.92,0.0,0.0,0.0,2.0
nefer_08,2007-07-15,28040.0,17.88,36.97,0.0,0.0,0.0,2.0
nefer_08,2007-07-16,20470.0,16.6,31.15,0.14,0.0,0.0,2.0
nefer_08,2007-07-17,24680.0,16.97,30.76,0.23,0.0,0.0,2.0
nefer_08,2007-07-18,19670.0,17.14,29.54,0.14,0.0,0.0,2.0
nefer_08,2007-07-19,20230.0,16.32,30.56,0.27,0.0,0.0,2.0
nefer_08,2007-07-20,11410.0,15.87,23.57,1.79,0.0,0.0,2.0
nefer_08,2007-07-21,8490.0,13.68,20.18,3.98,0.0,0.0,2.0
nefer_08,2007-07-22,23980.0,11.71,29.3,0.46,0.0,0.0,2.0
nefer_08,2007-07-23,13160.0,16.35,27.12,1.25,0.0,0.0,2.0
nefer_08,2007-07-24,23790.0,13.99,24.99,1.17,0.0,0.0,2.0
nefer_08,2007-07-25,29270.0,11.87,28.23,0.0,0.0,0.0,2.0
nefer_08,2007-07-26,28510.0,16.54,33.27,0.0,0.0,0.0,2.0
nefer_08,2007-07-27,23570.0,15.99,30.83,0.0,0.0,0.0,2.0
nefer_08,2007-07-28,22790.0,16.8,30.7,0.04,0.0,0.0,2.0
nefer_08,2007-07-29,21470.0,17.4,29.55,0.08,0.0,0.0,2.0
nefer_08,2007-07-30,16980.0,16.9,28.33,0.05,0.0,0.0,2.0
nefer_08,2007-07-31,26750.0,14.38,31.19,0.0,0.0,0.0,2.0
nefer_08,2007-08-01,24130.0,17.7,37.29,0.1,0.0,0.0,2.0
nefer_08,2007-08-02,19760.0,16.69,28.26,0.55,0.0,0.0,2.0
nefer_08,2007-08-03,27190.0,13.65,28.55,0.0,0.0,0.0,2.0
nefer_08,2007-08-04,27980.0,15.91,33.58,0.0,0.0,0.0,2.0
nefer_08,2007-08-05,25990.0,18.41,38.53,0.01,0.0,0.0,2.0
nefer_08,2007-08-06,7480.0,16.61,25.51,10.06,0.0,0.0,2.0
nefer_08,2007-08-07,11060.0,13.97,20.65,5.24,0.0,0.0,2.0
nefer_08,2007-08-08,22340.0,11.94,24.37,0.81,0.0,0.0,2.0
nefer_08,2007-08-09,24130.0,11.48,25.54,0.0,0.0,0.0,2.0
nefer_08,2007-08-10,24130.0,11.48,25.54,0.0,0.0,0.0,2.0
nefer_08,2007-08-11,24130.0,11.48,25.54,0.0,0.0,0.0,2.0
nefer_08,2007-08-12,24130.0,11.48,25.54,0.0,0.0,0.0,2.0
nefer_08,2007-08-13,24130.0,11.48,25.54,0.0,0.0,0.0,2.0
nefer_08,2007-08-14,24130.0,11.48,25.54,0.0,0.0,0.0,2.0
nefer_08,2007-08-15,24130.0,11.48,25.54,0.0,0.0,0.0,2.0
nefer_08,2007-08-16,24130.0,11.48,25.54,0.0,0.0,0.0,2.0
nefer_08,2007-08-17,24130.0,11.48,25.54,0.0,0.0,0.0,2.0
nefer_08,2007-08-18,24130.0,11.48,25.54,0.0,0.0,0.0,2.0
nefer_08,2007-08-19,24130.0,11.48,25.54,0.0,0.0,0.0,2.0
nefer_08,2007-08-20,24130.0,11.48,25.54,0.0,0.0,0.0,2.0
nefer_08,2007-08-21,24130.0,11.48,25.54,0.0,0.0,0.0,2.0
nefer_08,2007-08-22,24130.0,11.48,25.54,0.0,0.0,0.0,2.0
nefer_08,2007-08-23,24130.0,11.48,25.54,0.0,0.0,0.0,2.0
nefer_08,2007-08-24,24130.0,11.48,25.54,0.0,0.0,0.0,2.0
nefer_08,2007-08-25,24130.0,11.48,25.54,0.0,0.0,0.0,2.0
nefer_08,2007-08-26,24130.0,11.48,25.54,0.0,0.0,0.0,2.0
nefer_08,2007-08-27,24130.0,11.48,25.54,0.0,0.0,0.0,2.0
nefer_08,2007-08-28,24130.0,11.48,25.54,0.0,0.0,0.0,2.0
nefer_08,2007-08-29,24130.0,11.48,25.54,0.0,0.0,0.0,2.0
nefer_08,2007-08-30,24130.0,11.48,25.54,0.0,0.0,0.0,2.0
nefer_08,2007-08-31,24130.0,11.48,25.54,0.0,0.0,0.0,2.0
nefer_08,2007-09-01,24130.0,11.48,25.54,0.0,0.0,0.0,2.0
nefer_08,2007-09-02,24130.0,11.48,25.54,0.0,0.0,0.0,2.0
nefer_08,2007-09-03,24130.0,11.48,25.54,0.0,0.0,0.0,2.0
nefer_08,2007-09-04,24130.0,11.48,25.54,0.0,0.0,0.0,2.0
nefer_08,2007-09-05,24130.0,11.48,25.54,0.0,0.0,0.0,2.0
nefer_08,2007-09-06,24130.0,11.48,25.54,0.0,0.0,0.0,2.0
nefer_08,2007-09-07,24130.0,11.48,25.54,0.0,0.0,0.0,2.0
nefer_08,2007-09-08,24130.0,11.48,25.54,0.0,0.0,0.0,2.0
nefer_08,2007-09-09,24130.0,11.48,25.54,0.0,0.0,0.0,2.0
nefer_08,2007-09-10,24130.0,11.48,25.54,0.0,0.0,0.0,2.0
nefer_08,2007-09-11,24130.0,11.48,25.54,0.0,0.0,0.0,2.0
nefer_08,2007-09-12,24130.0,11.48,25.54,0.0,0.0,0.0,2.0
nefer_08,2007-09-13,24130.0,11.48,25.54,0.0,0.0,0.0,2.0
nefer_08,2007-09-14,24130.0,11.48,25.54,0.0,0.0,0.0,2.0
nefer_08,2007-09-15,24130.0,11.48,25.54,0.0,0.0,0.0,2.0
nefer_08,2007-09-16,24130.0,11.48,25.54,0.0,0.0,0.0,2.0
nefer_08,2007-09-17,24130.0,11.48,25.54,0.0,0.0,0.0,2.0
nefer_08,2007-09-18,24130.0,11.48,25.54,0.0,0.0,0.0,2.0
nefer_08,2007-09-19,24130.0,11.48,25.54,0.0,0.0,0.0,2.0
nefer_08,2007-09-20,24130.0,11.48,25.54,0.0,0.0,0.0,2.0
nefer_08,2007-09-21,24130.0,11.48,25.54,0.0,0.0,0.0,2.0
nefer_08,2007-09-22,24130.0,11.48,25.54,0.0,0.0,0.0,2.0
nefer_08,2007-09-23,24130.0,11.48,25.54,0.0,0.0,0.0,2.0
nefer_08,2007-09-24,24130.0,11.48,25.54,0.0,0.0,0.0,2.0
nefer_08,2007-09-25,24130.0,11.48,25.54,0.0,0.0,0.0,2.0
nefer_08,2007-09-26,24130.0,11.48,25.54,0.0,0.0,0.0,2.0
nefer_08,2007-09-27,24130.0,11.48,25.54,0.0,0.0,0.0,2.0
nefer_08,2007-09-28,24130.0,11.48,25.54,0.0,0.0,0.0,2.0
nefer_08,2007-09-29,24130.0,11.48,25.54,0.0,0.0,0.0,2.0
nefer_08,2007-09-30,24130.0,11.48,25.54,0.0,0.0,0.0,2.0
nefer_08,2007-10-01,24130.0,11.48,25.54,0.0,0.0,0.0,2.0
nefer_08,2007-10-02,24130.0,11.48,25.54,0.0,0.0,0.0,2.0
nefer_08,2007-10-03,24130.0,11.48,25.54,0.0,0.0,0.0,2.0
nefer_08,2007-10-04,24130.0,11.48,25.54,0.0,0.0,0.0,2.0
nefer_08,2007-10-05,24130.0,11.48,25.54,0.0,0.0,0.0,2.0
nefer_08,2007-10-06,24130.0,11.48,25.54,0.0,0.0,0.0,2.0
nefer_08,2007-10-07,24130.0,11.48,25.54,0.0,0.0,0.0,2.0
nefer_08,2007-10-08,24130.0,11.48,25.54,0.0,0.0,0.0,2.0
nefer_08,2007-10-09,24130.0,11.48,25.54,0.0,0.0,0.0,2.0
nefer_08,2007-10-10,24130.0,11.48,25.54,0.0,0.0,0.0,2.0
nefer_08,2007-10-11,24130.0,11.48,25.54,0.0,0.0,0.0,2.0
nefer_08,2007-10-12,24130.0,11.48,25.54,0.0,0.0,0.0,2.0
nefer_08,2007-10-13,24130.0,11.48,25.54,0.0,0.0,0.0,2.0
nefer_08,2007-10-14,24130.0,11.48,25.54,0.0,0.0,0.0,2.0
nefer_08,2007-10-15,24130.0,11.48,25.54,0.0,0.0,0.0,2.0
nefer_08,2007-10-16,24130.0,11.48,25.54,0.0,0.0,0.0,2.0
nefer_08,2007-10-17,24130.0,11.48,25.54,0.0,0.0,0.0,2.0
nefer_08,2007-10-18,24130.0,11.48,25.54,0.0,0.0,0.0,2.0
nefer_08,2007-10-19,24130.0,11.48,25.54,0.0,0.0,0.0,2.0
nefer_08,2007-10-20,24130.0,11.48,25.54,0.0,0.0,0.0,2.0
nefer_08,2007-10-21,24130.0,11.48,25.54,0.0,0.0,0.0,2.0
nefer_08,2007-10-22,24130.0,11.48,25.54,0.0,0.0,0.0,2.0
nefer_08,2007-10-23,24130.0,11.48,25.54,0.0,0.0,0.0,2.0
nefer_08,2007-10-24,24130.0,11.48,25.54,0.0,0.0,0.0,2.0
nefer_08,2007-10-25,24130.0,11.48,25.54,0.0,0.0,0.0,2.0
nefer_08,2007-10-26,24130.0,11.48,25.54,0.0,0.0,0.0,2.0
nefer_08,2007-10-27,24130.0,11.48,25.54,0.0,0.0,0.0,2.0
nefer_08,2007-10-28,24130.0,11.48,25.54,0.0,0.0,0.0,2.0
nefer_08,2007-10-29,24130.0,11.48,25.54,0.0,0.0,0.0,2.0
nefer_08,2007-10-30,24130.0,11.48,25.54,0.0,0.0,0.0,2.0
nefer_08,2007-10-31,24130.0,11.48,25.54,0.0,0.0,0.0,2.0
nefer_08,2007-11-01,24130.0,11.48,25.54,0.0,0.0,0.0,2.0
nefer_08,2007-11-02,24130.0,11.48,25.54,0.0,0.0,0.0,2.0
nefer_08,2007-11-03,24130.0,11.48,25.54,0.0,0.0,0.0,2.0
nefer_08,2007-11-04,24130.0,11.48,25.54,0.0,0.0,0.0,2.0
nefer_08,2007-11-05,24130.0,11.48,25.54,0.0,0.0,0.0,2.0
nefer_08,2007-11-06,24130.0,11.48,25.54,0.0,0.0,0.0,2.0
nefer_08,2007-11-07,24130.0,11.48,25.54,0.0,0.0,0.0,2.0
nefer_08,2007-11-08,24130.0,11.48,25.54,0.0,0.0,0.0,2.0
nefer_09,2005-11-08,11380.0,4.94,22.4,0.05,0.0,0.0,-0.1
nefer_09,2005-11-09,3200.0,6.16,10.26,9.76,0.0,0.0,0.0
nefer_09,2005-11-10,4650.0,3.79,12.23,0.42,0.0,0.0,0.0
nefer_09,2005-11-11,9330.0,2.68,13.93,0.09,0.0,0.0,0.0
nefer_09,2005-11-12,6420.0,5.38,16.95,1.6,0.0,0.0,0.0
nefer_09,2005-11-13,2310.0,7.35,12.67,5.32,0.0,0.0,0.0
nefer_09,2005-11-14,3200.0,10.79,14.2,6.43,0.0,0.0,0.0
nefer_09,2005-11-15,5010.0,9.03,14.1,3.07,0.0,0.0,0.0
nefer_09,2005-11-16,4340.0,7.84,14.41,6.75,0.0,0.0,0.0
nefer_09,2005-11-17,5120.0,4.22,10.74,1.41,0.0,0.0,0.0
nefer_09,2005-11-18,10130.0,-0.27,9.93,0.02,0.0,0.0,0.0
nefer_09,2005-11-19,9530.0,-2.09,11.24,0.05,0.0,0.0,5.97e-06
nefer_09,2005-11-20,8510.0,0.07,13.42,0.03,0.0,0.0,7.245e-05
nefer_09,2005-11-21,9490.0,3.46,12.8,0.03,0.0,0.0,0.00025758
nefer_09,2005-11-22,9400.0,-1.67,9.73,0.03,0.0,0.0,0.00058275
nefer_09,2005-11-23,9000.0,-4.42,6.13,0.04,0.0,0.0,0.00079309
nefer_09,2005-11-24,2560.0,-2.59,6.14,0.82,0.0,0.0,0.00084786
nefer_09,2005-11-25,2220.0,2.21,7.86,19.19,0.0,0.0,0.00097528
nefer_09,2005-11-26,5910.0,-0.17,4.99,2.41,0.0,0.0,0.00138272
nefer_09,2005-11-27,3400.0,-0.25,5.89,3.91,0.0,0.0,0.0016043
nefer_09,2005-11-28,6650.0,0.4,9.85,0.94,0.0,0.0,0.00189101
nefer_09,2005-11-29,5730.0,0.98,6.3,5.01,0.0,0.0,0.00246431
nefer_09,2005-11-30,7830.0,0.04,8.15,0.84,0.0,0.0,0.0029088
nefer_09,2005-12-01,5920.0,3.51,12.68,1.2,0.0,0.0,0.00344991
nefer_09,2005-12-02,3980.0,5.3,14.28,3.57,0.0,0.0,0.00459908
nefer_09,2005-12-03,6950.0,4.47,11.5,5.08,0.0,0.0,0.00608314
nefer_09,2005-12-04,5990.0,4.98,15.06,5.62,0.0,0.0,0.00736912
nefer_09,2005-12-05,3070.0,5.36,8.46,9.56,0.0,0.0,0.00907612
nefer_09,2005-12-06,3450.0,2.46,6.94,8.69,0.0,0.0,0.0103165
nefer_09,2005-12-07,4730.0,2.7,9.83,0.49,0.0,0.0,0.01120279
nefer_09,2005-12-08,2530.0,5.25,8.83,11.69,0.0,0.0,0.01244043
nefer_09,2005-12-09,5150.0,-1.89,7.84,1.78,0.0,0.0,0.01389385
nefer_09,2005-12-10,5710.0,-2.92,5.63,0.01,0.0,0.0,0.01453438
nefer_09,2005-12-11,3730.0,-3.7,3.25,0.0,0.0,0.0,0.01483803
nefer_09,2005-12-12,2830.0,-3.65,1.26,0.01,0.0,0.0,0.01483803
nefer_09,2005-12-13,4560.0,-3.67,2.63,0.01,0.0,0.0,0.01483803
nefer_09,2005-12-14,3600.0,-2.06,3.73,0.08,0.0,0.0,0.01483803
nefer_09,2005-12-15,3050.0,-2.52,5.05,0.02,0.0,0.0,0.01503944
nefer_09,2005-12-16,3830.0,-1.46,6.92,1.21,0.0,0.0,0.01535209
nefer_09,2005-12-17,4210.0,-1.15,8.55,4.01,0.0,0.0,0.01604502
nefer_09,2005-12-18,8140.0,-1.95,5.08,0.14,0.0,0.0,0.01701708
nefer_09,2005-12-19,7960.0,-2.27,4.73,0.01,0.0,0.0,0.01744296
nefer_09,2005-12-20,7650.0,-0.66,6.8,0.01,0.0,0.0,0.0177869
nefer_09,2005-12-21,7680.0,-0.39,6.61,0.01,0.0,0.0,0.01866744
nefer_09,2005-12-22,5820.0,-0.45,5.13,0.01,0.0,0.0,0.01959028
nefer_09,2005-12-23,6170.0,-0.93,5.53,0.01,0.0,0.0,0.0203083
nefer_09,2005-12-24,7900.0,-1.34,7.63,0.0,0.0,0.0,0.02103567
nefer_09,2005-12-25,4800.0,-0.15,4.53,0.02,0.0,0.0,0.0220604
nefer_09,2005-12-26,2760.0,-1.7,3.01,0.03,0.0,0.0,0.02278786
nefer_09,2005-12-27,3030.0,-2.88,1.9,0.13,0.0,0.0,0.0230061
nefer_09,2005-12-28,6640.0,-2.41,2.18,0.31,0.0,0.0,0.0230061
nefer_09,2005-12-29,6750.0,-2.63,1.93,0.2,0.0,0.0,0.0230061
nefer_09,2005-12-30,2270.0,-0.87,8.9,6.48,0.0,0.0,0.0230061
nefer_09,2005-12-31,2320.0,4.39,8.8,6.92,0.0,0.0,0.02436941
nefer_09,2006-01-01,4420.0,4.82,8.54,10.64,0.0,0.0,0.02662289
nefer_09,2006-01-02,3340.0,1.89,7.51,6.4,0.0,0.0,0.0289212
nefer_09,2006-01-03,3010.0,0.39,6.55,0.34,0.0,0.0,0.0305504
nefer_09,2006-01-04,4290.0,0.4,6.95,0.37,0.0,0.0,0.03176292
nefer_09,2006-01-05,3750.0,-0.17,5.26,2.26,0.0,0.0,0.03305813
nefer_09,2006-01-06,3850.0,-0.13,8.69,0.03,0.0,0.0,0.03396326
nefer_09,2006-01-07,3040.0,1.83,9.29,0.36,0.0,0.0,0.03550009
nefer_09,2006-01-08,5400.0,3.83,10.51,0.53,0.0,0.0,0.0375167
nefer_09,2006-01-09,3920.0,0.73,6.87,2.74,0.0,0.0,0.0401447
nefer_09,2006-01-10,5060.0,1.95,8.0,0.07,0.0,0.0,0.0415528
nefer_09,2006-01-11,5110.0,2.24,9.21,0.01,0.0,0.0,0.0434173
nefer_09,2006-01-12,7020.0,1.48,10.43,0.01,0.0,0.0,0.04558814
nefer_09,2006-01-13,8280.0,-1.06,12.02,0.01,0.0,0.0,0.04787358
nefer_09,2006-01-14,6730.0,-0.36,10.74,0.01,0.0,0.0,0.05000296
nefer_09,2006-01-15,7120.0,-0.1,11.02,0.0,0.0,0.0,0.05204542
nefer_09,2006-01-16,4440.0,2.83,10.13,0.01,0.0,0.0,0.05422224
nefer_09,2006-01-17,4780.0,3.17,10.4,1.22,0.0,0.0,0.05684018
nefer_09,2006-01-18,3190.0,7.15,8.94,2.54,0.0,0.0,0.0596186
nefer_09,2006-01-19,5330.0,5.85,10.48,0.45,0.0,0.0,0.06295849
nefer_09,2006-01-20,4770.0,5.51,11.19,0.16,0.0,0.0,0.06639572
nefer_09,2006-01-21,5070.0,1.07,10.05,0.58,0.0,0.0,0.06996076
nefer_09,2006-01-22,9750.0,0.14,7.73,0.04,0.0,0.0,0.07236872
nefer_09,2006-01-23,10220.0,-1.89,8.43,0.01,0.0,0.0,0.07409765
nefer_09,2006-01-24,9650.0,-2.42,12.02,0.01,0.0,0.0,0.07555544
nefer_09,2006-01-25,9950.0,-1.42,10.58,0.0,0.0,0.0,0.07772691
nefer_09,2006-01-26,6830.0,-1.99,4.51,0.05,0.0,0.0,0.07982962
nefer_09,2006-01-27,5610.0,-2.81,2.11,0.57,0.0,0.0,0.08041673
nefer_09,2006-01-28,1650.0,-2.75,1.74,4.84,0.0,0.0,0.08041673
nefer_09,2006-01-29,2320.0,-2.97,1.88,9.2,0.0,0.0,0.08041673
nefer_09,2006-01-30,4640.0,-1.42,3.0,1.19,0.0,0.0,0.08041673
nefer_09,2006-01-31,3670.0,1.88,8.65,0.24,0.0,0.0,0.08080753
nefer_09,2006-02-01,4630.0,2.8,8.13,0.23,0.0,0.0,0.08345145
nefer_09,2006-02-02,7600.0,0.54,7.83,0.08,0.0,0.0,0.08623734
nefer_09,2006-02-03,3110.0,-0.48,3.22,0.03,0.0,0.0,0.08840299
nefer_09,2006-02-04,2860.0,-2.24,4.05,0.03,0.0,0.0,0.08912265
nefer_09,2006-02-05,5420.0,-3.7,3.48,0.01,0.0,0.0,0.08960522
nefer_09,2006-02-06,10990.0,-3.71,6.2,0.01,0.0,0.0,0.08960522
nefer_09,2006-02-07,9280.0,-1.81,7.39,0.01,0.0,0.0,0.09028919
nefer_09,2006-02-08,5900.0,-2.27,5.47,0.01,0.0,0.0,0.09184486
nefer_09,2006-02-09,5590.0,-0.38,6.19,0.53,0.0,0.0,0.0927503
nefer_09,2006-02-10,12910.0,-0.96,7.85,0.01,0.0,0.0,0.09441863
nefer_09,2006-02-11,12740.0,-2.13,7.59,0.0,0.0,0.0,0.09642631
nefer_09,2006-02-12,12780.0,-2.37,7.9,0.0,0.0,0.0,0.09804069
nefer_09,2006-02-13,10640.0,-1.42,11.65,0.0,0.0,0.0,0.09969967
nefer_09,2006-02-14,8740.0,2.42,11.66,0.02,0.0,0.0,0.10281327
nefer_09,2006-02-15,5910.0,4.39,11.13,2.41,0.0,0.0,0.10716059
nefer_09,2006-02-16,4140.0,6.34,13.2,4.61,0.0,0.0,0.11202136
nefer_09,2006-02-17,12600.0,4.39,14.44,2.32,0.0,0.0,0.11822851
nefer_09,2006-02-18,13570.0,5.39,13.68,0.49,0.0,0.0,0.12429492
nefer_09,2006-02-19,9970.0,5.15,12.68,9.35,0.0,0.0,0.13052515
nefer_09,2006-02-20,12400.0,4.8,11.93,1.95,0.0,0.0,0.13643169
nefer_09,2006-02-21,10420.0,2.97,9.94,1.8,0.0,0.0,0.14205074
nefer_09,2006-02-22,7310.0,1.26,7.36,3.95,0.0,0.0,0.14644649
nefer_09,2006-02-23,8240.0,-0.24,7.73,0.22,0.0,0.0,0.14942165
nefer_09,2006-02-24,11100.0,-0.2,7.02,0.44,0.0,0.0,0.15204184
nefer_09,2006-02-25,14750.0,-1.88,10.69,0.11,0.0,0.0,0.15445975
nefer_09,2006-02-26,9730.0,0.67,10.69,0.27,0.0,0.0,0.15762485
nefer_09,2006-02-27,8860.0,-3.35,5.68,0.29,0.0,0.0,0.16176008
nefer_09,2006-02-28,11660.0,-3.95,5.81,0.19,0.0,0.0,0.16261937
nefer_09,2006-03-01,11850.0,1.69,6.89,1.01,0.0,0.0,0.16331425
nefer_09,2006-03-02,9640.0,1.76,8.19,1.58,0.0,0.0,0.16656105
nefer_09,2006-03-03,10340.0,4.95,15.47,0.48,0.0,0.0,0.17037445
nefer_09,2006-03-04,7880.0,6.76,18.59,0.53,0.0,0.0,0.1782998
nefer_09,2006-03-05,10460.0,-0.41,8.13,5.11,0.0,0.0,0.18826225
nefer_09,2006-03-06,9570.0,-0.08,7.9,2.99,0.0,0.0,0.191334
nefer_09,2006-03-07,9340.0,2.99,10.12,10.87,0.0,0.0,0.19448396
nefer_09,2006-03-08,8690.0,9.9,13.37,5.92,0.0,0.0,0.19982944
nefer_09,2006-03-09,6350.0,6.17,14.86,5.71,0.0,0.0,0.20943269
nefer_09,2006-03-10,6350.0,5.53,8.85,35.97,0.0,0.0,0.21821588
nefer_09,2006-03-11,10790.0,4.04,9.44,11.19,0.0,0.0,0.22429326
nefer_09,2006-03-12,8420.0,0.15,8.53,1.29,0.0,0.0,0.23005757
nefer_09,2006-03-13,19070.0,-3.63,10.07,0.0,0.0,0.0,0.23381274
nefer_09,2006-03-14,18200.0,2.11,14.48,0.0,0.0,0.0,0.23663114
nefer_09,2006-03-15,17800.0,5.15,15.58,0.01,0.0,0.0,0.24397503
nefer_09,2006-03-16,17320.0,2.48,15.02,0.0,0.0,0.0,0.25325606
nefer_09,2006-03-17,14380.0,2.58,15.99,0.03,0.0,0.0,0.2611794
nefer_09,2006-03-18,9010.0,7.69,16.19,0.65,0.0,0.0,0.26968118
nefer_09,2006-03-19,14920.0,6.91,16.47,0.26,0.0,0.0,0.28073512
nefer_09,2006-03-20,16240.0,5.72,18.35,0.17,0.0,0.0,0.2916764
nefer_09,2006-03-21,16270.0,6.33,16.85,4.11,0.0,0.0,0.30306308
nefer_09,2006-03-22,11600.0,7.65,13.32,5.51,0.0,0.0,0.31414689
nefer_09,2006-03-23,14700.0,4.72,15.87,1.22,0.0,0.0,0.32428101
nefer_09,2006-03-24,16690.0,7.69,19.61,2.48,0.0,0.0,0.33433674
nefer_09,2006-03-25,17420.0,10.23,21.02,0.33,0.0,0.0,0.34780922
nefer_09,2006-03-26,15180.0,10.4,25.26,0.0,0.0,0.0,0.36339114
nefer_09,2006-03-27,11630.0,11.16,20.54,10.21,0.0,0.0,0.38135488
nefer_09,2006-03-28,16230.0,7.23,13.63,8.41,0.0,0.0,0.39748651
nefer_09,2006-03-29,19910.0,6.4,16.85,0.06,0.0,0.0,0.40820901
nefer_09,2006-03-30,16160.0,10.59,23.55,1.43,0.0,0.0,0.42027955
nefer_09,2006-03-31,18630.0,11.28,19.06,2.03,0.0,0.0,0.43817941
nefer_09,2006-04-01,10790.0,10.44,18.33,0.13,0.0,0.0,0.45424303
nefer_09,2006-04-02,17930.0,8.08,18.07,0.27,0.0,0.0,0.46962351
nefer_09,2006-04-03,16140.0,6.45,15.29,0.02,0.0,0.0,0.48373799
nefer_09,2006-04-04,19580.0,4.91,18.31,0.04,0.0,0.0,0.4955841
nefer_09,2006-04-05,14230.0,5.5,15.06,1.39,0.0,0.0,0.50835621
nefer_09,2006-04-06,22530.0,1.9,14.44,0.04,0.0,0.0,0.51977104
nefer_09,2006-04-07,22950.0,3.85,16.91,0.01,0.0,0.0,0.52892701
nefer_09,2006-04-08,18540.0,5.2,18.08,0.02,0.0,0.0,0.54066647
nefer_09,2006-04-09,15930.0,8.94,20.01,2.16,0.0,0.0,0.5539506
nefer_09,2006-04-10,13890.0,2.1,9.58,10.83,0.0,0.0,0.57061884
nefer_09,2006-04-11,23750.0,0.17,12.73,0.1,0.0,0.0,0.57740364
nefer_09,2006-04-12,16350.0,1.85,13.7,0.04,0.0,0.0,0.58496323
nefer_09,2006-04-13,21670.0,5.92,15.56,0.03,0.0,0.0,0.59415534
nefer_09,2006-04-14,22170.0,4.6,21.21,0.06,0.0,0.0,0.60696264
nefer_09,2006-04-15,12830.0,9.5,19.97,4.42,0.0,0.0,0.62248334
nefer_09,2006-04-16,18300.0,10.77,17.4,0.59,0.0,0.0,0.64035503
nefer_09,2006-04-17,14790.0,8.58,14.94,2.36,0.0,0.0,0.65758149
nefer_09,2006-04-18,17340.0,8.08,14.89,0.92,0.0,0.0,0.67208362
nefer_09,2006-04-19,23930.0,6.62,17.83,0.06,0.0,0.0,0.68636279
nefer_09,2006-04-20,23300.0,8.51,17.87,0.07,0.0,0.0,0.70168529
nefer_09,2006-04-21,22270.0,7.75,21.75,0.17,0.0,0.0,0.71834992
nefer_09,2006-04-22,19300.0,7.76,21.15,1.16,0.0,0.0,0.73713333
nefer_09,2006-04-23,17740.0,10.23,21.26,0.14,0.0,0.0,0.75568544
nefer_09,2006-04-24,16830.0,11.44,18.21,2.02,0.0,0.0,0.77604983
nefer_09,2006-04-25,14030.0,9.49,20.2,0.07,0.0,0.0,0.7953712
nefer_09,2006-04-26,19100.0,10.8,19.66,0.05,0.0,0.0,0.81486507
nefer_09,2006-04-27,9450.0,10.7,16.99,9.39,0.0,0.0,0.83501404
nefer_09,2006-04-28,15360.0,8.77,16.87,0.66,0.0,0.0,0.85346592
nefer_09,2006-04-29,23850.0,4.33,16.27,0.0,0.0,0.0,0.87067629
nefer_09,2006-04-30,27620.0,1.87,16.26,0.0,0.0,0.0,0.88460315
nefer_09,2006-05-01,23420.0,6.49,20.26,0.04,0.0,0.0,0.89694717
nefer_09,2006-05-02,22850.0,9.69,24.03,0.01,0.0,0.0,0.91528776
nefer_09,2006-05-03,22990.0,9.36,21.93,0.0,0.0,0.0,0.93856687
nefer_09,2006-05-04,21770.0,9.47,23.44,0.02,0.0,0.0,0.96031546
nefer_09,2006-05-05,16800.0,11.3,20.37,0.21,0.0,0.0,0.98334353
nefer_09,2006-05-06,13670.0,13.95,21.06,4.1,0.0,0.0,1.0
nefer_09,2006-05-07,17350.0,12.52,21.36,9.05,0.0,0.0,1.01458295
nefer_09,2006-05-08,9290.0,7.12,14.08,9.21,0.0,0.0,1.02869521
nefer_09,2006-05-09,26330.0,6.98,16.89,0.09,0.0,0.0,1.03752578
nefer_09,2006-05-10,27440.0,9.89,19.62,0.04,0.0,0.0,1.04746851
nefer_09,2006-05-11,28260.0,7.67,22.24,0.01,0.0,0.0,1.05976051
nefer_09,2006-05-12,15180.0,11.59,21.0,2.51,0.0,0.0,1.07221912
nefer_09,2006-05-13,11570.0,12.1,19.1,4.97,0.0,0.0,1.08579405
nefer_09,2006-05-14,24260.0,11.72,22.84,0.08,0.0,0.0,1.09878999
nefer_09,2006-05-15,23470.0,15.69,26.1,4.55,0.0,0.0,1.1131855
nefer_09,2006-05-16,25380.0,14.76,27.39,2.17,0.0,0.0,1.13059256
nefer_09,2006-05-17,24910.0,16.12,33.0,0.04,0.0,0.0,1.14814958
nefer_09,2006-05-18,7420.0,13.16,19.48,2.79,0.0,0.0,1.16860986
nefer_09,2006-05-19,16920.0,10.62,20.41,0.28,0.0,0.0,1.18220562
nefer_09,2006-05-20,18590.0,12.71,21.69,0.16,0.0,0.0,1.19513075
nefer_09,2006-05-21,21520.0,13.53,28.85,0.23,0.0,0.0,1.20945961
nefer_09,2006-05-22,12990.0,11.15,21.51,0.64,0.0,0.0,1.22711243
nefer_09,2006-05-23,17010.0,8.26,15.81,4.31,0.0,0.0,1.24071651
nefer_09,2006-05-24,30050.0,6.29,19.03,0.0,0.0,0.0,1.25074255
nefer_09,2006-05-25,28670.0,7.35,23.4,0.0,0.0,0.0,1.26128926
nefer_09,2006-05-26,20370.0,12.37,24.55,0.03,0.0,0.0,1.27409776
nefer_09,2006-05-27,29470.0,13.27,28.16,0.08,0.0,0.0,1.28947629
nefer_09,2006-05-28,29060.0,14.62,28.48,0.05,0.0,0.0,1.3067334
nefer_09,2006-05-29,16160.0,13.23,23.23,1.5,0.0,0.0,1.32468613
nefer_09,2006-05-30,27130.0,8.28,19.71,0.46,0.0,0.0,1.33987306
nefer_09,2006-05-31,26830.0,5.35,18.24,0.0,0.0,0.0,1.35153192
nefer_09,2006-06-01,29450.0,5.01,20.21,0.0,0.0,0.0,1.36135802
nefer_09,2006-06-02,27820.0,8.23,20.64,0.0,0.0,0.0,1.37186307
nefer_09,2006-06-03,31150.0,5.9,21.79,0.01,0.0,0.0,1.38388848
nefer_09,2006-06-04,29490.0,8.14,25.4,0.0,0.0,0.0,1.39542238
nefer_09,2006-06-05,30510.0,10.83,27.32,0.0,0.0,0.0,1.40939302
nefer_09,2006-06-06,28850.0,13.36,28.23,0.04,0.0,0.0,1.42528389
nefer_09,2006-06-07,28360.0,13.89,30.5,0.0,0.0,0.0,1.44260765
nefer_09,2006-06-08,27730.0,12.99,27.49,0.0,0.0,0.0,1.46109771
nefer_09,2006-06-09,26090.0,14.95,27.67,0.0,0.0,0.0,1.47795911
nefer_09,2006-06-10,23150.0,16.9,26.44,1.14,0.0,0.0,1.4957119
nefer_09,2006-06-11,28730.0,14.07,31.87,0.0,0.0,0.0,1.5137646
nefer_09,2006-06-12,29160.0,16.54,31.76,0.0,0.0,0.0,1.53290029
nefer_09,2006-06-13,29560.0,14.23,31.82,0.0,0.0,0.0,1.55301901
nefer_09,2006-06-14,28730.0,14.33,31.81,0.0,0.0,0.0,1.57220052
nefer_09,2006-06-15,24310.0,14.82,32.27,0.01,0.0,0.0,1.59141952
nefer_09,2006-06-16,20770.0,17.8,31.83,5.28,0.0,0.0,1.61103423
nefer_09,2006-06-17,21010.0,17.64,29.4,4.24,0.0,0.0,1.63170695
nefer_09,2006-06-18,17250.0,17.0,29.7,0.47,0.0,0.0,1.65130083
nefer_09,2006-06-19,25870.0,18.06,32.05,2.21,0.0,0.0,1.67075309
nefer_09,2006-06-20,15540.0,17.64,28.25,15.94,0.0,0.0,1.69162574
nefer_09,2006-06-21,16650.0,16.45,27.74,1.8,0.0,0.0,1.71074061
nefer_09,2006-06-22,11790.0,15.55,26.42,0.34,0.0,0.0,1.72914736
nefer_09,2006-06-23,27710.0,13.89,30.65,0.06,0.0,0.0,1.7466294
nefer_09,2006-06-24,22630.0,19.08,32.92,6.93,0.0,0.0,1.76518194
nefer_09,2006-06-25,11860.0,16.35,24.87,7.76,0.0,0.0,1.78684185
nefer_09,2006-06-26,27580.0,14.33,29.56,0.32,0.0,0.0,1.80401149
nefer_09,2006-06-27,22600.0,15.42,29.08,2.66,0.0,0.0,1.82229328
nefer_09,2006-06-28,19040.0,16.73,26.61,7.21,0.0,0.0,1.84082916
nefer_09,2006-06-29,28290.0,16.4,29.61,1.17,0.0,0.0,1.85888186
nefer_09,2006-06-30,28730.0,15.65,31.81,0.0,0.0,0.0,1.87804671
nefer_09,2006-07-01,25960.0,20.04,35.25,0.23,0.0,0.0,1.89781553
nefer_09,2006-07-02,28700.0,21.66,36.58,0.0,0.0,0.0,1.92084584
nefer_09,2006-07-03,19870.0,18.78,30.58,0.69,0.0,0.0,1.94510494
nefer_09,2006-07-04,27670.0,18.41,35.39,0.52,0.0,0.0,1.96566518
nefer_09,2006-07-05,12440.0,17.21,26.83,4.83,0.0,0.0,1.98807485
nefer_09,2006-07-06,16310.0,15.87,25.68,2.3,0.0,0.0,2.0
nefer_09,2006-07-07,21500.0,15.35,27.51,0.13,0.0,0.0,2.0
nefer_09,2006-07-08,29120.0,16.61,31.69,0.03,0.0,0.0,2.0
nefer_09,2006-07-09,19410.0,20.7,28.03,0.15,0.0,0.0,2.0
nefer_09,2006-07-10,27700.0,17.86,35.19,0.0,0.0,0.0,2.0
nefer_09,2006-07-11,17460.0,21.58,28.53,0.07,0.0,0.0,2.0
nefer_09,2006-07-12,21180.0,18.37,31.54,0.17,0.0,0.0,2.0
nefer_09,2006-07-13,20600.0,19.7,33.05,0.04,0.0,0.0,2.0
nefer_09,2006-07-14,24410.0,19.07,33.1,0.16,0.0,0.0,2.0
nefer_09,2006-07-15,24660.0,21.99,31.26,0.35,0.0,0.0,2.0
nefer_09,2006-07-16,27070.0,20.05,36.08,1.11,0.0,0.0,2.0
nefer_09,2006-07-17,26170.0,21.47,36.68,0.55,0.0,0.0,2.0
nefer_09,2006-07-18,27960.0,22.95,37.37,0.19,0.0,0.0,2.0
nefer_09,2006-07-19,15870.0,21.95,35.61,3.23,0.0,0.0,2.0
nefer_09,2006-07-20,25440.0,20.79,35.4,0.29,0.0,0.0,2.0
nefer_09,2006-07-21,27700.0,21.79,38.31,3.66,0.0,0.0,2.0
nefer_09,2006-07-22,18670.0,22.3,31.65,10.06,0.0,0.0,2.0
nefer_09,2006-07-23,25290.0,19.1,32.53,0.19,0.0,0.0,2.0
nefer_09,2006-07-24,24600.0,20.1,36.37,0.43,0.0,0.0,2.0
nefer_09,2006-07-25,25590.0,23.04,35.36,0.12,0.0,0.0,2.0
nefer_09,2006-07-26,25870.0,20.66,36.42,3.37,0.0,0.0,2.0
nefer_09,2006-07-27,19260.0,19.69,35.88,4.14,0.0,0.0,2.0
nefer_09,2006-07-28,20420.0,18.32,27.95,11.31,0.0,0.0,2.0
nefer_09,2006-07-29,25300.0,17.55,30.0,0.12,0.0,0.0,2.0
nefer_09,2006-07-30,23510.0,19.65,34.62,0.02,0.0,0.0,2.0
nefer_09,2006-07-31,17100.0,19.19,31.02,0.21,0.0,0.0,2.0
nefer_09,2006-08-01,19400.0,18.66,29.37,0.38,0.0,0.0,2.0
nefer_09,2006-08-02,19130.0,16.87,28.26,0.4,0.0,0.0,2.0
nefer_09,2006-08-03,21730.0,17.44,26.11,9.04,0.0,0.0,2.0
nefer_09,2006-08-04,21730.0,17.44,26.11,9.04,0.0,0.0,2.0
nefer_09,2006-08-05,21730.0,17.44,26.11,9.04,0.0,0.0,2.0
nefer_09,2006-08-06,21730.0,17.44,26.11,9.04,0.0,0.0,2.0
nefer_09,2006-08-07,21730.0,17.44,26.11,9.04,0.0,0.0,2.0
nefer_09,2006-08-08,21730.0,17.44,26.11,9.04,0.0,0.0,2.0
nefer_09,2006-08-09,21730.0,17.44,26.11,9.04,0.0,0.0,2.0
nefer_09,2006-08-10,21730.0,17.44,26.11,9.04,0.0,0.0,2.0
nefer_09,2006-08-11,21730.0,17.44,26.11,9.04,0.0,0.0,2.0
nefer_09,2006-08-12,21730.0,17.44,26.11,9.04,0.0,0.0,2.0
nefer_09,2006-08-13,21730.0,17.44,26.11,9.04,0.0,0.0,2.0
nefer_09,2006-08-14,21730.0,17.44,26.11,9.04,0.0,0.0,2.0
nefer_09,2006-08-15,21730.0,17.44,26.11,9.04,0.0,0.0,2.0
nefer_09,2006-08-16,21730.0,17.44,26.11,9.04,0.0,0.0,2.0
nefer_09,2006-08-17,21730.0,17.44,26.11,9.04,0.0,0.0,2.0
nefer_09,2006-08-18,21730.0,17.44,26.11,9.04,0.0,0.0,2.0
nefer_09,2006-08-19,21730.0,17.44,26.11,9.04,0.0,0.0,2.0
nefer_09,2006-08-20,21730.0,17.44,26.11,9.04,0.0,0.0,2.0
nefer_09,2006-08-21,21730.0,17.44,26.11,9.04,0.0,0.0,2.0
nefer_09,2006-08-22,21730.0,17.44,26.11,9.04,0.0,0.0,2.0
nefer_09,2006-08-23,21730.0,17.44,26.11,9.04,0.0,0.0,2.0
nefer_09,2006-08-24,21730.0,17.44,26.11,9.04,0.0,0.0,2.0
nefer_09,2006-08-25,21730.0,17.44,26.11,9.04,0.0,0.0,2.0
nefer_09,2006-08-26,21730.0,17.44,26.11,9.04,0.0,0.0,2.0
nefer_09,2006-08-27,21730.0,17.44,26.11,9.04,0.0,0.0,2.0
nefer_09,2006-08-28,21730.0,17.44,26.11,9.04,0.0,0.0,2.0
nefer_09,2006-08-29,21730.0,17.44,26.11,9.04,0.0,0.0,2.0
nefer_09,2006-08-30,21730.0,17.44,26.11,9.04,0.0,0.0,2.0
nefer_09,2006-08-31,21730.0,17.44,26.11,9.04,0.0,0.0,2.0
nefer_09,2006-09-01,21730.0,17.44,26.11,9.04,0.0,0.0,2.0
nefer_09,2006-09-02,21730.0,17.44,26.11,9.04,0.0,0.0,2.0
nefer_09,2006-09-03,21730.0,17.44,26.11,9.04,0.0,0.0,2.0
nefer_09,2006-09-04,21730.0,17.44,26.11,9.04,0.0,0.0,2.0
nefer_09,2006-09-05,21730.0,17.44,26.11,9.04,0.0,0.0,2.0
nefer_09,2006-09-06,21730.0,17.44,26.11,9.04,0.0,0.0,2.0
nefer_09,2006-09-07,21730.0,17.44,26.11,9.04,0.0,0.0,2.0
nefer_09,2006-09-08,21730.0,17.44,26.11,9.04,0.0,0.0,2.0
nefer_09,2006-09-09,21730.0,17.44,26.11,9.04,0.0,0.0,2.0
nefer_09,2006-09-10,21730.0,17.44,26.11,9.04,0.0,0.0,2.0
nefer_09,2006-09-11,21730.0,17.44,26.11,9.04,0.0,0.0,2.0
nefer_09,2006-09-12,21730.0,17.44,26.11,9.04,0.0,0.0,2.0
nefer_09,2006-09-13,21730.0,17.44,26.11,9.04,0.0,0.0,2.0
nefer_09,2006-09-14,21730.0,17.44,26.11,9.04,0.0,0.0,2.0
nefer_09,2006-09-15,21730.0,17.44,26.11,9.04,0.0,0.0,2.0
nefer_09,2006-09-16,21730.0,17.44,26.11,9.04,0.0,0.0,2.0
nefer_09,2006-09-17,21730.0,17.44,26.11,9.04,0.0,0.0,2.0
nefer_09,2006-09-18,21730.0,17.44,26.11,9.04,0.0,0.0,2.0
nefer_09,2006-09-19,21730.0,17.44,26.11,9.04,0.0,0.0,2.0
nefer_09,2006-09-20,21730.0,17.44,26.11,9.04,0.0,0.0,2.0
nefer_09,2006-09-21,21730.0,17.44,26.11,9.04,0.0,0.0,2.0
nefer_09,2006-09-22,21730.0,17.44,26.11,9.04,0.0,0.0,2.0
nefer_09,2006-09-23,21730.0,17.44,26.11,9.04,0.0,0.0,2.0
nefer_09,2006-09-24,21730.0,17.44,26.11,9.04,0.0,0.0,2.0
nefer_09,2006-09-25,21730.0,17.44,26.11,9.04,0.0,0.0,2.0
nefer_09,2006-09-26,21730.0,17.44,26.11,9.04,0.0,0.0,2.0
nefer_09,2006-09-27,21730.0,17.44,26.11,9.04,0.0,0.0,2.0
nefer_09,2006-09-28,21730.0,17.44,26.11,9.04,0.0,0.0,2.0
nefer_09,2006-09-29,21730.0,17.44,26.11,9.04,0.0,0.0,2.0
nefer_09,2006-09-30,21730.0,17.44,26.11,9.04,0.0,0.0,2.0
nefer_09,2006-10-01,21730.0,17.44,26.11,9.04,0.0,0.0,2.0
nefer_09,2006-10-02,21730.0,17.44,26.11,9.04,0.0,0.0,2.0
nefer_09,2006-10-03,21730.0,17.44,26.11,9.04,0.0,0.0,2.0
nefer_09,2006-10-04,21730.0,17.44,26.11,9.04,0.0,0.0,2.0
nefer_09,2006-10-05,21730.0,17.44,26.11,9.04,0.0,0.0,2.0
nefer_09,2006-10-06,21730.0,17.44,26.11,9.04,0.0,0.0,2.0
nefer_09,2006-10-07,21730.0,17.44,26.11,9.04,0.0,0.0,2.0
nefer_09,2006-10-08,21730.0,17.44,26.11,9.04,0.0,0.0,2.0
nefer_09,2006-10-09,21730.0,17.44,26.11,9.04,0.0,0.0,2.0
nefer_09,2006-10-10,21730.0,17.44,26.11,9.04,0.0,0.0,2.0
nefer_09,2006-10-11,21730.0,17.44,26.11,9.04,0.0,0.0,2.0
nefer_09,2006-10-12,21730.0,17.44,26.11,9.04,0.0,0.0,2.0
nefer_09,2006-10-13,21730.0,17.44,26.11,9.04,0.0,0.0,2.0
nefer_09,2006-10-14,21730.0,17.44,26.11,9.04,0.0,0.0,2.0
nefer_09,2006-10-15,21730.0,17.44,26.11,9.04,0.0,0.0,2.0
nefer_09,2006-10-16,21730.0,17.44,26.11,9.04,0.0,0.0,2.0
nefer_09,2006-10-17,21730.0,17.44,26.11,9.04,0.0,0.0,2.0
nefer_09,2006-10-18,21730.0,17.44,26.11,9.04,0.0,0.0,2.0
nefer_09,2006-10-19,21730.0,17.44,26.11,9.04,0.0,0.0,2.0
nefer_09,2006-10-20,21730.0,17.44,26.11,9.04,0.0,0.0,2.0
nefer_09,2006-10-21,21730.0,17.44,26.11,9.04,0.0,0.0,2.0
nefer_09,2006-10-22,21730.0,17.44,26.11,9.04,0.0,0.0,2.0
nefer_09,2006-10-23,21730.0,17.44,26.11,9.04,0.0,0.0,2.0
nefer_09,2006-10-24,21730.0,17.44,26.11,9.04,0.0,0.0,2.0
nefer_09,2006-10-25,21730.0,17.44,26.11,9.04,0.0,0.0,2.0
nefer_09,2006-10-26,21730.0,17.44,26.11,9.04,0.0,0.0,2.0
nefer_09,2006-10-27,21730.0,17.44,26.11,9.04,0.0,0.0,2.0
nefer_09,2006-10-28,21730.0,17.44,26.11,9.04,0.0,0.0,2.0
nefer_09,2006-10-29,21730.0,17.44,26.11,9.04,0.0,0.0,2.0
nefer_09,2006-10-30,21730.0,17.44,26.11,9.04,0.0,0.0,2.0
nefer_09,2006-10-31,21730.0,17.44,26.11,9.04,0.0,0.0,2.0
nefer_09,2006-11-01,21730.0,17.44,26.11,9.04,0.0,0.0,2.0
nefer_09,2006-11-02,21730.0,17.44,26.11,9.04,0.0,0.0,2.0
nefer_09,2006-11-03,21730.0,17.44,26.11,9.04,0.0,0.0,2.0
nefer_09,2006-11-04,21730.0,17.44,26.11,9.04,0.0,0.0,2.0
nefer_09,2006-11-05,21730.0,17.44,26.11,9.04,0.0,0.0,2.0
nefer_09,2006-11-06,21730.0,17.44,26.11,9.04,0.0,0.0,2.0
nefer_09,2006-11-07,21730.0,17.44,26.11,9.04,0.0,0.0,2.0
nefer_10,2005-11-08,11380.0,4.94,22.4,0.05,0.0,0.0,-0.1
nefer_10,2005-11-09,3200.0,6.16,10.26,9.76,0.0,0.0,0.0
nefer_10,2005-11-10,4650.0,3.79,12.23,0.42,0.0,0.0,0.0
nefer_10,2005-11-11,9330.0,2.68,13.93,0.09,0.0,0.0,0.0
nefer_10,2005-11-12,6420.0,5.38,16.95,1.6,0.0,0.0,0.0
nefer_10,2005-11-13,2310.0,7.35,12.67,5.32,0.0,0.0,0.0
nefer_10,2005-11-14,3200.0,10.79,14.2,6.43,0.0,0.0,0.0
nefer_10,2005-11-15,5010.0,9.03,14.1,3.07,0.0,0.0,0.0
nefer_10,2005-11-16,4340.0,7.84,14.41,6.75,0.0,0.0,0.0
nefer_10,2005-11-17,5120.0,4.22,10.74,1.41,0.0,0.0,0.0
nefer_10,2005-11-18,10130.0,-0.27,9.93,0.02,0.0,0.0,0.0
nefer_10,2005-11-19,9530.0,-2.09,11.24,0.05,0.0,0.0,5.97e-06
nefer_10,2005-11-20,8510.0,0.07,13.42,0.03,0.0,0.0,7.245e-05
nefer_10,2005-11-21,9490.0,3.46,12.8,0.03,0.0,0.0,0.00025758
nefer_10,2005-11-22,9400.0,-1.67,9.73,0.03,0.0,0.0,0.00058275
nefer_10,2005-11-23,9000.0,-4.42,6.13,0.04,0.0,0.0,0.00079309
nefer_10,2005-11-24,2560.0,-2.59,6.14,0.82,0.0,0.0,0.00084786
nefer_10,2005-11-25,2220.0,2.21,7.86,19.19,0.0,0.0,0.00097528
nefer_10,2005-11-26,5910.0,-0.17,4.99,2.41,0.0,0.0,0.00138272
nefer_10,2005-11-27,3400.0,-0.25,5.89,3.91,0.0,0.0,0.0016043
nefer_10,2005-11-28,6650.0,0.4,9.85,0.94,0.0,0.0,0.00189101
nefer_10,2005-11-29,5730.0,0.98,6.3,5.01,0.0,0.0,0.00246431
nefer_10,2005-11-30,7830.0,0.04,8.15,0.84,0.0,0.0,0.0029088
nefer_10,2005-12-01,5920.0,3.51,12.68,1.2,0.0,0.0,0.00344991
nefer_10,2005-12-02,3980.0,5.3,14.28,3.57,0.0,0.0,0.00459908
nefer_10,2005-12-03,6950.0,4.47,11.5,5.08,0.0,0.0,0.00608314
nefer_10,2005-12-04,5990.0,4.98,15.06,5.62,0.0,0.0,0.00736912
nefer_10,2005-12-05,3070.0,5.36,8.46,9.56,0.0,0.0,0.00907612
nefer_10,2005-12-06,3450.0,2.46,6.94,8.69,0.0,0.0,0.0103165
nefer_10,2005-12-07,4730.0,2.7,9.83,0.49,0.0,0.0,0.01120279
nefer_10,2005-12-08,2530.0,5.25,8.83,11.69,0.0,0.0,0.01244043
nefer_10,2005-12-09,5150.0,-1.89,7.84,1.78,0.0,0.0,0.01389385
nefer_10,2005-12-10,5710.0,-2.92,5.63,0.01,0.0,0.0,0.01453438
nefer_10,2005-12-11,3730.0,-3.7,3.25,0.0,0.0,0.0,0.01483803
nefer_10,2005-12-12,2830.0,-3.65,1.26,0.01,0.0,0.0,0.01483803
nefer_10,2005-12-13,4560.0,-3.67,2.63,0.01,0.0,0.0,0.01483803
nefer_10,2005-12-14,3600.0,-2.06,3.73,0.08,0.0,0.0,0.01483803
nefer_10,2005-12-15,3050.0,-2.52,5.05,0.02,0.0,0.0,0.01503944
nefer_10,2005-12-16,3830.0,-1.46,6.92,1.21,0.0,0.0,0.01535209
nefer_10,2005-12-17,4210.0,-1.15,8.55,4.01,0.0,0.0,0.01604502
nefer_10,2005-12-18,8140.0,-1.95,5.08,0.14,0.0,0.0,0.01701708
nefer_10,2005-12-19,7960.0,-2.27,4.73,0.01,0.0,0.0,0.01744296
nefer_10,2005-12-20,7650.0,-0.66,6.8,0.01,0.0,0.0,0.0177869
nefer_10,2005-12-21,7680.0,-0.39,6.61,0.01,0.0,0.0,0.01866744
nefer_10,2005-12-22,5820.0,-0.45,5.13,0.01,0.0,0.0,0.01959028
nefer_10,2005-12-23,6170.0,-0.93,5.53,0.01,0.0,0.0,0.0203083
nefer_10,2005-12-24,7900.0,-1.34,7.63,0.0,0.0,0.0,0.02103567
nefer_10,2005-12-25,4800.0,-0.15,4.53,0.02,0.0,0.0,0.0220604
nefer_10,2005-12-26,2760.0,-1.7,3.01,0.03,0.0,0.0,0.02278786
nefer_10,2005-12-27,3030.0,-2.88,1.9,0.13,0.0,0.0,0.0230061
nefer_10,2005-12-28,6640.0,-2.41,2.18,0.31,0.0,0.0,0.0230061
nefer_10,2005-12-29,6750.0,-2.63,1.93,0.2,0.0,0.0,0.0230061
nefer_10,2005-12-30,2270.0,-0.87,8.9,6.48,0.0,0.0,0.0230061
nefer_10,2005-12-31,2320.0,4.39,8.8,6.92,0.0,0.0,0.02436941
nefer_10,2006-01-01,4420.0,4.82,8.54,10.64,0.0,0.0,0.02662289
nefer_10,2006-01-02,3340.0,1.89,7.51,6.4,0.0,0.0,0.0289212
nefer_10,2006-01-03,3010.0,0.39,6.55,0.34,0.0,0.0,0.0305504
nefer_10,2006-01-04,4290.0,0.4,6.95,0.37,0.0,0.0,0.03176292
nefer_10,2006-01-05,3750.0,-0.17,5.26,2.26,0.0,0.0,0.03305813
nefer_10,2006-01-06,3850.0,-0.13,8.69,0.03,0.0,0.0,0.03396326
nefer_10,2006-01-07,3040.0,1.83,9.29,0.36,0.0,0.0,0.03550009
nefer_10,2006-01-08,5400.0,3.83,10.51,0.53,0.0,0.0,0.0375167
nefer_10,2006-01-09,3920.0,0.73,6.87,2.74,0.0,0.0,0.0401447
nefer_10,2006-01-10,5060.0,1.95,8.0,0.07,0.0,0.0,0.0415528
nefer_10,2006-01-11,5110.0,2.24,9.21,0.01,0.0,0.0,0.0434173
nefer_10,2006-01-12,7020.0,1.48,10.43,0.01,0.0,0.0,0.04558814
nefer_10,2006-01-13,8280.0,-1.06,12.02,0.01,0.0,0.0,0.04787358
nefer_10,2006-01-14,6730.0,-0.36,10.74,0.01,0.0,0.0,0.05000296
nefer_10,2006-01-15,7120.0,-0.1,11.02,0.0,0.0,0.0,0.05204542
nefer_10,2006-01-16,4440.0,2.83,10.13,0.01,0.0,0.0,0.05422224
nefer_10,2006-01-17,4780.0,3.17,10.4,1.22,0.0,0.0,0.05684018
nefer_10,2006-01-18,3190.0,7.15,8.94,2.54,0.0,0.0,0.0596186
nefer_10,2006-01-19,5330.0,5.85,10.48,0.45,0.0,0.0,0.06295849
nefer_10,2006-01-20,4770.0,5.51,11.19,0.16,0.0,0.0,0.06639572
nefer_10,2006-01-21,5070.0,1.07,10.05,0.58,0.0,0.0,0.06996076
nefer_10,2006-01-22,9750.0,0.14,7.73,0.04,0.0,0.0,0.07236872
nefer_10,2006-01-23,10220.0,-1.89,8.43,0.01,0.0,0.0,0.07409765
nefer_10,2006-01-24,9650.0,-2.42,12.02,0.01,0.0,0.0,0.07555544
nefer_10,2006-01-25,9950.0,-1.42,10.58,0.0,0.0,0.0,0.07772691
nefer_10,2006-01-26,6830.0,-1.99,4.51,0.05,0.0,0.0,0.07982962
nefer_10,2006-01-27,5610.0,-2.81,2.11,0.57,0.0,0.0,0.08041673
nefer_10,2006-01-28,1650.0,-2.75,1.74,4.84,0.0,0.0,0.08041673
nefer_10,2006-01-29,2320.0,-2.97,1.88,9.2,0.0,0.0,0.08041673
nefer_10,2006-01-30,4640.0,-1.42,3.0,1.19,0.0,0.0,0.08041673
nefer_10,2006-01-31,3670.0,1.88,8.65,0.24,0.0,0.0,0.08080753
nefer_10,2006-02-01,4630.0,2.8,8.13,0.23,0.0,0.0,0.08345145
nefer_10,2006-02-02,7600.0,0.54,7.83,0.08,0.0,0.0,0.08623734
nefer_10,2006-02-03,3110.0,-0.48,3.22,0.03,0.0,0.0,0.08840299
nefer_10,2006-02-04,2860.0,-2.24,4.05,0.03,0.0,0.0,0.08912265
nefer_10,2006-02-05,5420.0,-3.7,3.48,0.01,0.0,0.0,0.08960522
nefer_10,2006-02-06,10990.0,-3.71,6.2,0.01,0.0,0.0,0.08960522
nefer_10,2006-02-07,9280.0,-1.81,7.39,0.01,0.0,0.0,0.09028919
nefer_10,2006-02-08,5900.0,-2.27,5.47,0.01,0.0,0.0,0.09184486
nefer_10,2006-02-09,5590.0,-0.38,6.19,0.53,0.0,0.0,0.0927503
nefer_10,2006-02-10,12910.0,-0.96,7.85,0.01,0.0,0.0,0.09441863
nefer_10,2006-02-11,12740.0,-2.13,7.59,0.0,0.0,0.0,0.09642631
nefer_10,2006-02-12,12780.0,-2.37,7.9,0.0,0.0,0.0,0.09804069
nefer_10,2006-02-13,10640.0,-1.42,11.65,0.0,0.0,0.0,0.09969967
nefer_10,2006-02-14,8740.0,2.42,11.66,0.02,0.0,0.0,0.10281327
nefer_10,2006-02-15,5910.0,4.39,11.13,2.41,0.0,0.0,0.10716059
nefer_10,2006-02-16,4140.0,6.34,13.2,4.61,0.0,0.0,0.11202136
nefer_10,2006-02-17,12600.0,4.39,14.44,2.32,0.0,0.0,0.11822851
nefer_10,2006-02-18,13570.0,5.39,13.68,0.49,0.0,0.0,0.12429492
nefer_10,2006-02-19,9970.0,5.15,12.68,9.35,0.0,0.0,0.13052515
nefer_10,2006-02-20,12400.0,4.8,11.93,1.95,0.0,0.0,0.13643169
nefer_10,2006-02-21,10420.0,2.97,9.94,1.8,0.0,0.0,0.14205074
nefer_10,2006-02-22,7310.0,1.26,7.36,3.95,0.0,0.0,0.14644649
nefer_10,2006-02-23,8240.0,-0.24,7.73,0.22,0.0,0.0,0.14942165
nefer_10,2006-02-24,11100.0,-0.2,7.02,0.44,0.0,0.0,0.15204184
nefer_10,2006-02-25,14750.0,-1.88,10.69,0.11,0.0,0.0,0.15445975
nefer_10,2006-02-26,9730.0,0.67,10.69,0.27,0.0,0.0,0.15762485
nefer_10,2006-02-27,8860.0,-3.35,5.68,0.29,0.0,0.0,0.16176008
nefer_10,2006-02-28,11660.0,-3.95,5.81,0.19,0.0,0.0,0.16261937
nefer_10,2006-03-01,11850.0,1.69,6.89,1.01,0.0,0.0,0.16331425
nefer_10,2006-03-02,9640.0,1.76,8.19,1.58,0.0,0.0,0.16656105
nefer_10,2006-03-03,10340.0,4.95,15.47,0.48,0.0,0.0,0.17037445
nefer_10,2006-03-04,7880.0,6.76,18.59,0.53,0.0,0.0,0.1782998
nefer_10,2006-03-05,10460.0,-0.41,8.13,5.11,0.0,0.0,0.18826225
nefer_10,2006-03-06,9570.0,-0.08,7.9,2.99,0.0,0.0,0.191334
nefer_10,2006-03-07,9340.0,2.99,10.12,10.87,0.0,0.0,0.19448396
nefer_10,2006-03-08,8690.0,9.9,13.37,5.92,0.0,0.0,0.19982944
nefer_10,2006-03-09,6350.0,6.17,14.86,5.71,0.0,0.0,0.20943269
nefer_10,2006-03-10,6350.0,5.53,8.85,35.97,0.0,0.0,0.21821588
nefer_10,2006-03-11,10790.0,4.04,9.44,11.19,0.0,0.0,0.22429326
nefer_10,2006-03-12,8420.0,0.15,8.53,1.29,0.0,0.0,0.23005757
nefer_10,2006-03-13,19070.0,-3.63,10.07,0.0,0.0,0.0,0.23381274
nefer_10,2006-03-14,18200.0,2.11,14.48,0.0,0.0,0.0,0.23663114
nefer_10,2006-03-15,17800.0,5.15,15.58,0.01,0.0,0.0,0.24397503
nefer_10,2006-03-16,17320.0,2.48,15.02,0.0,0.0,0.0,0.25325606
nefer_10,2006-03-17,14380.0,2.58,15.99,0.03,0.0,0.0,0.2611794
nefer_10,2006-03-18,9010.0,7.69,16.19,0.65,0.0,0.0,0.26968118
nefer_10,2006-03-19,14920.0,6.91,16.47,0.26,0.0,0.0,0.28073512
nefer_10,2006-03-20,16240.0,5.72,18.35,0.17,0.0,0.0,0.2916764
nefer_10,2006-03-21,16270.0,6.33,16.85,4.11,0.0,0.0,0.30306308
nefer_10,2006-03-22,11600.0,7.65,13.32,5.51,0.0,0.0,0.31414689
nefer_10,2006-03-23,14700.0,4.72,15.87,1.22,0.0,0.0,0.32428101
nefer_10,2006-03-24,16690.0,7.69,19.61,2.48,0.0,0.0,0.33433674
nefer_10,2006-03-25,17420.0,10.23,21.02,0.33,0.0,0.0,0.34780922
nefer_10,2006-03-26,15180.0,10.4,25.26,0.0,0.0,0.0,0.36339114
nefer_10,2006-03-27,11630.0,11.16,20.54,10.21,0.0,0.0,0.38135488
nefer_10,2006-03-28,16230.0,7.23,13.63,8.41,0.0,0.0,0.39748651
nefer_10,2006-03-29,19910.0,6.4,16.85,0.06,0.0,0.0,0.40820901
nefer_10,2006-03-30,16160.0,10.59,23.55,1.43,0.0,0.0,0.42027955
nefer_10,2006-03-31,18630.0,11.28,19.06,2.03,0.0,0.0,0.43817941
nefer_10,2006-04-01,10790.0,10.44,18.33,0.13,0.0,0.0,0.45424303
nefer_10,2006-04-02,17930.0,8.08,18.07,0.27,0.0,0.0,0.46962351
nefer_10,2006-04-03,16140.0,6.45,15.29,0.02,0.0,50.0,0.48373799
nefer_10,2006-04-04,19580.0,4.91,18.31,0.04,0.0,0.0,0.4955841
nefer_10,2006-04-05,14230.0,5.5,15.06,1.39,0.0,0.0,0.50835621
nefer_10,2006-04-06,22530.0,1.9,14.44,0.04,0.0,0.0,0.51977104
nefer_10,2006-04-07,22950.0,3.85,16.91,0.01,0.0,0.0,0.52892701
nefer_10,2006-04-08,18540.0,5.2,18.08,0.02,0.0,0.0,0.54066647
nefer_10,2006-04-09,15930.0,8.94,20.01,2.16,0.0,0.0,0.5539506
nefer_10,2006-04-10,13890.0,2.1,9.58,10.83,0.0,0.0,0.57061884
nefer_10,2006-04-11,23750.0,0.17,12.73,0.1,0.0,0.0,0.57740364
nefer_10,2006-04-12,16350.0,1.85,13.7,0.04,0.0,0.0,0.58496323
nefer_10,2006-04-13,21670.0,5.92,15.56,0.03,0.0,0.0,0.59415534
nefer_10,2006-04-14,22170.0,4.6,21.21,0.06,0.0,0.0,0.60696264
nefer_10,2006-04-15,12830.0,9.5,19.97,4.42,0.0,0.0,0.62248334
nefer_10,2006-04-16,18300.0,10.77,17.4,0.59,0.0,0.0,0.64035503
nefer_10,2006-04-17,14790.0,8.58,14.94,2.36,0.0,0.0,0.65758149
nefer_10,2006-04-18,17340.0,8.08,14.89,0.92,0.0,0.0,0.67208362
nefer_10,2006-04-19,23930.0,6.62,17.83,0.06,0.0,0.0,0.68636279
nefer_10,2006-04-20,23300.0,8.51,17.87,0.07,0.0,0.0,0.70168529
nefer_10,2006-04-21,22270.0,7.75,21.75,0.17,0.0,0.0,0.71834992
nefer_10,2006-04-22,19300.0,7.76,21.15,1.16,0.0,0.0,0.73713333
nefer_10,2006-04-23,17740.0,10.23,21.26,0.14,0.0,0.0,0.75568544
nefer_10,2006-04-24,16830.0,11.44,18.21,2.02,0.0,0.0,0.77604983
nefer_10,2006-04-25,14030.0,9.49,20.2,0.07,0.0,0.0,0.7953712
nefer_10,2006-04-26,19100.0,10.8,19.66,0.05,0.0,0.0,0.81486507
nefer_10,2006-04-27,9450.0,10.7,16.99,9.39,0.0,0.0,0.83501404
nefer_10,2006-04-28,15360.0,8.77,16.87,0.66,0.0,0.0,0.85346592
nefer_10,2006-04-29,23850.0,4.33,16.27,0.0,0.0,0.0,0.87067629
nefer_10,2006-04-30,27620.0,1.87,16.26,0.0,0.0,0.0,0.88460315
nefer_10,2006-05-01,23420.0,6.49,20.26,0.04,0.0,0.0,0.89694717
nefer_10,2006-05-02,22850.0,9.69,24.03,0.01,0.0,0.0,0.91528776
nefer_10,2006-05-03,22990.0,9.36,21.93,0.0,0.0,50.0,0.93856687
nefer_10,2006-05-04,21770.0,9.47,23.44,0.02,0.0,0.0,0.96031546
nefer_10,2006-05-05,16800.0,11.3,20.37,0.21,0.0,0.0,0.98334353
nefer_10,2006-05-06,13670.0,13.95,21.06,4.1,0.0,0.0,1.0
nefer_10,2006-05-07,17350.0,12.52,21.36,9.05,0.0,0.0,1.01458295
nefer_10,2006-05-08,9290.0,7.12,14.08,9.21,0.0,0.0,1.02869521
nefer_10,2006-05-09,26330.0,6.98,16.89,0.09,0.0,0.0,1.03752578
nefer_10,2006-05-10,27440.0,9.89,19.62,0.04,0.0,0.0,1.04746851
nefer_10,2006-05-11,28260.0,7.67,22.24,0.01,0.0,0.0,1.05976051
nefer_10,2006-05-12,15180.0,11.59,21.0,2.51,0.0,0.0,1.07221912
nefer_10,2006-05-13,11570.0,12.1,19.1,4.97,0.0,0.0,1.08579405
nefer_10,2006-05-14,24260.0,11.72,22.84,0.08,0.0,0.0,1.09878999
nefer_10,2006-05-15,23470.0,15.69,26.1,4.55,0.0,0.0,1.1131855
nefer_10,2006-05-16,25380.0,14.76,27.39,2.17,0.0,0.0,1.13059256
nefer_10,2006-05-17,24910.0,16.12,33.0,0.04,0.0,0.0,1.14814958
nefer_10,2006-05-18,7420.0,13.16,19.48,2.79,0.0,0.0,1.16860986
nefer_10,2006-05-19,16920.0,10.62,20.41,0.28,0.0,0.0,1.18220562
nefer_10,2006-05-20,18590.0,12.71,21.69,0.16,0.0,0.0,1.19513075
nefer_10,2006-05-21,21520.0,13.53,28.85,0.23,0.0,0.0,1.20945961
nefer_10,2006-05-22,12990.0,11.15,21.51,0.64,0.0,0.0,1.22711243
nefer_10,2006-05-23,17010.0,8.26,15.81,4.31,0.0,0.0,1.24071651
nefer_10,2006-05-24,30050.0,6.29,19.03,0.0,0.0,0.0,1.25074255
nefer_10,2006-05-25,28670.0,7.35,23.4,0.0,0.0,0.0,1.26128926
nefer_10,2006-05-26,20370.0,12.37,24.55,0.03,0.0,0.0,1.27409776
nefer_10,2006-05-27,29470.0,13.27,28.16,0.08,0.0,0.0,1.28947629
nefer_10,2006-05-28,29060.0,14.62,28.48,0.05,0.0,0.0,1.3067334
nefer_10,2006-05-29,16160.0,13.23,23.23,1.5,0.0,0.0,1.32468613
nefer_10,2006-05-30,27130.0,8.28,19.71,0.46,0.0,0.0,1.33987306
nefer_10,2006-05-31,26830.0,5.35,18.24,0.0,0.0,0.0,1.35153192
nefer_10,2006-06-01,29450.0,5.01,20.21,0.0,0.0,0.0,1.36135802
nefer_10,2006-06-02,27820.0,8.23,20.64,0.0,0.0,0.0,1.37186307
nefer_10,2006-06-03,31150.0,5.9,21.79,0.01,0.0,0.0,1.38388848
nefer_10,2006-06-04,29490.0,8.14,25.4,0.0,0.0,0.0,1.39542238
nefer_10,2006-06-05,30510.0,10.83,27.32,0.0,0.0,0.0,1.40939302
nefer_10,2006-06-06,28850.0,13.36,28.23,0.04,0.0,0.0,1.42528389
nefer_10,2006-06-07,28360.0,13.89,30.5,0.0,0.0,0.0,1.44260765
nefer_10,2006-06-08,27730.0,12.99,27.49,0.0,0.0,0.0,1.46109771
nefer_10,2006-06-09,26090.0,14.95,27.67,0.0,0.0,0.0,1.47795911
nefer_10,2006-06-10,23150.0,16.9,26.44,1.14,0.0,0.0,1.4957119
nefer_10,2006-06-11,28730.0,14.07,31.87,0.0,0.0,0.0,1.5137646
nefer_10,2006-06-12,29160.0,16.54,31.76,0.0,0.0,0.0,1.53290029
nefer_10,2006-06-13,29560.0,14.23,31.82,0.0,0.0,0.0,1.55301901
nefer_10,2006-06-14,28730.0,14.33,31.81,0.0,0.0,0.0,1.57220052
nefer_10,2006-06-15,24310.0,14.82,32.27,0.01,0.0,0.0,1.59141952
nefer_10,2006-06-16,20770.0,17.8,31.83,5.28,0.0,0.0,1.61103423
nefer_10,2006-06-17,21010.0,17.64,29.4,4.24,0.0,0.0,1.63170695
nefer_10,2006-06-18,17250.0,17.0,29.7,0.47,0.0,0.0,1.65130083
nefer_10,2006-06-19,25870.0,18.06,32.05,2.21,0.0,0.0,1.67075309
nefer_10,2006-06-20,15540.0,17.64,28.25,15.94,0.0,0.0,1.69162574
nefer_10,2006-06-21,16650.0,16.45,27.74,1.8,0.0,0.0,1.71074061
nefer_10,2006-06-22,11790.0,15.55,26.42,0.34,0.0,0.0,1.72914736
nefer_10,2006-06-23,27710.0,13.89,30.65,0.06,0.0,0.0,1.7466294
nefer_10,2006-06-24,22630.0,19.08,32.92,6.93,0.0,0.0,1.76518194
nefer_10,2006-06-25,11860.0,16.35,24.87,7.76,0.0,0.0,1.78684185
nefer_10,2006-06-26,27580.0,14.33,29.56,0.32,0.0,0.0,1.80401149
nefer_10,2006-06-27,22600.0,15.42,29.08,2.66,0.0,0.0,1.82229328
nefer_10,2006-06-28,19040.0,16.73,26.61,7.21,0.0,0.0,1.84082916
nefer_10,2006-06-29,28290.0,16.4,29.61,1.17,0.0,0.0,1.85888186
nefer_10,2006-06-30,28730.0,15.65,31.81,0.0,0.0,0.0,1.87804671
nefer_10,2006-07-01,25960.0,20.04,35.25,0.23,0.0,0.0,1.89781553
nefer_10,2006-07-02,28700.0,21.66,36.58,0.0,0.0,0.0,1.92084584
nefer_10,2006-07-03,19870.0,18.78,30.58,0.69,0.0,0.0,1.94510494
nefer_10,2006-07-04,27670.0,18.41,35.39,0.52,0.0,0.0,1.96566518
nefer_10,2006-07-05,12440.0,17.21,26.83,4.83,0.0,0.0,1.98807485
nefer_10,2006-07-06,16310.0,15.87,25.68,2.3,0.0,0.0,2.0
nefer_10,2006-07-07,21500.0,15.35,27.51,0.13,0.0,0.0,2.0
nefer_10,2006-07-08,29120.0,16.61,31.69,0.03,0.0,0.0,2.0
nefer_10,2006-07-09,19410.0,20.7,28.03,0.15,0.0,0.0,2.0
nefer_10,2006-07-10,27700.0,17.86,35.19,0.0,0.0,0.0,2.0
nefer_10,2006-07-11,17460.0,21.58,28.53,0.07,0.0,0.0,2.0
nefer_10,2006-07-12,21180.0,18.37,31.54,0.17,0.0,0.0,2.0
nefer_10,2006-07-13,20600.0,19.7,33.05,0.04,0.0,0.0,2.0
nefer_10,2006-07-14,24410.0,19.07,33.1,0.16,0.0,0.0,2.0
nefer_10,2006-07-15,24660.0,21.99,31.26,0.35,0.0,0.0,2.0
nefer_10,2006-07-16,27070.0,20.05,36.08,1.11,0.0,0.0,2.0
nefer_10,2006-07-17,26170.0,21.47,36.68,0.55,0.0,0.0,2.0
nefer_10,2006-07-18,27960.0,22.95,37.37,0.19,0.0,0.0,2.0
nefer_10,2006-07-19,15870.0,21.95,35.61,3.23,0.0,0.0,2.0
nefer_10,2006-07-20,25440.0,20.79,35.4,0.29,0.0,0.0,2.0
nefer_10,2006-07-21,27700.0,21.79,38.31,3.66,0.0,0.0,2.0
nefer_10,2006-07-22,18670.0,22.3,31.65,10.06,0.0,0.0,2.0
nefer_10,2006-07-23,25290.0,19.1,32.53,0.19,0.0,0.0,2.0
nefer_10,2006-07-24,24600.0,20.1,36.37,0.43,0.0,0.0,2.0
nefer_10,2006-07-25,25590.0,23.04,35.36,0.12,0.0,0.0,2.0
nefer_10,2006-07-26,25870.0,20.66,36.42,3.37,0.0,0.0,2.0
nefer_10,2006-07-27,19260.0,19.69,35.88,4.14,0.0,0.0,2.0
nefer_10,2006-07-28,20420.0,18.32,27.95,11.31,0.0,0.0,2.0
nefer_10,2006-07-29,25300.0,17.55,30.0,0.12,0.0,0.0,2.0
nefer_10,2006-07-30,23510.0,19.65,34.62,0.02,0.0,0.0,2.0
nefer_10,2006-07-31,17100.0,19.19,31.02,0.21,0.0,0.0,2.0
nefer_10,2006-08-01,19400.0,18.66,29.37,0.38,0.0,0.0,2.0
nefer_10,2006-08-02,19130.0,16.87,28.26,0.4,0.0,0.0,2.0
nefer_10,2006-08-03,21730.0,17.44,26.11,9.04,0.0,0.0,2.0
nefer_10,2006-08-04,21730.0,17.44,26.11,9.04,0.0,0.0,2.0
nefer_10,2006-08-05,21730.0,17.44,26.11,9.04,0.0,0.0,2.0
nefer_10,2006-08-06,21730.0,17.44,26.11,9.04,0.0,0.0,2.0
nefer_10,2006-08-07,21730.0,17.44,26.11,9.04,0.0,0.0,2.0
nefer_10,2006-08-08,21730.0,17.44,26.11,9.04,0.0,0.0,2.0
nefer_10,2006-08-09,21730.0,17.44,26.11,9.04,0.0,0.0,2.0
nefer_10,2006-08-10,21730.0,17.44,26.11,9.04,0.0,0.0,2.0
nefer_10,2006-08-11,21730.0,17.44,26.11,9.04,0.0,0.0,2.0
nefer_10,2006-08-12,21730.0,17.44,26.11,9.04,0.0,0.0,2.0
nefer_10,2006-08-13,21730.0,17.44,26.11,9.04,0.0,0.0,2.0
nefer_10,2006-08-14,21730.0,17.44,26.11,9.04,0.0,0.0,2.0
nefer_10,2006-08-15,21730.0,17.44,26.11,9.04,0.0,0.0,2.0
nefer_10,2006-08-16,21730.0,17.44,26.11,9.04,0.0,0.0,2.0
nefer_10,2006-08-17,21730.0,17.44,26.11,9.04,0.0,0.0,2.0
nefer_10,2006-08-18,21730.0,17.44,26.11,9.04,0.0,0.0,2.0
nefer_10,2006-08-19,21730.0,17.44,26.11,9.04,0.0,0.0,2.0
nefer_10,2006-08-20,21730.0,17.44,26.11,9.04,0.0,0.0,2.0
nefer_10,2006-08-21,21730.0,17.44,26.11,9.04,0.0,0.0,2.0
nefer_10,2006-08-22,21730.0,17.44,26.11,9.04,0.0,0.0,2.0
nefer_10,2006-08-23,21730.0,17.44,26.11,9.04,0.0,0.0,2.0
nefer_10,2006-08-24,21730.0,17.44,26.11,9.04,0.0,0.0,2.0
nefer_10,2006-08-25,21730.0,17.44,26.11,9.04,0.0,0.0,2.0
nefer_10,2006-08-26,21730.0,17.44,26.11,9.04,0.0,0.0,2.0
nefer_10,2006-08-27,21730.0,17.44,26.11,9.04,0.0,0.0,2.0
nefer_10,2006-08-28,21730.0,17.44,26.11,9.04,0.0,0.0,2.0
nefer_10,2006-08-29,21730.0,17.44,26.11,9.04,0.0,0.0,2.0
nefer_10,2006-08-30,21730.0,17.44,26.11,9.04,0.0,0.0,2.0
nefer_10,2006-08-31,21730.0,17.44,26.11,9.04,0.0,0.0,2.0
nefer_10,2006-09-01,21730.0,17.44,26.11,9.04,0.0,0.0,2.0
nefer_10,2006-09-02,21730.0,17.44,26.11,9.04,0.0,0.0,2.0
nefer_10,2006-09-03,21730.0,17.44,26.11,9.04,0.0,0.0,2.0
nefer_10,2006-09-04,21730.0,17.44,26.11,9.04,0.0,0.0,2.0
nefer_10,2006-09-05,21730.0,17.44,26.11,9.04,0.0,0.0,2.0
nefer_10,2006-09-06,21730.0,17.44,26.11,9.04,0.0,0.0,2.0
nefer_10,2006-09-07,21730.0,17.44,26.11,9.04,0.0,0.0,2.0
nefer_10,2006-09-08,21730.0,17.44,26.11,9.04,0.0,0.0,2.0
nefer_10,2006-09-09,21730.0,17.44,26.11,9.04,0.0,0.0,2.0
nefer_10,2006-09-10,21730.0,17.44,26.11,9.04,0.0,0.0,2.0
nefer_10,2006-09-11,21730.0,17.44,26.11,9.04,0.0,0.0,2.0
nefer_10,2006-09-12,21730.0,17.44,26.11,9.04,0.0,0.0,2.0
nefer_10,2006-09-13,21730.0,17.44,26.11,9.04,0.0,0.0,2.0
nefer_10,2006-09-14,21730.0,17.44,26.11,9.04,0.0,0.0,2.0
nefer_10,2006-09-15,21730.0,17.44,26.11,9.04,0.0,0.0,2.0
nefer_10,2006-09-16,21730.0,17.44,26.11,9.04,0.0,0.0,2.0
nefer_10,2006-09-17,21730.0,17.44,26.11,9.04,0.0,0.0,2.0
nefer_10,2006-09-18,21730.0,17.44,26.11,9.04,0.0,0.0,2.0
nefer_10,2006-09-19,21730.0,17.44,26.11,9.04,0.0,0.0,2.0
nefer_10,2006-09-20,21730.0,17.44,26.11,9.04,0.0,0.0,2.0
nefer_10,2006-09-21,21730.0,17.44,26.11,9.04,0.0,0.0,2.0
nefer_10,2006-09-22,21730.0,17.44,26.11,9.04,0.0,0.0,2.0
nefer_10,2006-09-23,21730.0,17.44,26.11,9.04,0.0,0.0,2.0
nefer_10,2006-09-24,21730.0,17.44,26.11,9.04,0.0,0.0,2.0
nefer_10,2006-09-25,21730.0,17.44,26.11,9.04,0.0,0.0,2.0
nefer_10,2006-09-26,21730.0,17.44,26.11,9.04,0.0,0.0,2.0
nefer_10,2006-09-27,21730.0,17.44,26.11,9.04,0.0,0.0,2.0
nefer_10,2006-09-28,21730.0,17.44,26.11,9.04,0.0,0.0,2.0
nefer_10,2006-09-29,21730.0,17.44,26.11,9.04,0.0,0.0,2.0
nefer_10,2006-09-30,21730.0,17.44,26.11,9.04,0.0,0.0,2.0
nefer_10,2006-10-01,21730.0,17.44,26.11,9.04,0.0,0.0,2.0
nefer_10,2006-10-02,21730.0,17.44,26.11,9.04,0.0,0.0,2.0
nefer_10,2006-10-03,21730.0,17.44,26.11,9.04,0.0,0.0,2.0
nefer_10,2006-10-04,21730.0,17.44,26.11,9.04,0.0,0.0,2.0
nefer_10,2006-10-05,21730.0,17.44,26.11,9.04,0.0,0.0,2.0
nefer_10,2006-10-06,21730.0,17.44,26.11,9.04,0.0,0.0,2.0
nefer_10,2006-10-07,21730.0,17.44,26.11,9.04,0.0,0.0,2.0
nefer_10,2006-10-08,21730.0,17.44,26.11,9.04,0.0,0.0,2.0
nefer_10,2006-10-09,21730.0,17.44,26.11,9.04,0.0,0.0,2.0
nefer_10,2006-10-10,21730.0,17.44,26.11,9.04,0.0,0.0,2.0
nefer_10,2006-10-11,21730.0,17.44,26.11,9.04,0.0,0.0,2.0
nefer_10,2006-10-12,21730.0,17.44,26.11,9.04,0.0,0.0,2.0
nefer_10,2006-10-13,21730.0,17.44,26.11,9.04,0.0,0.0,2.0
nefer_10,2006-10-14,21730.0,17.44,26.11,9.04,0.0,0.0,2.0
nefer_10,2006-10-15,21730.0,17.44,26.11,9.04,0.0,0.0,2.0
nefer_10,2006-10-16,21730.0,17.44,26.11,9.04,0.0,0.0,2.0
nefer_10,2006-10-17,21730.0,17.44,26.11,9.04,0.0,0.0,2.0
nefer_10,2006-10-18,21730.0,17.44,26.11,9.04,0.0,0.0,2.0
nefer_10,2006-10-19,21730.0,17.44,26.11,9.04,0.0,0.0,2.0
nefer_10,2006-10-20,21730.0,17.44,26.11,9.04,0.0,0.0,2.0
nefer_10,2006-10-21,21730.0,17.44,26.11,9.04,0.0,0.0,2.0
nefer_10,2006-10-22,21730.0,17.44,26.11,9.04,0.0,0.0,2.0
nefer_10,2006-10-23,21730.0,17.44,26.11,9.04,0.0,0.0,2.0
nefer_10,2006-10-24,21730.0,17.44,26.11,9.04,0.0,0.0,2.0
nefer_10,2006-10-25,21730.0,17.44,26.11,9.04,0.0,0.0,2.0
nefer_10,2006-10-26,21730.0,17.44,26.11,9.04,0.0,0.0,2.0
nefer_10,2006-10-27,21730.0,17.44,26.11,9.04,0.0,0.0,2.0
nefer_10,2006-10-28,21730.0,17.44,26.11,9.04,0.0,0.0,2.0
nefer_10,2006-10-29,21730.0,17.44,26.11,9.04,0.0,0.0,2.0
nefer_10,2006-10-30,21730.0,17.44,26.11,9.04,0.0,0.0,2.0
nefer_10,2006-10-31,21730.0,17.44,26.11,9.04,0.0,0.0,2.0
nefer_10,2006-11-01,21730.0,17.44,26.11,9.04,0.0,0.0,2.0
nefer_10,2006-11-02,21730.0,17.44,26.11,9.04,0.0,0.0,2.0
nefer_10,2006-11-03,21730.0,17.44,26.11,9.04,0.0,0.0,2.0
nefer_10,2006-11-04,21730.0,17.44,26.11,9.04,0.0,0.0,2.0
nefer_10,2006-11-05,21730.0,17.44,26.11,9.04,0.0,0.0,2.0
nefer_10,2006-11-06,21730.0,17.44,26.11,9.04,0.0,0.0,2.0
nefer_10,2006-11-07,21730.0,17.44,26.11,9.04,0.0,0.0,2.0
nefer_11,2005-11-08,11380.0,4.94,22.4,0.05,0.0,0.0,-0.1
nefer_11,2005-11-09,3200.0,6.16,10.26,9.76,0.0,0.0,0.0
nefer_11,2005-11-10,4650.0,3.79,12.23,0.42,0.0,0.0,0.0
nefer_11,2005-11-11,9330.0,2.68,13.93,0.09,0.0,0.0,0.0
nefer_11,2005-11-12,6420.0,5.38,16.95,1.6,0.0,0.0,0.0
nefer_11,2005-11-13,2310.0,7.35,12.67,5.32,0.0,0.0,0.0
nefer_11,2005-11-14,3200.0,10.79,14.2,6.43,0.0,0.0,0.0
nefer_11,2005-11-15,5010.0,9.03,14.1,3.07,0.0,0.0,0.0
nefer_11,2005-11-16,4340.0,7.84,14.41,6.75,0.0,0.0,0.0
nefer_11,2005-11-17,5120.0,4.22,10.74,1.41,0.0,0.0,0.0
nefer_11,2005-11-18,10130.0,-0.27,9.93,0.02,0.0,0.0,0.0
nefer_11,2005-11-19,9530.0,-2.09,11.24,0.05,0.0,0.0,5.97e-06
nefer_11,2005-11-20,8510.0,0.07,13.42,0.03,0.0,0.0,7.245e-05
nefer_11,2005-11-21,9490.0,3.46,12.8,0.03,0.0,0.0,0.00025758
nefer_11,2005-11-22,9400.0,-1.67,9.73,0.03,0.0,0.0,0.00058275
nefer_11,2005-11-23,9000.0,-4.42,6.13,0.04,0.0,0.0,0.00079309
nefer_11,2005-11-24,2560.0,-2.59,6.14,0.82,0.0,0.0,0.00084786
nefer_11,2005-11-25,2220.0,2.21,7.86,19.19,0.0,0.0,0.00097528
nefer_11,2005-11-26,5910.0,-0.17,4.99,2.41,0.0,0.0,0.00138272
nefer_11,2005-11-27,3400.0,-0.25,5.89,3.91,0.0,0.0,0.0016043
nefer_11,2005-11-28,6650.0,0.4,9.85,0.94,0.0,0.0,0.00189101
nefer_11,2005-11-29,5730.0,0.98,6.3,5.01,0.0,0.0,0.00246431
nefer_11,2005-11-30,7830.0,0.04,8.15,0.84,0.0,0.0,0.0029088
nefer_11,2005-12-01,5920.0,3.51,12.68,1.2,0.0,0.0,0.00344991
nefer_11,2005-12-02,3980.0,5.3,14.28,3.57,0.0,0.0,0.00459908
nefer_11,2005-12-03,6950.0,4.47,11.5,5.08,0.0,0.0,0.00608314
nefer_11,2005-12-04,5990.0,4.98,15.06,5.62,0.0,0.0,0.00736912
nefer_11,2005-12-05,3070.0,5.36,8.46,9.56,0.0,0.0,0.00907612
nefer_11,2005-12-06,3450.0,2.46,6.94,8.69,0.0,0.0,0.0103165
nefer_11,2005-12-07,4730.0,2.7,9.83,0.49,0.0,0.0,0.01120279
nefer_11,2005-12-08,2530.0,5.25,8.83,11.69,0.0,0.0,0.01244043
nefer_11,2005-12-09,5150.0,-1.89,7.84,1.78,0.0,0.0,0.01389385
nefer_11,2005-12-10,5710.0,-2.92,5.63,0.01,0.0,0.0,0.01453438
nefer_11,2005-12-11,3730.0,-3.7,3.25,0.0,0.0,0.0,0.01483803
nefer_11,2005-12-12,2830.0,-3.65,1.26,0.01,0.0,0.0,0.01483803
nefer_11,2005-12-13,4560.0,-3.67,2.63,0.01,0.0,0.0,0.01483803
nefer_11,2005-12-14,3600.0,-2.06,3.73,0.08,0.0,0.0,0.01483803
nefer_11,2005-12-15,3050.0,-2.52,5.05,0.02,0.0,0.0,0.01503944
nefer_11,2005-12-16,3830.0,-1.46,6.92,1.21,0.0,0.0,0.01535209
nefer_11,2005-12-17,4210.0,-1.15,8.55,4.01,0.0,0.0,0.01604502
nefer_11,2005-12-18,8140.0,-1.95,5.08,0.14,0.0,0.0,0.01701708
nefer_11,2005-12-19,7960.0,-2.27,4.73,0.01,0.0,0.0,0.01744296
nefer_11,2005-12-20,7650.0,-0.66,6.8,0.01,0.0,0.0,0.0177869
nefer_11,2005-12-21,7680.0,-0.39,6.61,0.01,0.0,0.0,0.01866744
nefer_11,2005-12-22,5820.0,-0.45,5.13,0.01,0.0,0.0,0.01959028
nefer_11,2005-12-23,6170.0,-0.93,5.53,0.01,0.0,0.0,0.0203083
nefer_11,2005-12-24,7900.0,-1.34,7.63,0.0,0.0,0.0,0.02103567
nefer_11,2005-12-25,4800.0,-0.15,4.53,0.02,0.0,0.0,0.0220604
nefer_11,2005-12-26,2760.0,-1.7,3.01,0.03,0.0,0.0,0.02278786
nefer_11,2005-12-27,3030.0,-2.88,1.9,0.13,0.0,0.0,0.0230061
nefer_11,2005-12-28,6640.0,-2.41,2.18,0.31,0.0,0.0,0.0230061
nefer_11,2005-12-29,6750.0,-2.63,1.93,0.2,0.0,0.0,0.0230061
nefer_11,2005-12-30,2270.0,-0.87,8.9,6.48,0.0,0.0,0.0230061
nefer_11,2005-12-31,2320.0,4.39,8.8,6.92,0.0,0.0,0.02436941
nefer_11,2006-01-01,4420.0,4.82,8.54,10.64,0.0,0.0,0.02662289
nefer_11,2006-01-02,3340.0,1.89,7.51,6.4,0.0,0.0,0.0289212
nefer_11,2006-01-03,3010.0,0.39,6.55,0.34,0.0,0.0,0.0305504
nefer_11,2006-01-04,4290.0,0.4,6.95,0.37,0.0,0.0,0.03176292
nefer_11,2006-01-05,3750.0,-0.17,5.26,2.26,0.0,0.0,0.03305813
nefer_11,2006-01-06,3850.0,-0.13,8.69,0.03,0.0,0.0,0.03396326
nefer_11,2006-01-07,3040.0,1.83,9.29,0.36,0.0,0.0,0.03550009
nefer_11,2006-01-08,5400.0,3.83,10.51,0.53,0.0,0.0,0.0375167
nefer_11,2006-01-09,3920.0,0.73,6.87,2.74,0.0,0.0,0.0401447
nefer_11,2006-01-10,5060.0,1.95,8.0,0.07,0.0,0.0,0.0415528
nefer_11,2006-01-11,5110.0,2.24,9.21,0.01,0.0,0.0,0.0434173
nefer_11,2006-01-12,7020.0,1.48,10.43,0.01,0.0,0.0,0.04558814
nefer_11,2006-01-13,8280.0,-1.06,12.02,0.01,0.0,0.0,0.04787358
nefer_11,2006-01-14,6730.0,-0.36,10.74,0.01,0.0,0.0,0.05000296
nefer_11,2006-01-15,7120.0,-0.1,11.02,0.0,0.0,0.0,0.05204542
nefer_11,2006-01-16,4440.0,2.83,10.13,0.01,0.0,0.0,0.05422224
nefer_11,2006-01-17,4780.0,3.17,10.4,1.22,0.0,0.0,0.05684018
nefer_11,2006-01-18,3190.0,7.15,8.94,2.54,0.0,0.0,0.0596186
nefer_11,2006-01-19,5330.0,5.85,10.48,0.45,0.0,0.0,0.06295849
nefer_11,2006-01-20,4770.0,5.51,11.19,0.16,0.0,0.0,0.06639572
nefer_11,2006-01-21,5070.0,1.07,10.05,0.58,0.0,0.0,0.06996076
nefer_11,2006-01-22,9750.0,0.14,7.73,0.04,0.0,0.0,0.07236872
nefer_11,2006-01-23,10220.0,-1.89,8.43,0.01,0.0,0.0,0.07409765
nefer_11,2006-01-24,9650.0,-2.42,12.02,0.01,0.0,0.0,0.07555544
nefer_11,2006-01-25,9950.0,-1.42,10.58,0.0,0.0,0.0,0.07772691
nefer_11,2006-01-26,6830.0,-1.99,4.51,0.05,0.0,0.0,0.07982962
nefer_11,2006-01-27,5610.0,-2.81,2.11,0.57,0.0,0.0,0.08041673
nefer_11,2006-01-28,1650.0,-2.75,1.74,4.84,0.0,0.0,0.08041673
nefer_11,2006-01-29,2320.0,-2.97,1.88,9.2,0.0,0.0,0.08041673
nefer_11,2006-01-30,4640.0,-1.42,3.0,1.19,0.0,0.0,0.08041673
nefer_11,2006-01-31,3670.0,1.88,8.65,0.24,0.0,0.0,0.08080753
nefer_11,2006-02-01,4630.0,2.8,8.13,0.23,0.0,0.0,0.08345145
nefer_11,2006-02-02,7600.0,0.54,7.83,0.08,0.0,0.0,0.08623734
nefer_11,2006-02-03,3110.0,-0.48,3.22,0.03,0.0,0.0,0.08840299
nefer_11,2006-02-04,2860.0,-2.24,4.05,0.03,0.0,0.0,0.08912265
nefer_11,2006-02-05,5420.0,-3.7,3.48,0.01,0.0,0.0,0.08960522
nefer_11,2006-02-06,10990.0,-3.71,6.2,0.01,0.0,0.0,0.08960522
nefer_11,2006-02-07,9280.0,-1.81,7.39,0.01,0.0,0.0,0.09028919
nefer_11,2006-02-08,5900.0,-2.27,5.47,0.01,0.0,30.0,0.09184486
nefer_11,2006-02-09,5590.0,-0.38,6.19,0.53,0.0,0.0,0.0927503
nefer_11,2006-02-10,12910.0,-0.96,7.85,0.01,0.0,0.0,0.09441863
nefer_11,2006-02-11,12740.0,-2.13,7.59,0.0,0.0,0.0,0.09642631
nefer_11,2006-02-12,12780.0,-2.37,7.9,0.0,0.0,0.0,0.09804069
nefer_11,2006-02-13,10640.0,-1.42,11.65,0.0,0.0,0.0,0.09969967
nefer_11,2006-02-14,8740.0,2.42,11.66,0.02,0.0,0.0,0.10281327
nefer_11,2006-02-15,5910.0,4.39,11.13,2.41,0.0,0.0,0.10716059
nefer_11,2006-02-16,4140.0,6.34,13.2,4.61,0.0,0.0,0.11202136
nefer_11,2006-02-17,12600.0,4.39,14.44,2.32,0.0,0.0,0.11822851
nefer_11,2006-02-18,13570.0,5.39,13.68,0.49,0.0,0.0,0.12429492
nefer_11,2006-02-19,9970.0,5.15,12.68,9.35,0.0,0.0,0.13052515
nefer_11,2006-02-20,12400.0,4.8,11.93,1.95,0.0,0.0,0.13643169
nefer_11,2006-02-21,10420.0,2.97,9.94,1.8,0.0,0.0,0.14205074
nefer_11,2006-02-22,7310.0,1.26,7.36,3.95,0.0,0.0,0.14644649
nefer_11,2006-02-23,8240.0,-0.24,7.73,0.22,0.0,0.0,0.14942165
nefer_11,2006-02-24,11100.0,-0.2,7.02,0.44,0.0,0.0,0.15204184
nefer_11,2006-02-25,14750.0,-1.88,10.69,0.11,0.0,0.0,0.15445975
nefer_11,2006-02-26,9730.0,0.67,10.69,0.27,0.0,0.0,0.15762485
nefer_11,2006-02-27,8860.0,-3.35,5.68,0.29,0.0,0.0,0.16176008
nefer_11,2006-02-28,11660.0,-3.95,5.81,0.19,0.0,0.0,0.16261937
nefer_11,2006-03-01,11850.0,1.69,6.89,1.01,0.0,0.0,0.16331425
nefer_11,2006-03-02,9640.0,1.76,8.19,1.58,0.0,0.0,0.16656105
nefer_11,2006-03-03,10340.0,4.95,15.47,0.48,0.0,0.0,0.17037445
nefer_11,2006-03-04,7880.0,6.76,18.59,0.53,0.0,0.0,0.1782998
nefer_11,2006-03-05,10460.0,-0.41,8.13,5.11,0.0,0.0,0.18826225
nefer_11,2006-03-06,9570.0,-0.08,7.9,2.99,0.0,0.0,0.191334
nefer_11,2006-03-07,9340.0,2.99,10.12,10.87,0.0,0.0,0.19448396
nefer_11,2006-03-08,8690.0,9.9,13.37,5.92,0.0,0.0,0.19982944
nefer_11,2006-03-09,6350.0,6.17,14.86,5.71,0.0,0.0,0.20943269
nefer_11,2006-03-10,6350.0,5.53,8.85,35.97,0.0,0.0,0.21821588
nefer_11,2006-03-11,10790.0,4.04,9.44,11.19,0.0,0.0,0.22429326
nefer_11,2006-03-12,8420.0,0.15,8.53,1.29,0.0,0.0,0.23005757
nefer_11,2006-03-13,19070.0,-3.63,10.07,0.0,0.0,0.0,0.23381274
nefer_11,2006-03-14,18200.0,2.11,14.48,0.0,0.0,0.0,0.23663114
nefer_11,2006-03-15,17800.0,5.15,15.58,0.01,0.0,0.0,0.24397503
nefer_11,2006-03-16,17320.0,2.48,15.02,0.0,0.0,0.0,0.25325606
nefer_11,2006-03-17,14380.0,2.58,15.99,0.03,0.0,0.0,0.2611794
nefer_11,2006-03-18,9010.0,7.69,16.19,0.65,0.0,0.0,0.26968118
nefer_11,2006-03-19,14920.0,6.91,16.47,0.26,0.0,0.0,0.28073512
nefer_11,2006-03-20,16240.0,5.72,18.35,0.17,0.0,0.0,0.2916764
nefer_11,2006-03-21,16270.0,6.33,16.85,4.11,0.0,0.0,0.30306308
nefer_11,2006-03-22,11600.0,7.65,13.32,5.51,0.0,0.0,0.31414689
nefer_11,2006-03-23,14700.0,4.72,15.87,1.22,0.0,0.0,0.32428101
nefer_11,2006-03-24,16690.0,7.69,19.61,2.48,0.0,0.0,0.33433674
nefer_11,2006-03-25,17420.0,10.23,21.02,0.33,0.0,0.0,0.34780922
nefer_11,2006-03-26,15180.0,10.4,25.26,0.0,0.0,0.0,0.36339114
nefer_11,2006-03-27,11630.0,11.16,20.54,10.21,0.0,0.0,0.38135488
nefer_11,2006-03-28,16230.0,7.23,13.63,8.41,0.0,0.0,0.39748651
nefer_11,2006-03-29,19910.0,6.4,16.85,0.06,0.0,0.0,0.40820901
nefer_11,2006-03-30,16160.0,10.59,23.55,1.43,0.0,0.0,0.42027955
nefer_11,2006-03-31,18630.0,11.28,19.06,2.03,0.0,0.0,0.43817941
nefer_11,2006-04-01,10790.0,10.44,18.33,0.13,0.0,0.0,0.45424303
nefer_11,2006-04-02,17930.0,8.08,18.07,0.27,0.0,0.0,0.46962351
nefer_11,2006-04-03,16140.0,6.45,15.29,0.02,0.0,100.0,0.48373799
nefer_11,2006-04-04,19580.0,4.91,18.31,0.04,0.0,0.0,0.4955841
nefer_11,2006-04-05,14230.0,5.5,15.06,1.39,0.0,0.0,0.50835621
nefer_11,2006-04-06,22530.0,1.9,14.44,0.04,0.0,0.0,0.51977104
nefer_11,2006-04-07,22950.0,3.85,16.91,0.01,0.0,0.0,0.52892701
nefer_11,2006-04-08,18540.0,5.2,18.08,0.02,0.0,0.0,0.54066647
nefer_11,2006-04-09,15930.0,8.94,20.01,2.16,0.0,0.0,0.5539506
nefer_11,2006-04-10,13890.0,2.1,9.58,10.83,0.0,0.0,0.57061884
nefer_11,2006-04-11,23750.0,0.17,12.73,0.1,0.0,0.0,0.57740364
nefer_11,2006-04-12,16350.0,1.85,13.7,0.04,0.0,0.0,0.58496323
nefer_11,2006-04-13,21670.0,5.92,15.56,0.03,0.0,0.0,0.59415534
nefer_11,2006-04-14,22170.0,4.6,21.21,0.06,0.0,0.0,0.60696264
nefer_11,2006-04-15,12830.0,9.5,19.97,4.42,0.0,0.0,0.62248334
nefer_11,2006-04-16,18300.0,10.77,17.4,0.59,0.0,0.0,0.64035503
nefer_11,2006-04-17,14790.0,8.58,14.94,2.36,0.0,0.0,0.65758149
nefer_11,2006-04-18,17340.0,8.08,14.89,0.92,0.0,0.0,0.67208362
nefer_11,2006-04-19,23930.0,6.62,17.83,0.06,0.0,0.0,0.68636279
nefer_11,2006-04-20,23300.0,8.51,17.87,0.07,0.0,0.0,0.70168529
nefer_11,2006-04-21,22270.0,7.75,21.75,0.17,0.0,0.0,0.71834992
nefer_11,2006-04-22,19300.0,7.76,21.15,1.16,0.0,0.0,0.73713333
nefer_11,2006-04-23,17740.0,10.23,21.26,0.14,0.0,0.0,0.75568544
nefer_11,2006-04-24,16830.0,11.44,18.21,2.02,0.0,0.0,0.77604983
nefer_11,2006-04-25,14030.0,9.49,20.2,0.07,0.0,0.0,0.7953712
nefer_11,2006-04-26,19100.0,10.8,19.66,0.05,0.0,0.0,0.81486507
nefer_11,2006-04-27,9450.0,10.7,16.99,9.39,0.0,0.0,0.83501404
nefer_11,2006-04-28,15360.0,8.77,16.87,0.66,0.0,0.0,0.85346592
nefer_11,2006-04-29,23850.0,4.33,16.27,0.0,0.0,0.0,0.87067629
nefer_11,2006-04-30,27620.0,1.87,16.26,0.0,0.0,0.0,0.88460315
nefer_11,2006-05-01,23420.0,6.49,20.26,0.04,0.0,0.0,0.89694717
nefer_11,2006-05-02,22850.0,9.69,24.03,0.01,0.0,0.0,0.91528776
nefer_11,2006-05-03,22990.0,9.36,21.93,0.0,0.0,50.0,0.93856687
nefer_11,2006-05-04,21770.0,9.47,23.44,0.02,0.0,0.0,0.96031546
nefer_11,2006-05-05,16800.0,11.3,20.37,0.21,0.0,0.0,0.98334353
nefer_11,2006-05-06,13670.0,13.95,21.06,4.1,0.0,0.0,1.0
nefer_11,2006-05-07,17350.0,12.52,21.36,9.05,0.0,0.0,1.01458295
nefer_11,2006-05-08,9290.0,7.12,14.08,9.21,0.0,0.0,1.02869521
nefer_11,2006-05-09,26330.0,6.98,16.89,0.09,0.0,0.0,1.03752578
nefer_11,2006-05-10,27440.0,9.89,19.62,0.04,0.0,0.0,1.04746851
nefer_11,2006-05-11,28260.0,7.67,22.24,0.01,0.0,0.0,1.05976051
nefer_11,2006-05-12,15180.0,11.59,21.0,2.51,0.0,0.0,1.07221912
nefer_11,2006-05-13,11570.0,12.1,19.1,4.97,0.0,0.0,1.08579405
nefer_11,2006-05-14,24260.0,11.72,22.84,0.08,0.0,0.0,1.09878999
nefer_11,2006-05-15,23470.0,15.69,26.1,4.55,0.0,0.0,1.1131855
nefer_11,2006-05-16,25380.0,14.76,27.39,2.17,0.0,0.0,1.13059256
nefer_11,2006-05-17,24910.0,16.12,33.0,0.04,0.0,0.0,1.14814958
nefer_11,2006-05-18,7420.0,13.16,19.48,2.79,0.0,0.0,1.16860986
nefer_11,2006-05-19,16920.0,10.62,20.41,0.28,0.0,0.0,1.18220562
nefer_11,2006-05-20,18590.0,12.71,21.69,0.16,0.0,0.0,1.19513075
nefer_11,2006-05-21,21520.0,13.53,28.85,0.23,0.0,0.0,1.20945961
nefer_11,2006-05-22,12990.0,11.15,21.51,0.64,0.0,0.0,1.22711243
nefer_11,2006-05-23,17010.0,8.26,15.81,4.31,0.0,0.0,1.24071651
nefer_11,2006-05-24,30050.0,6.29,19.03,0.0,0.0,0.0,1.25074255
nefer_11,2006-05-25,28670.0,7.35,23.4,0.0,0.0,0.0,1.26128926
nefer_11,2006-05-26,20370.0,12.37,24.55,0.03,0.0,0.0,1.27409776
nefer_11,2006-05-27,29470.0,13.27,28.16,0.08,0.0,0.0,1.28947629
nefer_11,2006-05-28,29060.0,14.62,28.48,0.05,0.0,0.0,1.3067334
nefer_11,2006-05-29,16160.0,13.23,23.23,1.5,0.0,0.0,1.32468613
nefer_11,2006-05-30,27130.0,8.28,19.71,0.46,0.0,0.0,1.33987306
nefer_11,2006-05-31,26830.0,5.35,18.24,0.0,0.0,0.0,1.35153192
nefer_11,2006-06-01,29450.0,5.01,20.21,0.0,0.0,0.0,1.36135802
nefer_11,2006-06-02,27820.0,8.23,20.64,0.0,0.0,0.0,1.37186307
nefer_11,2006-06-03,31150.0,5.9,21.79,0.01,0.0,0.0,1.38388848
nefer_11,2006-06-04,29490.0,8.14,25.4,0.0,0.0,0.0,1.39542238
nefer_11,2006-06-05,30510.0,10.83,27.32,0.0,0.0,0.0,1.40939302
nefer_11,2006-06-06,28850.0,13.36,28.23,0.04,0.0,0.0,1.42528389
nefer_11,2006-06-07,28360.0,13.89,30.5,0.0,0.0,0.0,1.44260765
nefer_11,2006-06-08,27730.0,12.99,27.49,0.0,0.0,0.0,1.46109771
nefer_11,2006-06-09,26090.0,14.95,27.67,0.0,0.0,0.0,1.47795911
nefer_11,2006-06-10,23150.0,16.9,26.44,1.14,0.0,0.0,1.4957119
nefer_11,2006-06-11,28730.0,14.07,31.87,0.0,0.0,0.0,1.5137646
nefer_11,2006-06-12,29160.0,16.54,31.76,0.0,0.0,0.0,1.53290029
nefer_11,2006-06-13,29560.0,14.23,31.82,0.0,0.0,0.0,1.55301901
nefer_11,2006-06-14,28730.0,14.33,31.81,0.0,0.0,0.0,1.57220052
nefer_11,2006-06-15,24310.0,14.82,32.27,0.01,0.0,0.0,1.59141952
nefer_11,2006-06-16,20770.0,17.8,31.83,5.28,0.0,0.0,1.61103423
nefer_11,2006-06-17,21010.0,17.64,29.4,4.24,0.0,0.0,1.63170695
nefer_11,2006-06-18,17250.0,17.0,29.7,0.47,0.0,0.0,1.65130083
nefer_11,2006-06-19,25870.0,18.06,32.05,2.21,0.0,0.0,1.67075309
nefer_11,2006-06-20,15540.0,17.64,28.25,15.94,0.0,0.0,1.69162574
nefer_11,2006-06-21,16650.0,16.45,27.74,1.8,0.0,0.0,1.71074061
nefer_11,2006-06-22,11790.0,15.55,26.42,0.34,0.0,0.0,1.72914736
nefer_11,2006-06-23,27710.0,13.89,30.65,0.06,0.0,0.0,1.7466294
nefer_11,2006-06-24,22630.0,19.08,32.92,6.93,0.0,0.0,1.76518194
nefer_11,2006-06-25,11860.0,16.35,24.87,7.76,0.0,0.0,1.78684185
nefer_11,2006-06-26,27580.0,14.33,29.56,0.32,0.0,0.0,1.80401149
nefer_11,2006-06-27,22600.0,15.42,29.08,2.66,0.0,0.0,1.82229328
nefer_11,2006-06-28,19040.0,16.73,26.61,7.21,0.0,0.0,1.84082916
nefer_11,2006-06-29,28290.0,16.4,29.61,1.17,0.0,0.0,1.85888186
nefer_11,2006-06-30,28730.0,15.65,31.81,0.0,0.0,0.0,1.87804671
nefer_11,2006-07-01,25960.0,20.04,35.25,0.23,0.0,0.0,1.89781553
nefer_11,2006-07-02,28700.0,21.66,36.58,0.0,0.0,0.0,1.92084584
nefer_11,2006-07-03,19870.0,18.78,30.58,0.69,0.0,0.0,1.94510494
nefer_11,2006-07-04,27670.0,18.41,35.39,0.52,0.0,0.0,1.96566518
nefer_11,2006-07-05,12440.0,17.21,26.83,4.83,0.0,0.0,1.98807485
nefer_11,2006-07-06,16310.0,15.87,25.68,2.3,0.0,0.0,2.0
nefer_11,2006-07-07,21500.0,15.35,27.51,0.13,0.0,0.0,2.0
nefer_11,2006-07-08,29120.0,16.61,31.69,0.03,0.0,0.0,2.0
nefer_11,2006-07-09,19410.0,20.7,28.03,0.15,0.0,0.0,2.0
nefer_11,2006-07-10,27700.0,17.86,35.19,0.0,0.0,0.0,2.0
nefer_11,2006-07-11,17460.0,21.58,28.53,0.07,0.0,0.0,2.0
nefer_11,2006-07-12,21180.0,18.37,31.54,0.17,0.0,0.0,2.0
nefer_11,2006-07-13,20600.0,19.7,33.05,0.04,0.0,0.0,2.0
nefer_11,2006-07-14,24410.0,19.07,33.1,0.16,0.0,0.0,2.0
nefer_11,2006-07-15,24660.0,21.99,31.26,0.35,0.0,0.0,2.0
nefer_11,2006-07-16,27070.0,20.05,36.08,1.11,0.0,0.0,2.0
nefer_11,2006-07-17,26170.0,21.47,36.68,0.55,0.0,0.0,2.0
nefer_11,2006-07-18,27960.0,22.95,37.37,0.19,0.0,0.0,2.0
nefer_11,2006-07-19,15870.0,21.95,35.61,3.23,0.0,0.0,2.0
nefer_11,2006-07-20,25440.0,20.79,35.4,0.29,0.0,0.0,2.0
nefer_11,2006-07-21,27700.0,21.79,38.31,3.66,0.0,0.0,2.0
nefer_11,2006-07-22,18670.0,22.3,31.65,10.06,0.0,0.0,2.0
nefer_11,2006-07-23,25290.0,19.1,32.53,0.19,0.0,0.0,2.0
nefer_11,2006-07-24,24600.0,20.1,36.37,0.43,0.0,0.0,2.0
nefer_11,2006-07-25,25590.0,23.04,35.36,0.12,0.0,0.0,2.0
nefer_11,2006-07-26,25870.0,20.66,36.42,3.37,0.0,0.0,2.0
nefer_11,2006-07-27,19260.0,19.69,35.88,4.14,0.0,0.0,2.0
nefer_11,2006-07-28,20420.0,18.32,27.95,11.31,0.0,0.0,2.0
nefer_11,2006-07-29,25300.0,17.55,30.0,0.12,0.0,0.0,2.0
nefer_11,2006-07-30,23510.0,19.65,34.62,0.02,0.0,0.0,2.0
nefer_11,2006-07-31,17100.0,19.19,31.02,0.21,0.0,0.0,2.0
nefer_11,2006-08-01,19400.0,18.66,29.37,0.38,0.0,0.0,2.0
nefer_11,2006-08-02,19130.0,16.87,28.26,0.4,0.0,0.0,2.0
nefer_11,2006-08-03,21730.0,17.44,26.11,9.04,0.0,0.0,2.0
nefer_11,2006-08-04,21730.0,17.44,26.11,9.04,0.0,0.0,2.0
nefer_11,2006-08-05,21730.0,17.44,26.11,9.04,0.0,0.0,2.0
nefer_11,2006-08-06,21730.0,17.44,26.11,9.04,0.0,0.0,2.0
nefer_11,2006-08-07,21730.0,17.44,26.11,9.04,0.0,0.0,2.0
nefer_11,2006-08-08,21730.0,17.44,26.11,9.04,0.0,0.0,2.0
nefer_11,2006-08-09,21730.0,17.44,26.11,9.04,0.0,0.0,2.0
nefer_11,2006-08-10,21730.0,17.44,26.11,9.04,0.0,0.0,2.0
nefer_11,2006-08-11,21730.0,17.44,26.11,9.04,0.0,0.0,2.0
nefer_11,2006-08-12,21730.0,17.44,26.11,9.04,0.0,0.0,2.0
nefer_11,2006-08-13,21730.0,17.44,26.11,9.04,0.0,0.0,2.0
nefer_11,2006-08-14,21730.0,17.44,26.11,9.04,0.0,0.0,2.0
nefer_11,2006-08-15,21730.0,17.44,26.11,9.04,0.0,0.0,2.0
nefer_11,2006-08-16,21730.0,17.44,26.11,9.04,0.0,0.0,2.0
nefer_11,2006-08-17,21730.0,17.44,26.11,9.04,0.0,0.0,2.0
nefer_11,2006-08-18,21730.0,17.44,26.11,9.04,0.0,0.0,2.0
nefer_11,2006-08-19,21730.0,17.44,26.11,9.04,0.0,0.0,2.0
nefer_11,2006-08-20,21730.0,17.44,26.11,9.04,0.0,0.0,2.0
nefer_11,2006-08-21,21730.0,17.44,26.11,9.04,0.0,0.0,2.0
nefer_11,2006-08-22,21730.0,17.44,26.11,9.04,0.0,0.0,2.0
nefer_11,2006-08-23,21730.0,17.44,26.11,9.04,0.0,0.0,2.0
nefer_11,2006-08-24,21730.0,17.44,26.11,9.04,0.0,0.0,2.0
nefer_11,2006-08-25,21730.0,17.44,26.11,9.04,0.0,0.0,2.0
nefer_11,2006-08-26,21730.0,17.44,26.11,9.04,0.0,0.0,2.0
nefer_11,2006-08-27,21730.0,17.44,26.11,9.04,0.0,0.0,2.0
nefer_11,2006-08-28,21730.0,17.44,26.11,9.04,0.0,0.0,2.0
nefer_11,2006-08-29,21730.0,17.44,26.11,9.04,0.0,0.0,2.0
nefer_11,2006-08-30,21730.0,17.44,26.11,9.04,0.0,0.0,2.0
nefer_11,2006-08-31,21730.0,17.44,26.11,9.04,0.0,0.0,2.0
nefer_11,2006-09-01,21730.0,17.44,26.11,9.04,0.0,0.0,2.0
nefer_11,2006-09-02,21730.0,17.44,26.11,9.04,0.0,0.0,2.0
nefer_11,2006-09-03,21730.0,17.44,26.11,9.04,0.0,0.0,2.0
nefer_11,2006-09-04,21730.0,17.44,26.11,9.04,0.0,0.0,2.0
nefer_11,2006-09-05,21730.0,17.44,26.11,9.04,0.0,0.0,2.0
nefer_11,2006-09-06,21730.0,17.44,26.11,9.04,0.0,0.0,2.0
nefer_11,2006-09-07,21730.0,17.44,26.11,9.04,0.0,0.0,2.0
nefer_11,2006-09-08,21730.0,17.44,26.11,9.04,0.0,0.0,2.0
nefer_11,2006-09-09,21730.0,17.44,26.11,9.04,0.0,0.0,2.0
nefer_11,2006-09-10,21730.0,17.44,26.11,9.04,0.0,0.0,2.0
nefer_11,2006-09-11,21730.0,17.44,26.11,9.04,0.0,0.0,2.0
nefer_11,2006-09-12,21730.0,17.44,26.11,9.04,0.0,0.0,2.0
nefer_11,2006-09-13,21730.0,17.44,26.11,9.04,0.0,0.0,2.0
nefer_11,2006-09-14,21730.0,17.44,26.11,9.04,0.0,0.0,2.0
nefer_11,2006-09-15,21730.0,17.44,26.11,9.04,0.0,0.0,2.0
nefer_11,2006-09-16,21730.0,17.44,26.11,9.04,0.0,0.0,2.0
nefer_11,2006-09-17,21730.0,17.44,26.11,9.04,0.0,0.0,2.0
nefer_11,2006-09-18,21730.0,17.44,26.11,9.04,0.0,0.0,2.0
nefer_11,2006-09-19,21730.0,17.44,26.11,9.04,0.0,0.0,2.0
nefer_11,2006-09-20,21730.0,17.44,26.11,9.04,0.0,0.0,2.0
nefer_11,2006-09-21,21730.0,17.44,26.11,9.04,0.0,0.0,2.0
nefer_11,2006-09-22,21730.0,17.44,26.11,9.04,0.0,0.0,2.0
nefer_11,2006-09-23,21730.0,17.44,26.11,9.04,0.0,0.0,2.0
nefer_11,2006-09-24,21730.0,17.44,26.11,9.04,0.0,0.0,2.0
nefer_11,2006-09-25,21730.0,17.44,26.11,9.04,0.0,0.0,2.0
nefer_11,2006-09-26,21730.0,17.44,26.11,9.04,0.0,0.0,2.0
nefer_11,2006-09-27,21730.0,17.44,26.11,9.04,0.0,0.0,2.0
nefer_11,2006-09-28,21730.0,17.44,26.11,9.04,0.0,0.0,2.0
nefer_11,2006-09-29,21730.0,17.44,26.11,9.04,0.0,0.0,2.0
nefer_11,2006-09-30,21730.0,17.44,26.11,9.04,0.0,0.0,2.0
nefer_11,2006-10-01,21730.0,17.44,26.11,9.04,0.0,0.0,2.0
nefer_11,2006-10-02,21730.0,17.44,26.11,9.04,0.0,0.0,2.0
nefer_11,2006-10-03,21730.0,17.44,26.11,9.04,0.0,0.0,2.0
nefer_11,2006-10-04,21730.0,17.44,26.11,9.04,0.0,0.0,2.0
nefer_11,2006-10-05,21730.0,17.44,26.11,9.04,0.0,0.0,2.0
nefer_11,2006-10-06,21730.0,17.44,26.11,9.04,0.0,0.0,2.0
nefer_11,2006-10-07,21730.0,17.44,26.11,9.04,0.0,0.0,2.0
nefer_11,2006-10-08,21730.0,17.44,26.11,9.04,0.0,0.0,2.0
nefer_11,2006-10-09,21730.0,17.44,26.11,9.04,0.0,0.0,2.0
nefer_11,2006-10-10,21730.0,17.44,26.11,9.04,0.0,0.0,2.0
nefer_11,2006-10-11,21730.0,17.44,26.11,9.04,0.0,0.0,2.0
nefer_11,2006-10-12,21730.0,17.44,26.11,9.04,0.0,0.0,2.0
nefer_11,2006-10-13,21730.0,17.44,26.11,9.04,0.0,0.0,2.0
nefer_11,2006-10-14,21730.0,17.44,26.11,9.04,0.0,0.0,2.0
nefer_11,2006-10-15,21730.0,17.44,26.11,9.04,0.0,0.0,2.0
nefer_11,2006-10-16,21730.0,17.44,26.11,9.04,0.0,0.0,2.0
nefer_11,2006-10-17,21730.0,17.44,26.11,9.04,0.0,0.0,2.0
nefer_11,2006-10-18,21730.0,17.44,26.11,9.04,0.0,0.0,2.0
nefer_11,2006-10-19,21730.0,17.44,26.11,9.04,0.0,0.0,2.0
nefer_11,2006-10-20,21730.0,17.44,26.11,9.04,0.0,0.0,2.0
nefer_11,2006-10-21,21730.0,17.44,26.11,9.04,0.0,0.0,2.0
nefer_11,2006-10-22,21730.0,17.44,26.11,9.04,0.0,0.0,2.0
nefer_11,2006-10-23,21730.0,17.44,26.11,9.04,0.0,0.0,2.0
nefer_11,2006-10-24,21730.0,17.44,26.11,9.04,0.0,0.0,2.0
nefer_11,2006-10-25,21730.0,17.44,26.11,9.04,0.0,0.0,2.0
nefer_11,2006-10-26,21730.0,17.44,26.11,9.04,0.0,0.0,2.0
nefer_11,2006-10-27,21730.0,17.44,26.11,9.04,0.0,0.0,2.0
nefer_11,2006-10-28,21730.0,17.44,26.11,9.04,0.0,0.0,2.0
nefer_11,2006-10-29,21730.0,17.44,26.11,9.04,0.0,0.0,2.0
nefer_11,2006-10-30,21730.0,17.44,26.11,9.04,0.0,0.0,2.0
nefer_11,2006-10-31,21730.0,17.44,26.11,9.04,0.0,0.0,2.0
nefer_11,2006-11-01,21730.0,17.44,26.11,9.04,0.0,0.0,2.0
nefer_11,2006-11-02,21730.0,17.44,26.11,9.04,0.0,0.0,2.0
nefer_11,2006-11-03,21730.0,17.44,26.11,9.04,0.0,0.0,2.0
nefer_11,2006-11-04,21730.0,17.44,26.11,9.04,0.0,0.0,2.0
nefer_11,2006-11-05,21730.0,17.44,26.11,9.04,0.0,0.0,2.0
nefer_11,2006-11-06,21730.0,17.44,26.11,9.04,0.0,0.0,2.0
nefer_11,2006-11-07,21730.0,17.44,26.11,9.04,0.0,0.0,2.0
nefer_12,2005-11-08,11380.0,4.94,22.4,0.05,0.0,0.0,-0.1
nefer_12,2005-11-09,3200.0,6.16,10.26,9.76,0.0,0.0,0.0
nefer_12,2005-11-10,4650.0,3.79,12.23,0.42,0.0,0.0,0.0
nefer_12,2005-11-11,9330.0,2.68,13.93,0.09,0.0,0.0,0.0
nefer_12,2005-11-12,6420.0,5.38,16.95,1.6,0.0,0.0,0.0
nefer_12,2005-11-13,2310.0,7.35,12.67,5.32,0.0,0.0,0.0
nefer_12,2005-11-14,3200.0,10.79,14.2,6.43,0.0,0.0,0.0
nefer_12,2005-11-15,5010.0,9.03,14.1,3.07,0.0,0.0,0.0
nefer_12,2005-11-16,4340.0,7.84,14.41,6.75,0.0,0.0,0.0
nefer_12,2005-11-17,5120.0,4.22,10.74,1.41,0.0,0.0,0.0
nefer_12,2005-11-18,10130.0,-0.27,9.93,0.02,0.0,0.0,0.0
nefer_12,2005-11-19,9530.0,-2.09,11.24,0.05,0.0,0.0,5.97e-06
nefer_12,2005-11-20,8510.0,0.07,13.42,0.03,0.0,0.0,7.245e-05
nefer_12,2005-11-21,9490.0,3.46,12.8,0.03,0.0,0.0,0.00025758
nefer_12,2005-11-22,9400.0,-1.67,9.73,0.03,0.0,0.0,0.00058275
nefer_12,2005-11-23,9000.0,-4.42,6.13,0.04,0.0,0.0,0.00079309
nefer_12,2005-11-24,2560.0,-2.59,6.14,0.82,0.0,0.0,0.00084786
nefer_12,2005-11-25,2220.0,2.21,7.86,19.19,0.0,0.0,0.00097528
nefer_12,2005-11-26,5910.0,-0.17,4.99,2.41,0.0,0.0,0.00138272
nefer_12,2005-11-27,3400.0,-0.25,5.89,3.91,0.0,0.0,0.0016043
nefer_12,2005-11-28,6650.0,0.4,9.85,0.94,0.0,0.0,0.00189101
nefer_12,2005-11-29,5730.0,0.98,6.3,5.01,0.0,0.0,0.00246431
nefer_12,2005-11-30,7830.0,0.04,8.15,0.84,0.0,0.0,0.0029088
nefer_12,2005-12-01,5920.0,3.51,12.68,1.2,0.0,0.0,0.00344991
nefer_12,2005-12-02,3980.0,5.3,14.28,3.57,0.0,0.0,0.00459908
nefer_12,2005-12-03,6950.0,4.47,11.5,5.08,0.0,0.0,0.00608314
nefer_12,2005-12-04,5990.0,4.98,15.06,5.62,0.0,0.0,0.00736912
nefer_12,2005-12-05,3070.0,5.36,8.46,9.56,0.0,0.0,0.00907612
nefer_12,2005-12-06,3450.0,2.46,6.94,8.69,0.0,0.0,0.0103165
nefer_12,2005-12-07,4730.0,2.7,9.83,0.49,0.0,0.0,0.01120279
nefer_12,2005-12-08,2530.0,5.25,8.83,11.69,0.0,0.0,0.01244043
nefer_12,2005-12-09,5150.0,-1.89,7.84,1.78,0.0,0.0,0.01389385
nefer_12,2005-12-10,5710.0,-2.92,5.63,0.01,0.0,0.0,0.01453438
nefer_12,2005-12-11,3730.0,-3.7,3.25,0.0,0.0,0.0,0.01483803
nefer_12,2005-12-12,2830.0,-3.65,1.26,0.01,0.0,0.0,0.01483803
nefer_12,2005-12-13,4560.0,-3.67,2.63,0.01,0.0,0.0,0.01483803
nefer_12,2005-12-14,3600.0,-2.06,3.73,0.08,0.0,0.0,0.01483803
nefer_12,2005-12-15,3050.0,-2.52,5.05,0.02,0.0,0.0,0.01503944
nefer_12,2005-12-16,3830.0,-1.46,6.92,1.21,0.0,0.0,0.01535209
nefer_12,2005-12-17,4210.0,-1.15,8.55,4.01,0.0,0.0,0.01604502
nefer_12,2005-12-18,8140.0,-1.95,5.08,0.14,0.0,0.0,0.01701708
nefer_12,2005-12-19,7960.0,-2.27,4.73,0.01,0.0,0.0,0.01744296
nefer_12,2005-12-20,7650.0,-0.66,6.8,0.01,0.0,0.0,0.0177869
nefer_12,2005-12-21,7680.0,-0.39,6.61,0.01,0.0,0.0,0.01866744
nefer_12,2005-12-22,5820.0,-0.45,5.13,0.01,0.0,0.0,0.01959028
nefer_12,2005-12-23,6170.0,-0.93,5.53,0.01,0.0,0.0,0.0203083
nefer_12,2005-12-24,7900.0,-1.34,7.63,0.0,0.0,0.0,0.02103567
nefer_12,2005-12-25,4800.0,-0.15,4.53,0.02,0.0,0.0,0.0220604
nefer_12,2005-12-26,2760.0,-1.7,3.01,0.03,0.0,0.0,0.02278786
nefer_12,2005-12-27,3030.0,-2.88,1.9,0.13,0.0,0.0,0.0230061
nefer_12,2005-12-28,6640.0,-2.41,2.18,0.31,0.0,0.0,0.0230061
nefer_12,2005-12-29,6750.0,-2.63,1.93,0.2,0.0,0.0,0.0230061
nefer_12,2005-12-30,2270.0,-0.87,8.9,6.48,0.0,0.0,0.0230061
nefer_12,2005-12-31,2320.0,4.39,8.8,6.92,0.0,0.0,0.02436941
nefer_12,2006-01-01,4420.0,4.82,8.54,10.64,0.0,0.0,0.02662289
nefer_12,2006-01-02,3340.0,1.89,7.51,6.4,0.0,0.0,0.0289212
nefer_12,2006-01-03,3010.0,0.39,6.55,0.34,0.0,0.0,0.0305504
nefer_12,2006-01-04,4290.0,0.4,6.95,0.37,0.0,0.0,0.03176292
nefer_12,2006-01-05,3750.0,-0.17,5.26,2.26,0.0,0.0,0.03305813
nefer_12,2006-01-06,3850.0,-0.13,8.69,0.03,0.0,0.0,0.03396326
nefer_12,2006-01-07,3040.0,1.83,9.29,0.36,0.0,0.0,0.03550009
nefer_12,2006-01-08,5400.0,3.83,10.51,0.53,0.0,0.0,0.0375167
nefer_12,2006-01-09,3920.0,0.73,6.87,2.74,0.0,0.0,0.0401447
nefer_12,2006-01-10,5060.0,1.95,8.0,0.07,0.0,0.0,0.0415528
nefer_12,2006-01-11,5110.0,2.24,9.21,0.01,0.0,0.0,0.0434173
nefer_12,2006-01-12,7020.0,1.48,10.43,0.01,0.0,0.0,0.04558814
nefer_12,2006-01-13,8280.0,-1.06,12.02,0.01,0.0,0.0,0.04787358
nefer_12,2006-01-14,6730.0,-0.36,10.74,0.01,0.0,0.0,0.05000296
nefer_12,2006-01-15,7120.0,-0.1,11.02,0.0,0.0,0.0,0.05204542
nefer_12,2006-01-16,4440.0,2.83,10.13,0.01,0.0,0.0,0.05422224
nefer_12,2006-01-17,4780.0,3.17,10.4,1.22,0.0,0.0,0.05684018
nefer_12,2006-01-18,3190.0,7.15,8.94,2.54,0.0,0.0,0.0596186
nefer_12,2006-01-19,5330.0,5.85,10.48,0.45,0.0,0.0,0.06295849
nefer_12,2006-01-20,4770.0,5.51,11.19,0.16,0.0,0.0,0.06639572
nefer_12,2006-01-21,5070.0,1.07,10.05,0.58,0.0,0.0,0.06996076
nefer_12,2006-01-22,9750.0,0.14,7.73,0.04,0.0,0.0,0.07236872
nefer_12,2006-01-23,10220.0,-1.89,8.43,0.01,0.0,0.0,0.07409765
nefer_12,2006-01-24,9650.0,-2.42,12.02,0.01,0.0,0.0,0.07555544
nefer_12,2006-01-25,9950.0,-1.42,10.58,0.0,0.0,0.0,0.07772691
nefer_12,2006-01-26,6830.0,-1.99,4.51,0.05,0.0,0.0,0.07982962
nefer_12,2006-01-27,5610.0,-2.81,2.11,0.57,0.0,0.0,0.08041673
nefer_12,2006-01-28,1650.0,-2.75,1.74,4.84,0.0,0.0,0.08041673
nefer_12,2006-01-29,2320.0,-2.97,1.88,9.2,0.0,0.0,0.08041673
nefer_12,2006-01-30,4640.0,-1.42,3.0,1.19,0.0,0.0,0.08041673
nefer_12,2006-01-31,3670.0,1.88,8.65,0.24,0.0,0.0,0.08080753
nefer_12,2006-02-01,4630.0,2.8,8.13,0.23,0.0,0.0,0.08345145
nefer_12,2006-02-02,7600.0,0.54,7.83,0.08,0.0,0.0,0.08623734
nefer_12,2006-02-03,3110.0,-0.48,3.22,0.03,0.0,0.0,0.08840299
nefer_12,2006-02-04,2860.0,-2.24,4.05,0.03,0.0,0.0,0.08912265
nefer_12,2006-02-05,5420.0,-3.7,3.48,0.01,0.0,0.0,0.08960522
nefer_12,2006-02-06,10990.0,-3.71,6.2,0.01,0.0,0.0,0.08960522
nefer_12,2006-02-07,9280.0,-1.81,7.39,0.01,0.0,0.0,0.09028919
nefer_12,2006-02-08,5900.0,-2.27,5.47,0.01,0.0,0.0,0.09184486
nefer_12,2006-02-09,5590.0,-0.38,6.19,0.53,0.0,0.0,0.0927503
nefer_12,2006-02-10,12910.0,-0.96,7.85,0.01,0.0,0.0,0.09441863
nefer_12,2006-02-11,12740.0,-2.13,7.59,0.0,0.0,0.0,0.09642631
nefer_12,2006-02-12,12780.0,-2.37,7.9,0.0,0.0,0.0,0.09804069
nefer_12,2006-02-13,10640.0,-1.42,11.65,0.0,0.0,0.0,0.09969967
nefer_12,2006-02-14,8740.0,2.42,11.66,0.02,0.0,0.0,0.10281327
nefer_12,2006-02-15,5910.0,4.39,11.13,2.41,0.0,0.0,0.10716059
nefer_12,2006-02-16,4140.0,6.34,13.2,4.61,0.0,0.0,0.11202136
nefer_12,2006-02-17,12600.0,4.39,14.44,2.32,0.0,0.0,0.11822851
nefer_12,2006-02-18,13570.0,5.39,13.68,0.49,0.0,0.0,0.12429492
nefer_12,2006-02-19,9970.0,5.15,12.68,9.35,0.0,0.0,0.13052515
nefer_12,2006-02-20,12400.0,4.8,11.93,1.95,0.0,0.0,0.13643169
nefer_12,2006-02-21,10420.0,2.97,9.94,1.8,0.0,0.0,0.14205074
nefer_12,2006-02-22,7310.0,1.26,7.36,3.95,0.0,0.0,0.14644649
nefer_12,2006-02-23,8240.0,-0.24,7.73,0.22,0.0,0.0,0.14942165
nefer_12,2006-02-24,11100.0,-0.2,7.02,0.44,0.0,0.0,0.15204184
nefer_12,2006-02-25,14750.0,-1.88,10.69,0.11,0.0,0.0,0.15445975
nefer_12,2006-02-26,9730.0,0.67,10.69,0.27,0.0,0.0,0.15762485
nefer_12,2006-02-27,8860.0,-3.35,5.68,0.29,0.0,0.0,0.16176008
nefer_12,2006-02-28,11660.0,-3.95,5.81,0.19,0.0,0.0,0.16261937
nefer_12,2006-03-01,11850.0,1.69,6.89,1.01,0.0,0.0,0.16331425
nefer_12,2006-03-02,9640.0,1.76,8.19,1.58,0.0,0.0,0.16656105
nefer_12,2006-03-03,10340.0,4.95,15.47,0.48,0.0,0.0,0.17037445
nefer_12,2006-03-04,7880.0,6.76,18.59,0.53,0.0,0.0,0.1782998
nefer_12,2006-03-05,10460.0,-0.41,8.13,5.11,0.0,0.0,0.18826225
nefer_12,2006-03-06,9570.0,-0.08,7.9,2.99,0.0,0.0,0.191334
nefer_12,2006-03-07,9340.0,2.99,10.12,10.87,0.0,0.0,0.19448396
nefer_12,2006-03-08,8690.0,9.9,13.37,5.92,0.0,0.0,0.19982944
nefer_12,2006-03-09,6350.0,6.17,14.86,5.71,0.0,0.0,0.20943269
nefer_12,2006-03-10,6350.0,5.53,8.85,35.97,0.0,0.0,0.21821588
nefer_12,2006-03-11,10790.0,4.04,9.44,11.19,0.0,0.0,0.22429326
nefer_12,2006-03-12,8420.0,0.15,8.53,1.29,0.0,0.0,0.23005757
nefer_12,2006-03-13,19070.0,-3.63,10.07,0.0,0.0,0.0,0.23381274
nefer_12,2006-03-14,18200.0,2.11,14.48,0.0,0.0,0.0,0.23663114
nefer_12,2006-03-15,17800.0,5.15,15.58,0.01,0.0,0.0,0.24397503
nefer_12,2006-03-16,17320.0,2.48,15.02,0.0,0.0,0.0,0.25325606
nefer_12,2006-03-17,14380.0,2.58,15.99,0.03,0.0,0.0,0.2611794
nefer_12,2006-03-18,9010.0,7.69,16.19,0.65,0.0,0.0,0.26968118
nefer_12,2006-03-19,14920.0,6.91,16.47,0.26,0.0,0.0,0.28073512
nefer_12,2006-03-20,16240.0,5.72,18.35,0.17,0.0,0.0,0.2916764
nefer_12,2006-03-21,16270.0,6.33,16.85,4.11,0.0,0.0,0.30306308
nefer_12,2006-03-22,11600.0,7.65,13.32,5.51,0.0,0.0,0.31414689
nefer_12,2006-03-23,14700.0,4.72,15.87,1.22,0.0,0.0,0.32428101
nefer_12,2006-03-24,16690.0,7.69,19.61,2.48,0.0,0.0,0.33433674
nefer_12,2006-03-25,17420.0,10.23,21.02,0.33,0.0,0.0,0.34780922
nefer_12,2006-03-26,15180.0,10.4,25.26,0.0,0.0,0.0,0.36339114
nefer_12,2006-03-27,11630.0,11.16,20.54,10.21,0.0,0.0,0.38135488
nefer_12,2006-03-28,16230.0,7.23,13.63,8.41,0.0,0.0,0.39748651
nefer_12,2006-03-29,19910.0,6.4,16.85,0.06,0.0,0.0,0.40820901
nefer_12,2006-03-30,16160.0,10.59,23.55,1.43,0.0,0.0,0.42027955
nefer_12,2006-03-31,18630.0,11.28,19.06,2.03,0.0,0.0,0.43817941
nefer_12,2006-04-01,10790.0,10.44,18.33,0.13,0.0,0.0,0.45424303
nefer_12,2006-04-02,17930.0,8.08,18.07,0.27,0.0,0.0,0.46962351
nefer_12,2006-04-03,16140.0,6.45,15.29,0.02,0.0,50.0,0.48373799
nefer_12,2006-04-04,19580.0,4.91,18.31,0.04,0.0,0.0,0.4955841
nefer_12,2006-04-05,14230.0,5.5,15.06,1.39,0.0,0.0,0.50835621
nefer_12,2006-04-06,22530.0,1.9,14.44,0.04,0.0,0.0,0.51977104
nefer_12,2006-04-07,22950.0,3.85,16.91,0.01,0.0,0.0,0.52892701
nefer_12,2006-04-08,18540.0,5.2,18.08,0.02,0.0,0.0,0.54066647
nefer_12,2006-04-09,15930.0,8.94,20.01,2.16,0.0,0.0,0.5539506
nefer_12,2006-04-10,13890.0,2.1,9.58,10.83,0.0,0.0,0.57061884
nefer_12,2006-04-11,23750.0,0.17,12.73,0.1,0.0,0.0,0.57740364
nefer_12,2006-04-12,16350.0,1.85,13.7,0.04,0.0,0.0,0.58496323
nefer_12,2006-04-13,21670.0,5.92,15.56,0.03,0.0,0.0,0.59415534
nefer_12,2006-04-14,22170.0,4.6,21.21,0.06,0.0,0.0,0.60696264
nefer_12,2006-04-15,12830.0,9.5,19.97,4.42,0.0,0.0,0.62248334
nefer_12,2006-04-16,18300.0,10.77,17.4,0.59,0.0,0.0,0.64035503
nefer_12,2006-04-17,14790.0,8.58,14.94,2.36,0.0,0.0,0.65758149
nefer_12,2006-04-18,17340.0,8.08,14.89,0.92,0.0,0.0,0.67208362
nefer_12,2006-04-19,23930.0,6.62,17.83,0.06,0.0,0.0,0.68636279
nefer_12,2006-04-20,23300.0,8.51,17.87,0.07,0.0,0.0,0.70168529
nefer_12,2006-04-21,22270.0,7.75,21.75,0.17,0.0,0.0,0.71834992
nefer_12,2006-04-22,19300.0,7.76,21.15,1.16,0.0,0.0,0.73713333
nefer_12,2006-04-23,17740.0,10.23,21.26,0.14,0.0,0.0,0.75568544
nefer_12,2006-04-24,16830.0,11.44,18.21,2.02,0.0,0.0,0.77604983
nefer_12,2006-04-25,14030.0,9.49,20.2,0.07,0.0,0.0,0.7953712
nefer_12,2006-04-26,19100.0,10.8,19.66,0.05,0.0,0.0,0.81486507
nefer_12,2006-04-27,9450.0,10.7,16.99,9.39,0.0,0.0,0.83501404
nefer_12,2006-04-28,15360.0,8.77,16.87,0.66,0.0,0.0,0.85346592
nefer_12,2006-04-29,23850.0,4.33,16.27,0.0,0.0,0.0,0.87067629
nefer_12,2006-04-30,27620.0,1.87,16.26,0.0,0.0,0.0,0.88460315
nefer_12,2006-05-01,23420.0,6.49,20.26,0.04,0.0,0.0,0.89694717
nefer_12,2006-05-02,22850.0,9.69,24.03,0.01,0.0,0.0,0.91528776
nefer_12,2006-05-03,22990.0,9.36,21.93,0.0,0.0,50.0,0.93856687
nefer_12,2006-05-04,21770.0,9.47,23.44,0.02,0.0,0.0,0.96031546
nefer_12,2006-05-05,16800.0,11.3,20.37,0.21,0.0,0.0,0.98334353
nefer_12,2006-05-06,13670.0,13.95,21.06,4.1,0.0,0.0,1.0
nefer_12,2006-05-07,17350.0,12.52,21.36,9.05,0.0,0.0,1.01458295
nefer_12,2006-05-08,9290.0,7.12,14.08,9.21,0.0,0.0,1.02869521
nefer_12,2006-05-09,26330.0,6.98,16.89,0.09,0.0,0.0,1.03752578
nefer_12,2006-05-10,27440.0,9.89,19.62,0.04,0.0,0.0,1.04746851
nefer_12,2006-05-11,28260.0,7.67,22.24,0.01,0.0,0.0,1.05976051
nefer_12,2006-05-12,15180.0,11.59,21.0,2.51,0.0,0.0,1.07221912
nefer_12,2006-05-13,11570.0,12.1,19.1,4.97,0.0,0.0,1.08579405
nefer_12,2006-05-14,24260.0,11.72,22.84,0.08,0.0,0.0,1.09878999
nefer_12,2006-05-15,23470.0,15.69,26.1,4.55,0.0,0.0,1.1131855
nefer_12,2006-05-16,25380.0,14.76,27.39,2.17,0.0,0.0,1.13059256
nefer_12,2006-05-17,24910.0,16.12,33.0,0.04,0.0,0.0,1.14814958
nefer_12,2006-05-18,7420.0,13.16,19.48,2.79,0.0,0.0,1.16860986
nefer_12,2006-05-19,16920.0,10.62,20.41,0.28,0.0,0.0,1.18220562
nefer_12,2006-05-20,18590.0,12.71,21.69,0.16,0.0,0.0,1.19513075
nefer_12,2006-05-21,21520.0,13.53,28.85,0.23,0.0,0.0,1.20945961
nefer_12,2006-05-22,12990.0,11.15,21.51,0.64,0.0,0.0,1.22711243
nefer_12,2006-05-23,17010.0,8.26,15.81,4.31,0.0,0.0,1.24071651
nefer_12,2006-05-24,30050.0,6.29,19.03,0.0,0.0,0.0,1.25074255
nefer_12,2006-05-25,28670.0,7.35,23.4,0.0,0.0,0.0,1.26128926
nefer_12,2006-05-26,20370.0,12.37,24.55,0.03,0.0,0.0,1.27409776
nefer_12,2006-05-27,29470.0,13.27,28.16,0.08,0.0,0.0,1.28947629
nefer_12,2006-05-28,29060.0,14.62,28.48,0.05,0.0,0.0,1.3067334
nefer_12,2006-05-29,16160.0,13.23,23.23,1.5,0.0,0.0,1.32468613
nefer_12,2006-05-30,27130.0,8.28,19.71,0.46,0.0,0.0,1.33987306
nefer_12,2006-05-31,26830.0,5.35,18.24,0.0,0.0,0.0,1.35153192
nefer_12,2006-06-01,29450.0,5.01,20.21,0.0,0.0,0.0,1.36135802
nefer_12,2006-06-02,27820.0,8.23,20.64,0.0,0.0,0.0,1.37186307
nefer_12,2006-06-03,31150.0,5.9,21.79,0.01,0.0,0.0,1.38388848
nefer_12,2006-06-04,29490.0,8.14,25.4,0.0,0.0,0.0,1.39542238
nefer_12,2006-06-05,30510.0,10.83,27.32,0.0,0.0,0.0,1.40939302
nefer_12,2006-06-06,28850.0,13.36,28.23,0.04,0.0,0.0,1.42528389
nefer_12,2006-06-07,28360.0,13.89,30.5,0.0,0.0,0.0,1.44260765
nefer_12,2006-06-08,27730.0,12.99,27.49,0.0,0.0,0.0,1.46109771
nefer_12,2006-06-09,26090.0,14.95,27.67,0.0,0.0,0.0,1.47795911
nefer_12,2006-06-10,23150.0,16.9,26.44,1.14,0.0,0.0,1.4957119
nefer_12,2006-06-11,28730.0,14.07,31.87,0.0,0.0,0.0,1.5137646
nefer_12,2006-06-12,29160.0,16.54,31.76,0.0,0.0,0.0,1.53290029
nefer_12,2006-06-13,29560.0,14.23,31.82,0.0,0.0,0.0,1.55301901
nefer_12,2006-06-14,28730.0,14.33,31.81,0.0,0.0,0.0,1.57220052
nefer_12,2006-06-15,24310.0,14.82,32.27,0.01,0.0,0.0,1.59141952
nefer_12,2006-06-16,20770.0,17.8,31.83,5.28,0.0,0.0,1.61103423
nefer_12,2006-06-17,21010.0,17.64,29.4,4.24,0.0,0.0,1.63170695
nefer_12,2006-06-18,17250.0,17.0,29.7,0.47,0.0,0.0,1.65130083
nefer_12,2006-06-19,25870.0,18.06,32.05,2.21,0.0,0.0,1.67075309
nefer_12,2006-06-20,15540.0,17.64,28.25,15.94,0.0,0.0,1.69162574
nefer_12,2006-06-21,16650.0,16.45,27.74,1.8,0.0,0.0,1.71074061
nefer_12,2006-06-22,11790.0,15.55,26.42,0.34,0.0,0.0,1.72914736
nefer_12,2006-06-23,27710.0,13.89,30.65,0.06,0.0,0.0,1.7466294
nefer_12,2006-06-24,22630.0,19.08,32.92,6.93,0.0,0.0,1.76518194
nefer_12,2006-06-25,11860.0,16.35,24.87,7.76,0.0,0.0,1.78684185
nefer_12,2006-06-26,27580.0,14.33,29.56,0.32,0.0,0.0,1.80401149
nefer_12,2006-06-27,22600.0,15.42,29.08,2.66,0.0,0.0,1.82229328
nefer_12,2006-06-28,19040.0,16.73,26.61,7.21,0.0,0.0,1.84082916
nefer_12,2006-06-29,28290.0,16.4,29.61,1.17,0.0,0.0,1.85888186
nefer_12,2006-06-30,28730.0,15.65,31.81,0.0,0.0,0.0,1.87804671
nefer_12,2006-07-01,25960.0,20.04,35.25,0.23,0.0,0.0,1.89781553
nefer_12,2006-07-02,28700.0,21.66,36.58,0.0,0.0,0.0,1.92084584
nefer_12,2006-07-03,19870.0,18.78,30.58,0.69,0.0,0.0,1.94510494
nefer_12,2006-07-04,27670.0,18.41,35.39,0.52,0.0,0.0,1.96566518
nefer_12,2006-07-05,12440.0,17.21,26.83,4.83,0.0,0.0,1.98807485
nefer_12,2006-07-06,16310.0,15.87,25.68,2.3,0.0,0.0,2.0
nefer_12,2006-07-07,21500.0,15.35,27.51,0.13,0.0,0.0,2.0
nefer_12,2006-07-08,29120.0,16.61,31.69,0.03,0.0,0.0,2.0
nefer_12,2006-07-09,19410.0,20.7,28.03,0.15,0.0,0.0,2.0
nefer_12,2006-07-10,27700.0,17.86,35.19,0.0,0.0,0.0,2.0
nefer_12,2006-07-11,17460.0,21.58,28.53,0.07,0.0,0.0,2.0
nefer_12,2006-07-12,21180.0,18.37,31.54,0.17,0.0,0.0,2.0
nefer_12,2006-07-13,20600.0,19.7,33.05,0.04,0.0,0.0,2.0
nefer_12,2006-07-14,24410.0,19.07,33.1,0.16,0.0,0.0,2.0
nefer_12,2006-07-15,24660.0,21.99,31.26,0.35,0.0,0.0,2.0
nefer_12,2006-07-16,27070.0,20.05,36.08,1.11,0.0,0.0,2.0
nefer_12,2006-07-17,26170.0,21.47,36.68,0.55,0.0,0.0,2.0
nefer_12,2006-07-18,27960.0,22.95,37.37,0.19,0.0,0.0,2.0
nefer_12,2006-07-19,15870.0,21.95,35.61,3.23,0.0,0.0,2.0
nefer_12,2006-07-20,25440.0,20.79,35.4,0.29,0.0,0.0,2.0
nefer_12,2006-07-21,27700.0,21.79,38.31,3.66,0.0,0.0,2.0
nefer_12,2006-07-22,18670.0,22.3,31.65,10.06,0.0,0.0,2.0
nefer_12,2006-07-23,25290.0,19.1,32.53,0.19,0.0,0.0,2.0
nefer_12,2006-07-24,24600.0,20.1,36.37,0.43,0.0,0.0,2.0
nefer_12,2006-07-25,25590.0,23.04,35.36,0.12,0.0,0.0,2.0
nefer_12,2006-07-26,25870.0,20.66,36.42,3.37,0.0,0.0,2.0
nefer_12,2006-07-27,19260.0,19.69,35.88,4.14,0.0,0.0,2.0
nefer_12,2006-07-28,20420.0,18.32,27.95,11.31,0.0,0.0,2.0
nefer_12,2006-07-29,25300.0,17.55,30.0,0.12,0.0,0.0,2.0
nefer_12,2006-07-30,23510.0,19.65,34.62,0.02,0.0,0.0,2.0
nefer_12,2006-07-31,17100.0,19.19,31.02,0.21,0.0,0.0,2.0
nefer_12,2006-08-01,19400.0,18.66,29.37,0.38,0.0,0.0,2.0
nefer_12,2006-08-02,19130.0,16.87,28.26,0.4,0.0,0.0,2.0
nefer_12,2006-08-03,21730.0,17.44,26.11,9.04,0.0,0.0,2.0
nefer_12,2006-08-04,21730.0,17.44,26.11,9.04,0.0,0.0,2.0
nefer_12,2006-08-05,21730.0,17.44,26.11,9.04,0.0,0.0,2.0
nefer_12,2006-08-06,21730.0,17.44,26.11,9.04,0.0,0.0,2.0
nefer_12,2006-08-07,21730.0,17.44,26.11,9.04,0.0,0.0,2.0
nefer_12,2006-08-08,21730.0,17.44,26.11,9.04,0.0,0.0,2.0
nefer_12,2006-08-09,21730.0,17.44,26.11,9.04,0.0,0.0,2.0
nefer_12,2006-08-10,21730.0,17.44,26.11,9.04,0.0,0.0,2.0
nefer_12,2006-08-11,21730.0,17.44,26.11,9.04,0.0,0.0,2.0
nefer_12,2006-08-12,21730.0,17.44,26.11,9.04,0.0,0.0,2.0
nefer_12,2006-08-13,21730.0,17.44,26.11,9.04,0.0,0.0,2.0
nefer_12,2006-08-14,21730.0,17.44,26.11,9.04,0.0,0.0,2.0
nefer_12,2006-08-15,21730.0,17.44,26.11,9.04,0.0,0.0,2.0
nefer_12,2006-08-16,21730.0,17.44,26.11,9.04,0.0,0.0,2.0
nefer_12,2006-08-17,21730.0,17.44,26.11,9.04,0.0,0.0,2.0
nefer_12,2006-08-18,21730.0,17.44,26.11,9.04,0.0,0.0,2.0
nefer_12,2006-08-19,21730.0,17.44,26.11,9.04,0.0,0.0,2.0
nefer_12,2006-08-20,21730.0,17.44,26.11,9.04,0.0,0.0,2.0
nefer_12,2006-08-21,21730.0,17.44,26.11,9.04,0.0,0.0,2.0
nefer_12,2006-08-22,21730.0,17.44,26.11,9.04,0.0,0.0,2.0
nefer_12,2006-08-23,21730.0,17.44,26.11,9.04,0.0,0.0,2.0
nefer_12,2006-08-24,21730.0,17.44,26.11,9.04,0.0,0.0,2.0
nefer_12,2006-08-25,21730.0,17.44,26.11,9.04,0.0,0.0,2.0
nefer_12,2006-08-26,21730.0,17.44,26.11,9.04,0.0,0.0,2.0
nefer_12,2006-08-27,21730.0,17.44,26.11,9.04,0.0,0.0,2.0
nefer_12,2006-08-28,21730.0,17.44,26.11,9.04,0.0,0.0,2.0
nefer_12,2006-08-29,21730.0,17.44,26.11,9.04,0.0,0.0,2.0
nefer_12,2006-08-30,21730.0,17.44,26.11,9.04,0.0,0.0,2.0
nefer_12,2006-08-31,21730.0,17.44,26.11,9.04,0.0,0.0,2.0
nefer_12,2006-09-01,21730.0,17.44,26.11,9.04,0.0,0.0,2.0
nefer_12,2006-09-02,21730.0,17.44,26.11,9.04,0.0,0.0,2.0
nefer_12,2006-09-03,21730.0,17.44,26.11,9.04,0.0,0.0,2.0
nefer_12,2006-09-04,21730.0,17.44,26.11,9.04,0.0,0.0,2.0
nefer_12,2006-09-05,21730.0,17.44,26.11,9.04,0.0,0.0,2.0
nefer_12,2006-09-06,21730.0,17.44,26.11,9.04,0.0,0.0,2.0
nefer_12,2006-09-07,21730.0,17.44,26.11,9.04,0.0,0.0,2.0
nefer_12,2006-09-08,21730.0,17.44,26.11,9.04,0.0,0.0,2.0
nefer_12,2006-09-09,21730.0,17.44,26.11,9.04,0.0,0.0,2.0
nefer_12,2006-09-10,21730.0,17.44,26.11,9.04,0.0,0.0,2.0
nefer_12,2006-09-11,21730.0,17.44,26.11,9.04,0.0,0.0,2.0
nefer_12,2006-09-12,21730.0,17.44,26.11,9.04,0.0,0.0,2.0
nefer_12,2006-09-13,21730.0,17.44,26.11,9.04,0.0,0.0,2.0
nefer_12,2006-09-14,21730.0,17.44,26.11,9.04,0.0,0.0,2.0
nefer_12,2006-09-15,21730.0,17.44,26.11,9.04,0.0,0.0,2.0
nefer_12,2006-09-16,21730.0,17.44,26.11,9.04,0.0,0.0,2.0
nefer_12,2006-09-17,21730.0,17.44,26.11,9.04,0.0,0.0,2.0
nefer_12,2006-09-18,21730.0,17.44,26.11,9.04,0.0,0.0,2.0
nefer_12,2006-09-19,21730.0,17.44,26.11,9.04,0.0,0.0,2.0
nefer_12,2006-09-20,21730.0,17.44,26.11,9.04,0.0,0.0,2.0
nefer_12,2006-09-21,21730.0,17.44,26.11,9.04,0.0,0.0,2.0
nefer_12,2006-09-22,21730.0,17.44,26.11,9.04,0.0,0.0,2.0
nefer_12,2006-09-23,21730.0,17.44,26.11,9.04,0.0,0.0,2.0
nefer_12,2006-09-24,21730.0,17.44,26.11,9.04,0.0,0.0,2.0
nefer_12,2006-09-25,21730.0,17.44,26.11,9.04,0.0,0.0,2.0
nefer_12,2006-09-26,21730.0,17.44,26.11,9.04,0.0,0.0,2.0
nefer_12,2006-09-27,21730.0,17.44,26.11,9.04,0.0,0.0,2.0
nefer_12,2006-09-28,21730.0,17.44,26.11,9.04,0.0,0.0,2.0
nefer_12,2006-09-29,21730.0,17.44,26.11,9.04,0.0,0.0,2.0
nefer_12,2006-09-30,21730.0,17.44,26.11,9.04,0.0,0.0,2.0
nefer_12,2006-10-01,21730.0,17.44,26.11,9.04,0.0,0.0,2.0
nefer_12,2006-10-02,21730.0,17.44,26.11,9.04,0.0,0.0,2.0
nefer_12,2006-10-03,21730.0,17.44,26.11,9.04,0.0,0.0,2.0
nefer_12,2006-10-04,21730.0,17.44,26.11,9.04,0.0,0.0,2.0
nefer_12,2006-10-05,21730.0,17.44,26.11,9.04,0.0,0.0,2.0
nefer_12,2006-10-06,21730.0,17.44,26.11,9.04,0.0,0.0,2.0
nefer_12,2006-10-07,21730.0,17.44,26.11,9.04,0.0,0.0,2.0
nefer_12,2006-10-08,21730.0,17.44,26.11,9.04,0.0,0.0,2.0
nefer_12,2006-10-09,21730.0,17.44,26.11,9.04,0.0,0.0,2.0
nefer_12,2006-10-10,21730.0,17.44,26.11,9.04,0.0,0.0,2.0
nefer_12,2006-10-11,21730.0,17.44,26.11,9.04,0.0,0.0,2.0
nefer_12,2006-10-12,21730.0,17.44,26.11,9.04,0.0,0.0,2.0
nefer_12,2006-10-13,21730.0,17.44,26.11,9.04,0.0,0.0,2.0
nefer_12,2006-10-14,21730.0,17.44,26.11,9.04,0.0,0.0,2.0
nefer_12,2006-10-15,21730.0,17.44,26.11,9.04,0.0,0.0,2.0
nefer_12,2006-10-16,21730.0,17.44,26.11,9.04,0.0,0.0,2.0
nefer_12,2006-10-17,21730.0,17.44,26.11,9.04,0.0,0.0,2.0
nefer_12,2006-10-18,21730.0,17.44,26.11,9.04,0.0,0.0,2.0
nefer_12,2006-10-19,21730.0,17.44,26.11,9.04,0.0,0.0,2.0
nefer_12,2006-10-20,21730.0,17.44,26.11,9.04,0.0,0.0,2.0
nefer_12,2006-10-21,21730.0,17.44,26.11,9.04,0.0,0.0,2.0
nefer_12,2006-10-22,21730.0,17.44,26.11,9.04,0.0,0.0,2.0
nefer_12,2006-10-23,21730.0,17.44,26.11,9.04,0.0,0.0,2.0
nefer_12,2006-10-24,21730.0,17.44,26.11,9.04,0.0,0.0,2.0
nefer_12,2006-10-25,21730.0,17.44,26.11,9.04,0.0,0.0,2.0
nefer_12,2006-10-26,21730.0,17.44,26.11,9.04,0.0,0.0,2.0
nefer_12,2006-10-27,21730.0,17.44,26.11,9.04,0.0,0.0,2.0
nefer_12,2006-10-28,21730.0,17.44,26.11,9.04,0.0,0.0,2.0
nefer_12,2006-10-29,21730.0,17.44,26.11,9.04,0.0,0.0,2.0
nefer_12,2006-10-30,21730.0,17.44,26.11,9.04,0.0,0.0,2.0
nefer_12,2006-10-31,21730.0,17.44,26.11,9.04,0.0,0.0,2.0
nefer_12,2006-11-01,21730.0,17.44,26.11,9.04,0.0,0.0,2.0
nefer_12,2006-11-02,21730.0,17.44,26.11,9.04,0.0,0.0,2.0
nefer_12,2006-11-03,21730.0,17.44,26.11,9.04,0.0,0.0,2.0
nefer_12,2006-11-04,21730.0,17.44,26.11,9.04,0.0,0.0,2.0
nefer_12,2006-11-05,21730.0,17.44,26.11,9.04,0.0,0.0,2.0
nefer_12,2006-11-06,21730.0,17.44,26.11,9.04,0.0,0.0,2.0
nefer_12,2006-11-07,21730.0,17.44,26.11,9.04,0.0,0.0,2.0
nefer_13,2005-11-08,11380.0,4.94,22.4,0.05,0.0,0.0,-0.1
nefer_13,2005-11-09,3200.0,6.16,10.26,9.76,0.0,0.0,0.0
nefer_13,2005-11-10,4650.0,3.79,12.23,0.42,0.0,0.0,0.0
nefer_13,2005-11-11,9330.0,2.68,13.93,0.09,0.0,0.0,0.0
nefer_13,2005-11-12,6420.0,5.38,16.95,1.6,0.0,0.0,0.0
nefer_13,2005-11-13,2310.0,7.35,12.67,5.32,0.0,0.0,0.0
nefer_13,2005-11-14,3200.0,10.79,14.2,6.43,0.0,0.0,0.0
nefer_13,2005-11-15,5010.0,9.03,14.1,3.07,0.0,0.0,0.0
nefer_13,2005-11-16,4340.0,7.84,14.41,6.75,0.0,0.0,0.0
nefer_13,2005-11-17,5120.0,4.22,10.74,1.41,0.0,0.0,0.0
nefer_13,2005-11-18,10130.0,-0.27,9.93,0.02,0.0,0.0,0.0
nefer_13,2005-11-19,9530.0,-2.09,11.24,0.05,0.0,0.0,5.97e-06
nefer_13,2005-11-20,8510.0,0.07,13.42,0.03,0.0,0.0,7.245e-05
nefer_13,2005-11-21,9490.0,3.46,12.8,0.03,0.0,0.0,0.00025758
nefer_13,2005-11-22,9400.0,-1.67,9.73,0.03,0.0,0.0,0.00058275
nefer_13,2005-11-23,9000.0,-4.42,6.13,0.04,0.0,0.0,0.00079309
nefer_13,2005-11-24,2560.0,-2.59,6.14,0.82,0.0,0.0,0.00084786
nefer_13,2005-11-25,2220.0,2.21,7.86,19.19,0.0,0.0,0.00097528
nefer_13,2005-11-26,5910.0,-0.17,4.99,2.41,0.0,0.0,0.00138272
nefer_13,2005-11-27,3400.0,-0.25,5.89,3.91,0.0,0.0,0.0016043
nefer_13,2005-11-28,6650.0,0.4,9.85,0.94,0.0,0.0,0.00189101
nefer_13,2005-11-29,5730.0,0.98,6.3,5.01,0.0,0.0,0.00246431
nefer_13,2005-11-30,7830.0,0.04,8.15,0.84,0.0,0.0,0.0029088
nefer_13,2005-12-01,5920.0,3.51,12.68,1.2,0.0,0.0,0.00344991
nefer_13,2005-12-02,3980.0,5.3,14.28,3.57,0.0,0.0,0.00459908
nefer_13,2005-12-03,6950.0,4.47,11.5,5.08,0.0,0.0,0.00608314
nefer_13,2005-12-04,5990.0,4.98,15.06,5.62,0.0,0.0,0.00736912
nefer_13,2005-12-05,3070.0,5.36,8.46,9.56,0.0,0.0,0.00907612
nefer_13,2005-12-06,3450.0,2.46,6.94,8.69,0.0,0.0,0.0103165
nefer_13,2005-12-07,4730.0,2.7,9.83,0.49,0.0,0.0,0.01120279
nefer_13,2005-12-08,2530.0,5.25,8.83,11.69,0.0,0.0,0.01244043
nefer_13,2005-12-09,5150.0,-1.89,7.84,1.78,0.0,0.0,0.01389385
nefer_13,2005-12-10,5710.0,-2.92,5.63,0.01,0.0,0.0,0.01453438
nefer_13,2005-12-11,3730.0,-3.7,3.25,0.0,0.0,0.0,0.01483803
nefer_13,2005-12-12,2830.0,-3.65,1.26,0.01,0.0,0.0,0.01483803
nefer_13,2005-12-13,4560.0,-3.67,2.63,0.01,0.0,0.0,0.01483803
nefer_13,2005-12-14,3600.0,-2.06,3.73,0.08,0.0,0.0,0.01483803
nefer_13,2005-12-15,3050.0,-2.52,5.05,0.02,0.0,0.0,0.01503944
nefer_13,2005-12-16,3830.0,-1.46,6.92,1.21,0.0,0.0,0.01535209
nefer_13,2005-12-17,4210.0,-1.15,8.55,4.01,0.0,0.0,0.01604502
nefer_13,2005-12-18,8140.0,-1.95,5.08,0.14,0.0,0.0,0.01701708
nefer_13,2005-12-19,7960.0,-2.27,4.73,0.01,0.0,0.0,0.01744296
nefer_13,2005-12-20,7650.0,-0.66,6.8,0.01,0.0,0.0,0.0177869
nefer_13,2005-12-21,7680.0,-0.39,6.61,0.01,0.0,0.0,0.01866744
nefer_13,2005-12-22,5820.0,-0.45,5.13,0.01,0.0,0.0,0.01959028
nefer_13,2005-12-23,6170.0,-0.93,5.53,0.01,0.0,0.0,0.0203083
nefer_13,2005-12-24,7900.0,-1.34,7.63,0.0,0.0,0.0,0.02103567
nefer_13,2005-12-25,4800.0,-0.15,4.53,0.02,0.0,0.0,0.0220604
nefer_13,2005-12-26,2760.0,-1.7,3.01,0.03,0.0,0.0,0.02278786
nefer_13,2005-12-27,3030.0,-2.88,1.9,0.13,0.0,0.0,0.0230061
nefer_13,2005-12-28,6640.0,-2.41,2.18,0.31,0.0,0.0,0.0230061
nefer_13,2005-12-29,6750.0,-2.63,1.93,0.2,0.0,0.0,0.0230061
nefer_13,2005-12-30,2270.0,-0.87,8.9,6.48,0.0,0.0,0.0230061
nefer_13,2005-12-31,2320.0,4.39,8.8,6.92,0.0,0.0,0.02436941
nefer_13,2006-01-01,4420.0,4.82,8.54,10.64,0.0,0.0,0.02662289
nefer_13,2006-01-02,3340.0,1.89,7.51,6.4,0.0,0.0,0.0289212
nefer_13,2006-01-03,3010.0,0.39,6.55,0.34,0.0,0.0,0.0305504
nefer_13,2006-01-04,4290.0,0.4,6.95,0.37,0.0,0.0,0.03176292
nefer_13,2006-01-05,3750.0,-0.17,5.26,2.26,0.0,0.0,0.03305813
nefer_13,2006-01-06,3850.0,-0.13,8.69,0.03,0.0,0.0,0.03396326
nefer_13,2006-01-07,3040.0,1.83,9.29,0.36,0.0,0.0,0.03550009
nefer_13,2006-01-08,5400.0,3.83,10.51,0.53,0.0,0.0,0.0375167
nefer_13,2006-01-09,3920.0,0.73,6.87,2.74,0.0,0.0,0.0401447
nefer_13,2006-01-10,5060.0,1.95,8.0,0.07,0.0,0.0,0.0415528
nefer_13,2006-01-11,5110.0,2.24,9.21,0.01,0.0,0.0,0.0434173
nefer_13,2006-01-12,7020.0,1.48,10.43,0.01,0.0,0.0,0.04558814
nefer_13,2006-01-13,8280.0,-1.06,12.02,0.01,0.0,0.0,0.04787358
nefer_13,2006-01-14,6730.0,-0.36,10.74,0.01,0.0,0.0,0.05000296
nefer_13,2006-01-15,7120.0,-0.1,11.02,0.0,0.0,0.0,0.05204542
nefer_13,2006-01-16,4440.0,2.83,10.13,0.01,0.0,0.0,0.05422224
nefer_13,2006-01-17,4780.0,3.17,10.4,1.22,0.0,0.0,0.05684018
nefer_13,2006-01-18,3190.0,7.15,8.94,2.54,0.0,0.0,0.0596186
nefer_13,2006-01-19,5330.0,5.85,10.48,0.45,0.0,0.0,0.06295849
nefer_13,2006-01-20,4770.0,5.51,11.19,0.16,0.0,0.0,0.06639572
nefer_13,2006-01-21,5070.0,1.07,10.05,0.58,0.0,0.0,0.06996076
nefer_13,2006-01-22,9750.0,0.14,7.73,0.04,0.0,0.0,0.07236872
nefer_13,2006-01-23,10220.0,-1.89,8.43,0.01,0.0,0.0,0.07409765
nefer_13,2006-01-24,9650.0,-2.42,12.02,0.01,0.0,0.0,0.07555544
nefer_13,2006-01-25,9950.0,-1.42,10.58,0.0,0.0,0.0,0.07772691
nefer_13,2006-01-26,6830.0,-1.99,4.51,0.05,0.0,0.0,0.07982962
nefer_13,2006-01-27,5610.0,-2.81,2.11,0.57,0.0,0.0,0.08041673
nefer_13,2006-01-28,1650.0,-2.75,1.74,4.84,0.0,0.0,0.08041673
nefer_13,2006-01-29,2320.0,-2.97,1.88,9.2,0.0,0.0,0.08041673
nefer_13,2006-01-30,4640.0,-1.42,3.0,1.19,0.0,0.0,0.08041673
nefer_13,2006-01-31,3670.0,1.88,8.65,0.24,0.0,0.0,0.08080753
nefer_13,2006-02-01,4630.0,2.8,8.13,0.23,0.0,0.0,0.08345145
nefer_13,2006-02-02,7600.0,0.54,7.83,0.08,0.0,0.0,0.08623734
nefer_13,2006-02-03,3110.0,-0.48,3.22,0.03,0.0,0.0,0.08840299
nefer_13,2006-02-04,2860.0,-2.24,4.05,0.03,0.0,0.0,0.08912265
nefer_13,2006-02-05,5420.0,-3.7,3.48,0.01,0.0,0.0,0.08960522
nefer_13,2006-02-06,10990.0,-3.71,6.2,0.01,0.0,0.0,0.08960522
nefer_13,2006-02-07,9280.0,-1.81,7.39,0.01,0.0,0.0,0.09028919
nefer_13,2006-02-08,5900.0,-2.27,5.47,0.01,0.0,30.0,0.09184486
nefer_13,2006-02-09,5590.0,-0.38,6.19,0.53,0.0,0.0,0.0927503
nefer_13,2006-02-10,12910.0,-0.96,7.85,0.01,0.0,0.0,0.09441863
nefer_13,2006-02-11,12740.0,-2.13,7.59,0.0,0.0,0.0,0.09642631
nefer_13,2006-02-12,12780.0,-2.37,7.9,0.0,0.0,0.0,0.09804069
nefer_13,2006-02-13,10640.0,-1.42,11.65,0.0,0.0,0.0,0.09969967
nefer_13,2006-02-14,8740.0,2.42,11.66,0.02,0.0,0.0,0.10281327
nefer_13,2006-02-15,5910.0,4.39,11.13,2.41,0.0,0.0,0.10716059
nefer_13,2006-02-16,4140.0,6.34,13.2,4.61,0.0,0.0,0.11202136
nefer_13,2006-02-17,12600.0,4.39,14.44,2.32,0.0,0.0,0.11822851
nefer_13,2006-02-18,13570.0,5.39,13.68,0.49,0.0,0.0,0.12429492
nefer_13,2006-02-19,9970.0,5.15,12.68,9.35,0.0,0.0,0.13052515
nefer_13,2006-02-20,12400.0,4.8,11.93,1.95,0.0,0.0,0.13643169
nefer_13,2006-02-21,10420.0,2.97,9.94,1.8,0.0,0.0,0.14205074
nefer_13,2006-02-22,7310.0,1.26,7.36,3.95,0.0,0.0,0.14644649
nefer_13,2006-02-23,8240.0,-0.24,7.73,0.22,0.0,0.0,0.14942165
nefer_13,2006-02-24,11100.0,-0.2,7.02,0.44,0.0,0.0,0.15204184
nefer_13,2006-02-25,14750.0,-1.88,10.69,0.11,0.0,0.0,0.15445975
nefer_13,2006-02-26,9730.0,0.67,10.69,0.27,0.0,0.0,0.15762485
nefer_13,2006-02-27,8860.0,-3.35,5.68,0.29,0.0,0.0,0.16176008
nefer_13,2006-02-28,11660.0,-3.95,5.81,0.19,0.0,0.0,0.16261937
nefer_13,2006-03-01,11850.0,1.69,6.89,1.01,0.0,0.0,0.16331425
nefer_13,2006-03-02,9640.0,1.76,8.19,1.58,0.0,0.0,0.16656105
nefer_13,2006-03-03,10340.0,4.95,15.47,0.48,0.0,0.0,0.17037445
nefer_13,2006-03-04,7880.0,6.76,18.59,0.53,0.0,0.0,0.1782998
nefer_13,2006-03-05,10460.0,-0.41,8.13,5.11,0.0,0.0,0.18826225
nefer_13,2006-03-06,9570.0,-0.08,7.9,2.99,0.0,0.0,0.191334
nefer_13,2006-03-07,9340.0,2.99,10.12,10.87,0.0,0.0,0.19448396
nefer_13,2006-03-08,8690.0,9.9,13.37,5.92,0.0,0.0,0.19982944
nefer_13,2006-03-09,6350.0,6.17,14.86,5.71,0.0,0.0,0.20943269
nefer_13,2006-03-10,6350.0,5.53,8.85,35.97,0.0,0.0,0.21821588
nefer_13,2006-03-11,10790.0,4.04,9.44,11.19,0.0,0.0,0.22429326
nefer_13,2006-03-12,8420.0,0.15,8.53,1.29,0.0,0.0,0.23005757
nefer_13,2006-03-13,19070.0,-3.63,10.07,0.0,0.0,0.0,0.23381274
nefer_13,2006-03-14,18200.0,2.11,14.48,0.0,0.0,0.0,0.23663114
nefer_13,2006-03-15,17800.0,5.15,15.58,0.01,0.0,0.0,0.24397503
nefer_13,2006-03-16,17320.0,2.48,15.02,0.0,0.0,0.0,0.25325606
nefer_13,2006-03-17,14380.0,2.58,15.99,0.03,0.0,0.0,0.2611794
nefer_13,2006-03-18,9010.0,7.69,16.19,0.65,0.0,0.0,0.26968118
nefer_13,2006-03-19,14920.0,6.91,16.47,0.26,0.0,0.0,0.28073512
nefer_13,2006-03-20,16240.0,5.72,18.35,0.17,0.0,0.0,0.2916764
nefer_13,2006-03-21,16270.0,6.33,16.85,4.11,0.0,0.0,0.30306308
nefer_13,2006-03-22,11600.0,7.65,13.32,5.51,0.0,0.0,0.31414689
nefer_13,2006-03-23,14700.0,4.72,15.87,1.22,0.0,0.0,0.32428101
nefer_13,2006-03-24,16690.0,7.69,19.61,2.48,0.0,0.0,0.33433674
nefer_13,2006-03-25,17420.0,10.23,21.02,0.33,0.0,0.0,0.34780922
nefer_13,2006-03-26,15180.0,10.4,25.26,0.0,0.0,0.0,0.36339114
nefer_13,2006-03-27,11630.0,11.16,20.54,10.21,0.0,0.0,0.38135488
nefer_13,2006-03-28,16230.0,7.23,13.63,8.41,0.0,0.0,0.39748651
nefer_13,2006-03-29,19910.0,6.4,16.85,0.06,0.0,0.0,0.40820901
nefer_13,2006-03-30,16160.0,10.59,23.55,1.43,0.0,0.0,0.42027955
nefer_13,2006-03-31,18630.0,11.28,19.06,2.03,0.0,0.0,0.43817941
nefer_13,2006-04-01,10790.0,10.44,18.33,0.13,0.0,0.0,0.45424303
nefer_13,2006-04-02,17930.0,8.08,18.07,0.27,0.0,0.0,0.46962351
nefer_13,2006-04-03,16140.0,6.45,15.29,0.02,0.0,100.0,0.48373799
nefer_13,2006-04-04,19580.0,4.91,18.31,0.04,0.0,0.0,0.4955841
nefer_13,2006-04-05,14230.0,5.5,15.06,1.39,0.0,0.0,0.50835621
nefer_13,2006-04-06,22530.0,1.9,14.44,0.04,0.0,0.0,0.51977104
nefer_13,2006-04-07,22950.0,3.85,16.91,0.01,0.0,0.0,0.52892701
nefer_13,2006-04-08,18540.0,5.2,18.08,0.02,0.0,0.0,0.54066647
nefer_13,2006-04-09,15930.0,8.94,20.01,2.16,0.0,0.0,0.5539506
nefer_13,2006-04-10,13890.0,2.1,9.58,10.83,0.0,0.0,0.57061884
nefer_13,2006-04-11,23750.0,0.17,12.73,0.1,0.0,0.0,0.57740364
nefer_13,2006-04-12,16350.0,1.85,13.7,0.04,0.0,0.0,0.58496323
nefer_13,2006-04-13,21670.0,5.92,15.56,0.03,0.0,0.0,0.59415534
nefer_13,2006-04-14,22170.0,4.6,21.21,0.06,0.0,0.0,0.60696264
nefer_13,2006-04-15,12830.0,9.5,19.97,4.42,0.0,0.0,0.62248334
nefer_13,2006-04-16,18300.0,10.77,17.4,0.59,0.0,0.0,0.64035503
nefer_13,2006-04-17,14790.0,8.58,14.94,2.36,0.0,0.0,0.65758149
nefer_13,2006-04-18,17340.0,8.08,14.89,0.92,0.0,0.0,0.67208362
nefer_13,2006-04-19,23930.0,6.62,17.83,0.06,0.0,0.0,0.68636279
nefer_13,2006-04-20,23300.0,8.51,17.87,0.07,0.0,0.0,0.70168529
nefer_13,2006-04-21,22270.0,7.75,21.75,0.17,0.0,0.0,0.71834992
nefer_13,2006-04-22,19300.0,7.76,21.15,1.16,0.0,0.0,0.73713333
nefer_13,2006-04-23,17740.0,10.23,21.26,0.14,0.0,0.0,0.75568544
nefer_13,2006-04-24,16830.0,11.44,18.21,2.02,0.0,0.0,0.77604983
nefer_13,2006-04-25,14030.0,9.49,20.2,0.07,0.0,0.0,0.7953712
nefer_13,2006-04-26,19100.0,10.8,19.66,0.05,0.0,0.0,0.81486507
nefer_13,2006-04-27,9450.0,10.7,16.99,9.39,0.0,0.0,0.83501404
nefer_13,2006-04-28,15360.0,8.77,16.87,0.66,0.0,0.0,0.85346592
nefer_13,2006-04-29,23850.0,4.33,16.27,0.0,0.0,0.0,0.87067629
nefer_13,2006-04-30,27620.0,1.87,16.26,0.0,0.0,0.0,0.88460315
nefer_13,2006-05-01,23420.0,6.49,20.26,0.04,0.0,0.0,0.89694717
nefer_13,2006-05-02,22850.0,9.69,24.03,0.01,0.0,0.0,0.91528776
nefer_13,2006-05-03,22990.0,9.36,21.93,0.0,0.0,50.0,0.93856687
nefer_13,2006-05-04,21770.0,9.47,23.44,0.02,0.0,0.0,0.96031546
nefer_13,2006-05-05,16800.0,11.3,20.37,0.21,0.0,0.0,0.98334353
nefer_13,2006-05-06,13670.0,13.95,21.06,4.1,0.0,0.0,1.0
nefer_13,2006-05-07,17350.0,12.52,21.36,9.05,0.0,0.0,1.01458295
nefer_13,2006-05-08,9290.0,7.12,14.08,9.21,0.0,0.0,1.02869521
nefer_13,2006-05-09,26330.0,6.98,16.89,0.09,0.0,0.0,1.03752578
nefer_13,2006-05-10,27440.0,9.89,19.62,0.04,0.0,0.0,1.04746851
nefer_13,2006-05-11,28260.0,7.67,22.24,0.01,0.0,0.0,1.05976051
nefer_13,2006-05-12,15180.0,11.59,21.0,2.51,0.0,0.0,1.07221912
nefer_13,2006-05-13,11570.0,12.1,19.1,4.97,0.0,0.0,1.08579405
nefer_13,2006-05-14,24260.0,11.72,22.84,0.08,0.0,0.0,1.09878999
nefer_13,2006-05-15,23470.0,15.69,26.1,4.55,0.0,0.0,1.1131855
nefer_13,2006-05-16,25380.0,14.76,27.39,2.17,0.0,0.0,1.13059256
nefer_13,2006-05-17,24910.0,16.12,33.0,0.04,0.0,0.0,1.14814958
nefer_13,2006-05-18,7420.0,13.16,19.48,2.79,0.0,0.0,1.16860986
nefer_13,2006-05-19,16920.0,10.62,20.41,0.28,0.0,0.0,1.18220562
nefer_13,2006-05-20,18590.0,12.71,21.69,0.16,0.0,0.0,1.19513075
nefer_13,2006-05-21,21520.0,13.53,28.85,0.23,0.0,0.0,1.20945961
nefer_13,2006-05-22,12990.0,11.15,21.51,0.64,0.0,0.0,1.22711243
nefer_13,2006-05-23,17010.0,8.26,15.81,4.31,0.0,0.0,1.24071651
nefer_13,2006-05-24,30050.0,6.29,19.03,0.0,0.0,0.0,1.25074255
nefer_13,2006-05-25,28670.0,7.35,23.4,0.0,0.0,0.0,1.26128926
nefer_13,2006-05-26,20370.0,12.37,24.55,0.03,0.0,0.0,1.27409776
nefer_13,2006-05-27,29470.0,13.27,28.16,0.08,0.0,0.0,1.28947629
nefer_13,2006-05-28,29060.0,14.62,28.48,0.05,0.0,0.0,1.3067334
nefer_13,2006-05-29,16160.0,13.23,23.23,1.5,0.0,0.0,1.32468613
nefer_13,2006-05-30,27130.0,8.28,19.71,0.46,0.0,0.0,1.33987306
nefer_13,2006-05-31,26830.0,5.35,18.24,0.0,0.0,0.0,1.35153192
nefer_13,2006-06-01,29450.0,5.01,20.21,0.0,0.0,0.0,1.36135802
nefer_13,2006-06-02,27820.0,8.23,20.64,0.0,0.0,0.0,1.37186307
nefer_13,2006-06-03,31150.0,5.9,21.79,0.01,0.0,0.0,1.38388848
nefer_13,2006-06-04,29490.0,8.14,25.4,0.0,0.0,0.0,1.39542238
nefer_13,2006-06-05,30510.0,10.83,27.32,0.0,0.0,0.0,1.40939302
nefer_13,2006-06-06,28850.0,13.36,28.23,0.04,0.0,0.0,1.42528389
nefer_13,2006-06-07,28360.0,13.89,30.5,0.0,0.0,0.0,1.44260765
nefer_13,2006-06-08,27730.0,12.99,27.49,0.0,0.0,0.0,1.46109771
nefer_13,2006-06-09,26090.0,14.95,27.67,0.0,0.0,0.0,1.47795911
nefer_13,2006-06-10,23150.0,16.9,26.44,1.14,0.0,0.0,1.4957119
nefer_13,2006-06-11,28730.0,14.07,31.87,0.0,0.0,0.0,1.5137646
nefer_13,2006-06-12,29160.0,16.54,31.76,0.0,0.0,0.0,1.53290029
nefer_13,2006-06-13,29560.0,14.23,31.82,0.0,0.0,0.0,1.55301901
nefer_13,2006-06-14,28730.0,14.33,31.81,0.0,0.0,0.0,1.57220052
nefer_13,2006-06-15,24310.0,14.82,32.27,0.01,0.0,0.0,1.59141952
nefer_13,2006-06-16,20770.0,17.8,31.83,5.28,0.0,0.0,1.61103423
nefer_13,2006-06-17,21010.0,17.64,29.4,4.24,0.0,0.0,1.63170695
nefer_13,2006-06-18,17250.0,17.0,29.7,0.47,0.0,0.0,1.65130083
nefer_13,2006-06-19,25870.0,18.06,32.05,2.21,0.0,0.0,1.67075309
nefer_13,2006-06-20,15540.0,17.64,28.25,15.94,0.0,0.0,1.69162574
nefer_13,2006-06-21,16650.0,16.45,27.74,1.8,0.0,0.0,1.71074061
nefer_13,2006-06-22,11790.0,15.55,26.42,0.34,0.0,0.0,1.72914736
nefer_13,2006-06-23,27710.0,13.89,30.65,0.06,0.0,0.0,1.7466294
nefer_13,2006-06-24,22630.0,19.08,32.92,6.93,0.0,0.0,1.76518194
nefer_13,2006-06-25,11860.0,16.35,24.87,7.76,0.0,0.0,1.78684185
nefer_13,2006-06-26,27580.0,14.33,29.56,0.32,0.0,0.0,1.80401149
nefer_13,2006-06-27,22600.0,15.42,29.08,2.66,0.0,0.0,1.82229328
nefer_13,2006-06-28,19040.0,16.73,26.61,7.21,0.0,0.0,1.84082916
nefer_13,2006-06-29,28290.0,16.4,29.61,1.17,0.0,0.0,1.85888186
nefer_13,2006-06-30,28730.0,15.65,31.81,0.0,0.0,0.0,1.87804671
nefer_13,2006-07-01,25960.0,20.04,35.25,0.23,0.0,0.0,1.89781553
nefer_13,2006-07-02,28700.0,21.66,36.58,0.0,0.0,0.0,1.92084584
nefer_13,2006-07-03,19870.0,18.78,30.58,0.69,0.0,0.0,1.94510494
nefer_13,2006-07-04,27670.0,18.41,35.39,0.52,0.0,0.0,1.96566518
nefer_13,2006-07-05,12440.0,17.21,26.83,4.83,0.0,0.0,1.98807485
nefer_13,2006-07-06,16310.0,15.87,25.68,2.3,0.0,0.0,2.0
nefer_13,2006-07-07,21500.0,15.35,27.51,0.13,0.0,0.0,2.0
nefer_13,2006-07-08,29120.0,16.61,31.69,0.03,0.0,0.0,2.0
nefer_13,2006-07-09,19410.0,20.7,28.03,0.15,0.0,0.0,2.0
nefer_13,2006-07-10,27700.0,17.86,35.19,0.0,0.0,0.0,2.0
nefer_13,2006-07-11,17460.0,21.58,28.53,0.07,0.0,0.0,2.0
nefer_13,2006-07-12,21180.0,18.37,31.54,0.17,0.0,0.0,2.0
nefer_13,2006-07-13,20600.0,19.7,33.05,0.04,0.0,0.0,2.0
nefer_13,2006-07-14,24410.0,19.07,33.1,0.16,0.0,0.0,2.0
nefer_13,2006-07-15,24660.0,21.99,31.26,0.35,0.0,0.0,2.0
nefer_13,2006-07-16,27070.0,20.05,36.08,1.11,0.0,0.0,2.0
nefer_13,2006-07-17,26170.0,21.47,36.68,0.55,0.0,0.0,2.0
nefer_13,2006-07-18,27960.0,22.95,37.37,0.19,0.0,0.0,2.0
nefer_13,2006-07-19,15870.0,21.95,35.61,3.23,0.0,0.0,2.0
nefer_13,2006-07-20,25440.0,20.79,35.4,0.29,0.0,0.0,2.0
nefer_13,2006-07-21,27700.0,21.79,38.31,3.66,0.0,0.0,2.0
nefer_13,2006-07-22,18670.0,22.3,31.65,10.06,0.0,0.0,2.0
nefer_13,2006-07-23,25290.0,19.1,32.53,0.19,0.0,0.0,2.0
nefer_13,2006-07-24,24600.0,20.1,36.37,0.43,0.0,0.0,2.0
nefer_13,2006-07-25,25590.0,23.04,35.36,0.12,0.0,0.0,2.0
nefer_13,2006-07-26,25870.0,20.66,36.42,3.37,0.0,0.0,2.0
nefer_13,2006-07-27,19260.0,19.69,35.88,4.14,0.0,0.0,2.0
nefer_13,2006-07-28,20420.0,18.32,27.95,11.31,0.0,0.0,2.0
nefer_13,2006-07-29,25300.0,17.55,30.0,0.12,0.0,0.0,2.0
nefer_13,2006-07-30,23510.0,19.65,34.62,0.02,0.0,0.0,2.0
nefer_13,2006-07-31,17100.0,19.19,31.02,0.21,0.0,0.0,2.0
nefer_13,2006-08-01,19400.0,18.66,29.37,0.38,0.0,0.0,2.0
nefer_13,2006-08-02,19130.0,16.87,28.26,0.4,0.0,0.0,2.0
nefer_13,2006-08-03,21730.0,17.44,26.11,9.04,0.0,0.0,2.0
nefer_13,2006-08-04,21730.0,17.44,26.11,9.04,0.0,0.0,2.0
nefer_13,2006-08-05,21730.0,17.44,26.11,9.04,0.0,0.0,2.0
nefer_13,2006-08-06,21730.0,17.44,26.11,9.04,0.0,0.0,2.0
nefer_13,2006-08-07,21730.0,17.44,26.11,9.04,0.0,0.0,2.0
nefer_13,2006-08-08,21730.0,17.44,26.11,9.04,0.0,0.0,2.0
nefer_13,2006-08-09,21730.0,17.44,26.11,9.04,0.0,0.0,2.0
nefer_13,2006-08-10,21730.0,17.44,26.11,9.04,0.0,0.0,2.0
nefer_13,2006-08-11,21730.0,17.44,26.11,9.04,0.0,0.0,2.0
nefer_13,2006-08-12,21730.0,17.44,26.11,9.04,0.0,0.0,2.0
nefer_13,2006-08-13,21730.0,17.44,26.11,9.04,0.0,0.0,2.0
nefer_13,2006-08-14,21730.0,17.44,26.11,9.04,0.0,0.0,2.0
nefer_13,2006-08-15,21730.0,17.44,26.11,9.04,0.0,0.0,2.0
nefer_13,2006-08-16,21730.0,17.44,26.11,9.04,0.0,0.0,2.0
nefer_13,2006-08-17,21730.0,17.44,26.11,9.04,0.0,0.0,2.0
nefer_13,2006-08-18,21730.0,17.44,26.11,9.04,0.0,0.0,2.0
nefer_13,2006-08-19,21730.0,17.44,26.11,9.04,0.0,0.0,2.0
nefer_13,2006-08-20,21730.0,17.44,26.11,9.04,0.0,0.0,2.0
nefer_13,2006-08-21,21730.0,17.44,26.11,9.04,0.0,0.0,2.0
nefer_13,2006-08-22,21730.0,17.44,26.11,9.04,0.0,0.0,2.0
nefer_13,2006-08-23,21730.0,17.44,26.11,9.04,0.0,0.0,2.0
nefer_13,2006-08-24,21730.0,17.44,26.11,9.04,0.0,0.0,2.0
nefer_13,2006-08-25,21730.0,17.44,26.11,9.04,0.0,0.0,2.0
nefer_13,2006-08-26,21730.0,17.44,26.11,9.04,0.0,0.0,2.0
nefer_13,2006-08-27,21730.0,17.44,26.11,9.04,0.0,0.0,2.0
nefer_13,2006-08-28,21730.0,17.44,26.11,9.04,0.0,0.0,2.0
nefer_13,2006-08-29,21730.0,17.44,26.11,9.04,0.0,0.0,2.0
nefer_13,2006-08-30,21730.0,17.44,26.11,9.04,0.0,0.0,2.0
nefer_13,2006-08-31,21730.0,17.44,26.11,9.04,0.0,0.0,2.0
nefer_13,2006-09-01,21730.0,17.44,26.11,9.04,0.0,0.0,2.0
nefer_13,2006-09-02,21730.0,17.44,26.11,9.04,0.0,0.0,2.0
nefer_13,2006-09-03,21730.0,17.44,26.11,9.04,0.0,0.0,2.0
nefer_13,2006-09-04,21730.0,17.44,26.11,9.04,0.0,0.0,2.0
nefer_13,2006-09-05,21730.0,17.44,26.11,9.04,0.0,0.0,2.0
nefer_13,2006-09-06,21730.0,17.44,26.11,9.04,0.0,0.0,2.0
nefer_13,2006-09-07,21730.0,17.44,26.11,9.04,0.0,0.0,2.0
nefer_13,2006-09-08,21730.0,17.44,26.11,9.04,0.0,0.0,2.0
nefer_13,2006-09-09,21730.0,17.44,26.11,9.04,0.0,0.0,2.0
nefer_13,2006-09-10,21730.0,17.44,26.11,9.04,0.0,0.0,2.0
nefer_13,2006-09-11,21730.0,17.44,26.11,9.04,0.0,0.0,2.0
nefer_13,2006-09-12,21730.0,17.44,26.11,9.04,0.0,0.0,2.0
nefer_13,2006-09-13,21730.0,17.44,26.11,9.04,0.0,0.0,2.0
nefer_13,2006-09-14,21730.0,17.44,26.11,9.04,0.0,0.0,2.0
nefer_13,2006-09-15,21730.0,17.44,26.11,9.04,0.0,0.0,2.0
nefer_13,2006-09-16,21730.0,17.44,26.11,9.04,0.0,0.0,2.0
nefer_13,2006-09-17,21730.0,17.44,26.11,9.04,0.0,0.0,2.0
nefer_13,2006-09-18,21730.0,17.44,26.11,9.04,0.0,0.0,2.0
nefer_13,2006-09-19,21730.0,17.44,26.11,9.04,0.0,0.0,2.0
nefer_13,2006-09-20,21730.0,17.44,26.11,9.04,0.0,0.0,2.0
nefer_13,2006-09-21,21730.0,17.44,26.11,9.04,0.0,0.0,2.0
nefer_13,2006-09-22,21730.0,17.44,26.11,9.04,0.0,0.0,2.0
nefer_13,2006-09-23,21730.0,17.44,26.11,9.04,0.0,0.0,2.0
nefer_13,2006-09-24,21730.0,17.44,26.11,9.04,0.0,0.0,2.0
nefer_13,2006-09-25,21730.0,17.44,26.11,9.04,0.0,0.0,2.0
nefer_13,2006-09-26,21730.0,17.44,26.11,9.04,0.0,0.0,2.0
nefer_13,2006-09-27,21730.0,17.44,26.11,9.04,0.0,0.0,2.0
nefer_13,2006-09-28,21730.0,17.44,26.11,9.04,0.0,0.0,2.0
nefer_13,2006-09-29,21730.0,17.44,26.11,9.04,0.0,0.0,2.0
nefer_13,2006-09-30,21730.0,17.44,26.11,9.04,0.0,0.0,2.0
nefer_13,2006-10-01,21730.0,17.44,26.11,9.04,0.0,0.0,2.0
nefer_13,2006-10-02,21730.0,17.44,26.11,9.04,0.0,0.0,2.0
nefer_13,2006-10-03,21730.0,17.44,26.11,9.04,0.0,0.0,2.0
nefer_13,2006-10-04,21730.0,17.44,26.11,9.04,0.0,0.0,2.0
nefer_13,2006-10-05,21730.0,17.44,26.11,9.04,0.0,0.0,2.0
nefer_13,2006-10-06,21730.0,17.44,26.11,9.04,0.0,0.0,2.0
nefer_13,2006-10-07,21730.0,17.44,26.11,9.04,0.0,0.0,2.0
nefer_13,2006-10-08,21730.0,17.44,26.11,9.04,0.0,0.0,2.0
nefer_13,2006-10-09,21730.0,17.44,26.11,9.04,0.0,0.0,2.0
nefer_13,2006-10-10,21730.0,17.44,26.11,9.04,0.0,0.0,2.0
nefer_13,2006-10-11,21730.0,17.44,26.11,9.04,0.0,0.0,2.0
nefer_13,2006-10-12,21730.0,17.44,26.11,9.04,0.0,0.0,2.0
nefer_13,2006-10-13,21730.0,17.44,26.11,9.04,0.0,0.0,2.0
nefer_13,2006-10-14,21730.0,17.44,26.11,9.04,0.0,0.0,2.0
nefer_13,2006-10-15,21730.0,17.44,26.11,9.04,0.0,0.0,2.0
nefer_13,2006-10-16,21730.0,17.44,26.11,9.04,0.0,0.0,2.0
nefer_13,2006-10-17,21730.0,17.44,26.11,9.04,0.0,0.0,2.0
nefer_13,2006-10-18,21730.0,17.44,26.11,9.04,0.0,0.0,2.0
nefer_13,2006-10-19,21730.0,17.44,26.11,9.04,0.0,0.0,2.0
nefer_13,2006-10-20,21730.0,17.44,26.11,9.04,0.0,0.0,2.0
nefer_13,2006-10-21,21730.0,17.44,26.11,9.04,0.0,0.0,2.0
nefer_13,2006-10-22,21730.0,17.44,26.11,9.04,0.0,0.0,2.0
nefer_13,2006-10-23,21730.0,17.44,26.11,9.04,0.0,0.0,2.0
nefer_13,2006-10-24,21730.0,17.44,26.11,9.04,0.0,0.0,2.0
nefer_13,2006-10-25,21730.0,17.44,26.11,9.04,0.0,0.0,2.0
nefer_13,2006-10-26,21730.0,17.44,26.11,9.04,0.0,0.0,2.0
nefer_13,2006-10-27,21730.0,17.44,26.11,9.04,0.0,0.0,2.0
nefer_13,2006-10-28,21730.0,17.44,26.11,9.04,0.0,0.0,2.0
nefer_13,2006-10-29,21730.0,17.44,26.11,9.04,0.0,0.0,2.0
nefer_13,2006-10-30,21730.0,17.44,26.11,9.04,0.0,0.0,2.0
nefer_13,2006-10-31,21730.0,17.44,26.11,9.04,0.0,0.0,2.0
nefer_13,2006-11-01,21730.0,17.44,26.11,9.04,0.0,0.0,2.0
nefer_13,2006-11-02,21730.0,17.44,26.11,9.04,0.0,0.0,2.0
nefer_13,2006-11-03,21730.0,17.44,26.11,9.04,0.0,0.0,2.0
nefer_13,2006-11-04,21730.0,17.44,26.11,9.04,0.0,0.0,2.0
nefer_13,2006-11-05,21730.0,17.44,26.11,9.04,0.0,0.0,2.0
nefer_13,2006-11-06,21730.0,17.44,26.11,9.04,0.0,0.0,2.0
nefer_13,2006-11-07,21730.0,17.44,26.11,9.04,0.0,0.0,2.0
nefer_14,2012-11-20,7430.0,5.45,16.63,0.01,0.0,0.0,-0.1
nefer_14,2012-11-21,1760.0,6.98,12.27,1.57,0.0,0.0,0.0
nefer_14,2012-11-22,6470.0,5.55,13.42,0.04,0.0,0.0,0.0
nefer_14,2012-11-23,6960.0,6.04,14.95,0.03,0.0,0.0,0.0
nefer_14,2012-11-24,5660.0,6.53,19.24,0.07,0.0,0.0,0.0
nefer_14,2012-11-25,4090.0,8.87,14.36,1.02,0.0,0.0,0.0
nefer_14,2012-11-26,2180.0,5.44,10.8,13.46,0.0,0.0,0.0
nefer_14,2012-11-27,4990.0,4.99,9.3,5.8,0.0,0.0,0.0
nefer_14,2012-11-28,2000.0,3.81,5.82,4.62,0.0,0.0,0.0
nefer_14,2012-11-29,2690.0,0.18,5.74,1.76,0.0,0.0,0.0
nefer_14,2012-11-30,7680.0,-2.72,5.37,0.23,0.0,0.0,0.0
nefer_14,2012-12-01,6710.0,-3.35,3.51,0.01,0.0,0.0,4.22e-06
nefer_14,2012-12-02,3820.0,-2.97,7.33,3.76,0.0,0.0,5.16e-06
nefer_14,2012-12-03,3870.0,6.2,13.14,4.8,0.0,0.0,4.449e-05
nefer_14,2012-12-04,5210.0,5.72,8.6,14.96,0.0,0.0,0.00031094
nefer_14,2012-12-05,4470.0,4.74,8.03,15.33,0.0,0.0,0.00058416
nefer_14,2012-12-06,8070.0,-1.18,7.78,0.35,0.0,0.0,0.00089429
nefer_14,2012-12-07,2700.0,-0.5,11.14,8.47,0.0,0.0,0.00108837
nefer_14,2012-12-08,4950.0,-0.08,5.11,2.53,0.0,0.0,0.00145492
nefer_14,2012-12-09,8120.0,-1.69,6.83,0.0,0.0,0.0,0.00165323
nefer_14,2012-12-10,5360.0,-2.43,7.13,0.32,0.0,0.0,0.00187931
nefer_14,2012-12-11,6230.0,-3.17,5.28,0.12,0.0,0.0,0.00210745
nefer_14,2012-12-12,7230.0,-3.95,6.98,0.0,0.0,0.0,0.00221908
nefer_14,2012-12-13,3730.0,1.16,9.07,1.48,0.0,0.0,0.00238966
nefer_14,2012-12-14,2450.0,5.97,10.15,8.01,0.0,0.0,0.0030037
nefer_14,2012-12-15,6360.0,6.88,15.57,0.28,0.0,0.0,0.00404871
nefer_14,2012-12-16,6880.0,8.05,15.2,4.07,0.0,0.0,0.00561195
nefer_14,2012-12-17,4170.0,7.14,10.81,2.45,0.0,0.0,0.00732245
nefer_14,2012-12-18,6430.0,4.98,12.18,0.77,0.0,0.0,0.00870904
nefer_14,2012-12-19,3320.0,6.2,13.92,0.04,0.0,0.0,0.01011833
nefer_14,2012-12-20,2800.0,6.31,13.71,1.5,0.0,0.0,0.01186974
nefer_14,2012-12-21,2770.0,6.56,13.05,4.2,0.0,0.0,0.01371117
nefer_14,2012-12-22,4370.0,6.66,15.54,0.11,0.0,0.0,0.01561356
nefer_14,2012-12-23,7720.0,8.45,20.2,0.04,0.0,0.0,0.01788071
nefer_14,2012-12-24,5360.0,7.22,16.28,0.0,0.0,0.0,0.02093284
nefer_14,2012-12-25,3520.0,5.74,11.29,0.27,0.0,0.0,0.02348757
nefer_14,2012-12-26,6090.0,4.36,11.37,1.19,0.0,0.0,0.02540913
nefer_14,2012-12-27,3340.0,3.98,13.12,0.82,0.0,0.0,0.02727038
nefer_14,2012-12-28,5460.0,7.08,14.87,1.36,0.0,0.0,0.0293897
nefer_14,2012-12-29,7810.0,4.42,14.55,0.68,0.0,0.0,0.03223618
nefer_14,2012-12-30,5200.0,5.21,9.55,0.73,0.0,0.0,0.03479422
nefer_14,2012-12-31,6440.0,3.18,12.15,0.0,0.0,0.0,0.03687354
nefer_14,2013-01-01,4170.0,5.18,11.01,11.62,0.0,0.0,0.039128
nefer_14,2013-01-02,5260.0,1.14,7.36,1.44,0.0,0.0,0.04159332
nefer_14,2013-01-03,6810.0,0.8,9.3,0.01,0.0,0.0,0.042942
nefer_14,2013-01-04,3780.0,4.84,12.27,0.03,0.0,0.0,0.04461093
nefer_14,2013-01-05,3250.0,4.88,9.73,0.11,0.0,0.0,0.04755388
nefer_14,2013-01-06,3410.0,1.45,8.73,0.03,0.0,0.0,0.05015178
nefer_14,2013-01-07,3440.0,0.92,7.55,0.02,0.0,0.0,0.05197936
nefer_14,2013-01-08,3170.0,0.73,5.99,0.07,0.0,0.0,0.05351532
nefer_14,2013-01-09,2920.0,0.38,5.64,0.1,0.0,0.0,0.05474679
nefer_14,2013-01-10,2940.0,2.97,11.86,3.12,0.0,0.0,0.0558621
nefer_14,2013-01-11,8130.0,2.37,9.76,0.55,0.0,0.0,0.0586409
nefer_14,2013-01-12,5470.0,1.32,8.36,2.0,0.0,0.0,0.06094055
nefer_14,2013-01-13,2880.0,0.83,4.15,18.19,0.0,0.0,0.06279799
nefer_14,2013-01-14,3930.0,-1.33,3.31,2.75,0.0,0.0,0.06376549
nefer_14,2013-01-15,6220.0,1.48,5.42,14.54,0.0,0.0,0.06415508
nefer_14,2013-01-16,1820.0,-1.35,6.76,26.99,0.0,0.0,0.06553048
nefer_14,2013-01-17,7920.0,-5.24,2.09,0.05,0.0,0.0,0.06662326
nefer_14,2013-01-18,2810.0,-2.36,6.43,7.71,0.0,0.0,0.06662326
nefer_14,2013-01-19,2760.0,4.54,8.17,20.7,0.0,0.0,0.06746806
nefer_14,2013-01-20,4720.0,0.71,4.97,20.04,0.0,0.0,0.07014323
nefer_14,2013-01-21,6570.0,2.11,5.62,5.54,0.0,0.0,0.07135572
nefer_14,2013-01-22,6130.0,-1.02,8.12,5.21,0.0,0.0,0.07302954
nefer_14,2013-01-23,4920.0,-0.52,5.65,2.15,0.0,0.0,0.07458926
nefer_14,2013-01-24,4920.0,-0.02,4.94,6.23,0.0,0.0,0.07573271
nefer_14,2013-01-25,8700.0,-0.95,5.48,0.22,0.0,0.0,0.07684555
nefer_14,2013-01-26,3320.0,0.22,6.94,11.91,0.0,0.0,0.0778854
nefer_14,2013-01-27,2600.0,2.01,10.12,16.62,0.0,0.0,0.07955349
nefer_14,2013-01-28,7020.0,4.01,10.73,1.28,0.0,0.0,0.08242187
nefer_14,2013-01-29,7390.0,3.33,13.34,0.0,0.0,0.0,0.0859599
nefer_14,2013-01-30,9430.0,7.08,17.68,0.01,0.0,0.0,0.09002158
nefer_14,2013-01-31,7580.0,8.63,16.0,0.1,0.0,0.0,0.09614559
nefer_14,2013-02-01,6540.0,9.56,15.57,3.24,0.0,0.0,0.10232964
nefer_14,2013-02-02,4870.0,1.17,9.92,9.64,0.0,0.0,0.10873471
nefer_14,2013-02-03,7690.0,-0.56,5.01,0.21,0.0,0.0,0.11160407
nefer_14,2013-02-04,3980.0,1.42,10.91,2.07,0.0,0.0,0.11277283
nefer_14,2013-02-05,6200.0,4.67,10.89,12.41,0.0,0.0,0.11606007
nefer_14,2013-02-06,6100.0,2.24,6.51,12.87,0.0,0.0,0.12027089
nefer_14,2013-02-07,7100.0,-1.42,4.51,1.22,0.0,0.0,0.12267433
nefer_14,2013-02-08,5220.0,-1.45,3.71,3.19,0.0,0.0,0.12353579
nefer_14,2013-02-09,8140.0,-2.15,4.4,3.0,0.0,0.0,0.12417524
nefer_14,2013-02-10,7170.0,3.3,11.99,10.11,0.0,0.0,0.12482131
nefer_14,2013-02-11,7090.0,2.15,4.32,15.99,0.0,0.0,0.12927659
nefer_14,2013-02-12,8560.0,2.03,7.05,5.78,0.0,0.0,0.13118956
nefer_14,2013-02-13,6130.0,1.58,7.08,0.81,0.0,0.0,0.13391349
nefer_14,2013-02-14,5920.0,2.89,11.12,4.6,0.0,0.0,0.1365492
nefer_14,2013-02-15,10670.0,3.98,10.08,1.76,0.0,0.0,0.14087485
nefer_14,2013-02-16,13720.0,2.48,11.02,0.0,0.0,0.0,0.14527829
nefer_14,2013-02-17,13570.0,2.01,11.56,0.0,0.0,0.0,0.14956669
nefer_14,2013-02-18,10310.0,2.95,12.01,0.04,0.0,0.0,0.15393844
nefer_14,2013-02-19,13840.0,1.75,13.91,0.06,0.0,0.0,0.15882586
nefer_14,2013-02-20,14220.0,2.3,12.38,0.0,0.0,0.0,0.16401348
nefer_14,2013-02-21,12920.0,1.07,11.98,0.05,0.0,0.0,0.16894395
nefer_14,2013-02-22,14110.0,-4.88,4.12,1.06,0.0,0.0,0.17338732
nefer_14,2013-02-23,6990.0,-5.38,-0.98,0.1,0.0,0.0,0.17338732
nefer_14,2013-02-24,7130.0,-3.48,-0.1,0.46,0.0,0.0,0.17338732
nefer_14,2013-02-25,6960.0,-2.62,1.19,2.24,0.0,0.0,0.17338732
nefer_14,2013-02-26,9050.0,-2.84,3.54,0.48,0.0,0.0,0.17338732
nefer_14,2013-02-27,13690.0,-2.09,6.8,0.0,0.0,0.0,0.17364213
nefer_14,2013-02-28,13380.0,-1.6,9.2,0.08,0.0,0.0,0.17537914
nefer_14,2013-03-01,11460.0,0.15,11.1,0.29,0.0,0.0,0.17821844
nefer_14,2013-03-02,15360.0,-0.63,8.27,0.0,0.0,0.0,0.18247558
nefer_14,2013-03-03,15740.0,-0.01,12.98,0.0,0.0,0.0,0.18540364
nefer_14,2013-03-04,15140.0,1.18,15.37,0.03,0.0,0.0,0.19043748
nefer_14,2013-03-05,8380.0,8.67,15.33,0.59,0.0,0.0,0.19694154
nefer_14,2013-03-06,5480.0,6.9,11.05,3.84,0.0,0.0,0.20649096
nefer_14,2013-03-07,15490.0,7.4,20.06,1.13,0.0,0.0,0.21372135
nefer_14,2013-03-08,15290.0,8.41,16.16,4.95,0.0,0.0,0.22491786
nefer_14,2013-03-09,14820.0,7.26,16.61,3.14,0.0,0.0,0.23505758
nefer_14,2013-03-10,14400.0,7.26,16.12,0.24,0.0,0.0,0.24502687
nefer_14,2013-03-11,16680.0,6.61,14.83,2.31,0.0,0.0,0.25490789
nefer_14,2013-03-12,9240.0,2.37,9.85,2.07,0.0,0.0,0.26407602
nefer_14,2013-03-13,5700.0,-1.96,1.3,6.33,0.0,0.0,0.26936267
nefer_14,2013-03-14,10920.0,-2.41,4.25,1.14,0.0,0.0,0.26936267
nefer_14,2013-03-15,19110.0,-3.12,7.51,0.01,0.0,0.0,0.27017718
nefer_14,2013-03-16,15580.0,-1.69,14.33,0.02,0.0,0.0,0.27214263
nefer_14,2013-03-17,5440.0,5.29,9.62,6.89,0.0,0.0,0.27786554
nefer_14,2013-03-18,13790.0,2.98,8.42,1.86,0.0,0.0,0.2846917
nefer_14,2013-03-19,16840.0,3.0,13.05,1.82,0.0,0.0,0.28996871
nefer_14,2013-03-20,14680.0,2.88,11.22,2.02,0.0,0.0,0.29747973
nefer_14,2013-03-21,19730.0,2.61,17.1,0.0,0.0,0.0,0.30414996
nefer_14,2013-03-22,16510.0,4.33,20.69,3.02,0.0,0.0,0.31357457
nefer_14,2013-03-23,11740.0,7.03,15.33,3.71,0.0,0.0,0.32566595
nefer_14,2013-03-24,14790.0,5.83,15.59,0.43,0.0,0.0,0.33658614
nefer_14,2013-03-25,11560.0,7.78,12.84,5.12,0.0,0.0,0.34715689
nefer_14,2013-03-26,12310.0,6.13,12.64,2.83,0.0,0.0,0.3574385
nefer_14,2013-03-27,14750.0,4.15,14.73,1.14,0.0,0.0,0.36689393
nefer_14,2013-03-28,7930.0,6.63,12.6,1.94,0.0,0.0,0.3765017
nefer_14,2013-03-29,17190.0,6.46,16.22,13.2,0.0,0.0,0.38638639
nefer_14,2013-03-30,13520.0,7.75,13.46,11.64,0.0,0.0,0.39816106
nefer_14,2013-03-31,17030.0,5.36,12.5,1.29,0.0,0.0,0.40928167
nefer_14,2013-04-01,6060.0,5.23,9.65,7.36,0.0,0.0,0.41873776
nefer_14,2013-04-02,11830.0,6.2,12.55,2.56,0.0,0.0,0.42669268
nefer_14,2013-04-03,20660.0,5.46,14.1,0.07,0.0,0.0,0.43681305
nefer_14,2013-04-04,6460.0,4.69,12.83,7.21,0.0,0.0,0.44747135
nefer_14,2013-04-05,12530.0,1.41,8.85,1.19,0.0,0.0,0.45710825
nefer_14,2013-04-06,9040.0,1.35,7.49,3.35,0.0,0.0,0.46280459
nefer_14,2013-04-07,15300.0,1.58,11.69,0.06,0.0,0.0,0.46775804
nefer_14,2013-04-08,14940.0,5.23,11.12,4.46,0.0,0.0,0.47526207
nefer_14,2013-04-09,9360.0,5.05,12.24,0.9,0.0,0.0,0.48459185
nefer_14,2013-04-10,20060.0,5.27,19.18,0.07,0.0,0.0,0.4945468
nefer_14,2013-04-11,16880.0,8.38,21.1,5.72,0.0,0.0,0.50874968
nefer_14,2013-04-12,20090.0,7.7,16.8,0.72,0.0,0.0,0.52602553
nefer_14,2013-04-13,24000.0,6.45,21.23,0.06,0.0,0.0,0.5405084
nefer_14,2013-04-14,24950.0,8.48,25.86,0.02,0.0,0.0,0.55701254
nefer_14,2013-04-15,19720.0,9.72,20.58,0.26,0.0,0.0,0.57766289
nefer_14,2013-04-16,21450.0,10.93,21.49,0.0,0.0,0.0,0.59603808
nefer_14,2013-04-17,24130.0,12.98,26.44,0.04,0.0,0.0,0.61586367
nefer_14,2013-04-18,11040.0,10.23,18.01,2.44,0.0,0.0,0.64016977
nefer_14,2013-04-19,7990.0,4.3,12.05,5.02,0.0,0.0,0.65772517
nefer_14,2013-04-20,20450.0,3.89,12.69,0.17,0.0,0.0,0.66797161
nefer_14,2013-04-21,17600.0,3.12,14.34,0.02,0.0,0.0,0.67844554
nefer_14,2013-04-22,20310.0,5.17,14.4,0.0,0.0,0.0,0.68956288
nefer_14,2013-04-23,20860.0,4.49,17.02,0.01,0.0,0.0,0.70212146
nefer_14,2013-04-24,26590.0,6.05,19.21,0.0,0.0,0.0,0.71603199
nefer_14,2013-04-25,18590.0,7.54,21.65,0.45,0.0,0.0,0.7324928
nefer_14,2013-04-26,6170.0,8.51,15.88,3.94,0.0,0.0,0.75165859
nefer_14,2013-04-27,12280.0,2.34,9.24,7.15,0.0,0.0,0.76779249
nefer_14,2013-04-28,10020.0,0.4,11.75,1.23,0.0,0.0,0.77550919
nefer_14,2013-04-29,4800.0,2.67,11.15,11.31,0.0,0.0,0.78366474
nefer_14,2013-04-30,8320.0,5.76,15.24,2.1,0.0,0.0,0.79300801
nefer_14,2013-05-01,21130.0,8.33,16.32,1.25,0.0,0.0,0.80730627
nefer_14,2013-05-02,14730.0,7.3,14.21,5.41,0.0,0.0,0.82420724
nefer_14,2013-05-03,13590.0,8.08,16.32,3.03,0.0,0.0,0.83905717
nefer_14,2013-05-04,23320.0,6.6,17.19,0.4,0.0,0.0,0.85601697
nefer_14,2013-05-05,26640.0,6.05,20.05,0.0,0.0,0.0,0.87266372
nefer_14,2013-05-06,28330.0,8.65,21.93,0.0,0.0,0.0,0.89104756
nefer_14,2013-05-07,16950.0,12.27,20.76,0.68,0.0,0.0,0.9127271
nefer_14,2013-05-08,16880.0,13.34,22.63,3.1,0.0,0.0,0.93629352
nefer_14,2013-05-09,10210.0,11.05,19.85,10.15,0.0,0.0,0.96211928
nefer_14,2013-05-10,18270.0,7.69,16.3,0.39,0.0,0.0,0.98444232
nefer_14,2013-05-11,19000.0,6.98,16.2,0.01,0.0,0.0,1.0
nefer_14,2013-05-12,14750.0,7.35,15.78,0.11,0.0,0.0,1.00965532
nefer_14,2013-05-13,21390.0,7.55,18.08,0.01,0.0,0.0,1.01928981
nefer_14,2013-05-14,23340.0,7.66,21.12,3.8,0.0,0.0,1.02996564
nefer_14,2013-05-15,5710.0,7.0,12.97,10.74,0.0,0.0,1.04195357
nefer_14,2013-05-16,17250.0,5.58,13.38,1.06,0.0,0.0,1.05027181
nefer_14,2013-05-17,26430.0,5.35,16.56,4.04,0.0,0.0,1.05816934
nefer_14,2013-05-18,18150.0,7.85,15.06,9.67,0.0,0.0,1.06729566
nefer_14,2013-05-19,18620.0,6.64,14.3,3.28,0.0,0.0,1.07683851
nefer_14,2013-05-20,21800.0,5.83,15.66,0.62,0.0,0.0,1.08556079
nefer_14,2013-05-21,10350.0,5.67,14.14,3.54,0.0,0.0,1.09451216
nefer_14,2013-05-22,11390.0,10.55,16.68,7.53,0.0,0.0,1.10276375
nefer_14,2013-05-23,12760.0,7.9,14.58,2.23,0.0,0.0,1.11410604
nefer_14,2013-05-24,18960.0,6.31,13.27,4.41,0.0,0.0,1.12346979
nefer_14,2013-05-25,20210.0,4.3,13.37,3.26,0.0,0.0,1.13162557
nefer_14,2013-05-26,29870.0,3.44,16.89,0.0,0.0,0.0,1.13898578
nefer_14,2013-05-27,24810.0,7.48,17.49,0.57,0.0,0.0,1.14745396
nefer_14,2013-05-28,12030.0,7.97,13.05,8.33,0.0,0.0,1.15785488
nefer_14,2013-05-29,17790.0,7.51,10.94,7.14,0.0,0.0,1.16661048
nefer_14,2013-05-30,9390.0,7.66,12.55,20.5,0.0,0.0,1.17429558
nefer_14,2013-05-31,14750.0,10.8,16.67,25.13,0.0,0.0,1.18271379
nefer_14,2013-06-01,15320.0,10.83,18.1,1.49,0.0,0.0,1.19415605
nefer_14,2013-06-02,14690.0,10.23,18.54,1.19,0.0,0.0,1.20620646
nefer_14,2013-06-03,27720.0,8.59,19.67,0.15,0.0,0.0,1.21819021
nefer_14,2013-06-04,23580.0,7.23,19.83,0.0,0.0,0.0,1.22996154
nefer_14,2013-06-05,29050.0,10.53,23.96,0.02,0.0,0.0,1.24123302
nefer_14,2013-06-06,29090.0,12.24,24.59,1.09,0.0,0.0,1.25559937
nefer_14,2013-06-07,24720.0,13.96,24.37,0.35,0.0,0.0,1.27094041
nefer_14,2013-06-08,10080.0,11.83,17.57,16.43,0.0,0.0,1.28690626
nefer_14,2013-06-09,11920.0,11.23,16.98,16.6,0.0,0.0,1.29915244
nefer_14,2013-06-10,15850.0,11.99,19.38,2.73,0.0,0.0,1.31090294
nefer_14,2013-06-11,23550.0,13.28,23.31,0.06,0.0,0.0,1.32396969
nefer_14,2013-06-12,29440.0,14.44,26.92,0.0,0.0,0.0,1.33921076
nefer_14,2013-06-13,8850.0,13.65,23.13,1.93,0.0,0.0,1.35643872
nefer_14,2013-06-14,27780.0,12.46,26.36,0.39,0.0,0.0,1.37175894
nefer_14,2013-06-15,20460.0,14.58,23.07,0.06,0.0,0.0,1.38792889
nefer_14,2013-06-16,29650.0,13.75,31.44,0.01,0.0,0.0,1.40361149
nefer_14,2013-06-17,18130.0,16.33,28.55,3.12,0.0,0.0,1.42243478
nefer_14,2013-06-18,10400.0,16.61,22.89,28.7,0.0,0.0,1.44112895
nefer_14,2013-06-19,11110.0,13.4,18.9,7.78,0.0,0.0,1.45758214
nefer_14,2013-06-20,19220.0,11.5,18.72,3.72,0.0,0.0,1.47103627
nefer_14,2013-06-21,13540.0,9.87,17.94,3.44,0.0,0.0,1.48362401
nefer_14,2013-06-22,25140.0,10.68,21.3,0.21,0.0,0.0,1.4952079
nefer_14,2013-06-23,15510.0,10.23,18.15,0.76,0.0,0.0,1.50852874
nefer_14,2013-06-24,17840.0,9.15,16.3,0.02,0.0,0.0,1.52035005
nefer_14,2013-06-25,22670.0,8.24,19.66,0.01,0.0,0.0,1.5309509
nefer_14,2013-06-26,30350.0,7.78,21.32,0.0,0.0,0.0,1.54257227
nefer_14,2013-06-27,25010.0,9.43,20.56,0.04,0.0,0.0,1.55469349
nefer_14,2013-06-28,14690.0,12.28,21.32,0.04,0.0,0.0,1.56718542
nefer_14,2013-06-29,14010.0,12.91,22.33,0.12,0.0,0.0,1.58118105
nefer_14,2013-06-30,25890.0,13.88,23.69,0.11,0.0,0.0,1.5958598
nefer_14,2013-07-01,28050.0,15.41,26.4,0.72,0.0,0.0,1.61150909
nefer_14,2013-07-02,25120.0,16.6,26.15,0.79,0.0,0.0,1.62892448
nefer_14,2013-07-03,9980.0,15.74,22.77,4.41,0.0,0.0,1.64673142
nefer_14,2013-07-04,24590.0,14.8,23.48,0.28,0.0,0.0,1.66277225
nefer_14,2013-07-05,30250.0,15.55,27.26,0.09,0.0,0.0,1.67871727
nefer_14,2013-07-06,30170.0,16.86,28.87,0.0,0.0,0.0,1.6965492
nefer_14,2013-07-07,29420.0,16.74,29.03,0.0,0.0,0.0,1.71559742
nefer_14,2013-07-08,28070.0,19.01,29.96,0.0,0.0,0.0,1.7346623
nefer_14,2013-07-09,27690.0,20.01,31.22,0.09,0.0,0.0,1.7550601
nefer_14,2013-07-10,21130.0,20.06,29.13,0.69,0.0,0.0,1.77639927
nefer_14,2013-07-11,24230.0,19.17,28.7,0.4,0.0,0.0,1.79688871
nefer_14,2013-07-12,26650.0,19.52,30.68,0.0,0.0,0.0,1.81682832
nefer_14,2013-07-13,20900.0,21.13,30.55,1.34,0.0,0.0,1.83773846
nefer_14,2013-07-14,17170.0,18.4,26.94,3.53,0.0,0.0,1.85926507
nefer_14,2013-07-15,26580.0,17.05,29.53,1.0,0.0,0.0,1.87815084
nefer_14,2013-07-16,21570.0,17.66,27.01,2.41,0.0,0.0,1.89755312
nefer_14,2013-07-17,21580.0,17.85,27.65,0.43,0.0,0.0,1.91615981
nefer_14,2013-07-18,20720.0,17.61,28.24,0.57,0.0,0.0,1.93511222
nefer_14,2013-07-19,25660.0,18.51,29.24,0.05,0.0,0.0,1.95421043
nefer_14,2013-07-20,25930.0,20.01,30.38,0.05,0.0,0.0,1.97410005
nefer_14,2013-07-21,25540.0,19.6,32.63,0.16,0.0,0.0,1.99508933
nefer_14,2013-07-22,27520.0,19.69,32.49,0.0,0.0,0.0,2.0
nefer_14,2013-07-23,19060.0,21.06,30.83,2.42,0.0,0.0,2.0
nefer_14,2013-07-24,21710.0,20.66,29.44,3.2,0.0,0.0,2.0
nefer_14,2013-07-25,27360.0,20.37,36.73,0.01,0.0,0.0,2.0
nefer_14,2013-07-26,23320.0,20.41,36.29,0.18,0.0,0.0,2.0
nefer_14,2013-07-27,23970.0,19.75,35.07,3.23,0.0,0.0,2.0
nefer_14,2013-07-28,18050.0,19.35,28.8,1.54,0.0,0.0,2.0
nefer_14,2013-07-29,24330.0,16.57,24.48,6.38,0.0,0.0,2.0
nefer_14,2013-07-30,27930.0,15.55,29.05,0.01,0.0,0.0,2.0
nefer_14,2013-07-31,28090.0,16.93,34.0,0.0,0.0,0.0,2.0
nefer_14,2013-08-01,25980.0,18.55,37.51,0.0,0.0,0.0,2.0
nefer_14,2013-08-02,25480.0,18.23,37.89,0.01,0.0,0.0,2.0
nefer_14,2013-08-03,22150.0,18.93,29.33,0.03,0.0,0.0,2.0
nefer_14,2013-08-04,26060.0,16.44,31.28,0.04,0.0,0.0,2.0
nefer_14,2013-08-05,20590.0,19.39,32.99,0.07,0.0,0.0,2.0
nefer_14,2013-08-06,15890.0,18.55,29.57,5.02,0.0,0.0,2.0
nefer_14,2013-08-07,13310.0,16.31,24.97,8.06,0.0,0.0,2.0
nefer_14,2013-08-08,20830.0,14.69,23.82,3.98,0.0,0.0,2.0
nefer_14,2013-08-09,20850.0,15.06,27.15,0.02,0.0,0.0,2.0
nefer_14,2013-08-10,24480.0,15.3,28.08,0.01,0.0,0.0,2.0
nefer_14,2013-08-11,26830.0,14.52,30.65,0.0,0.0,0.0,2.0
nefer_14,2013-08-12,24890.0,17.09,33.03,0.31,0.0,0.0,2.0
nefer_14,2013-08-13,19500.0,17.19,29.15,0.54,0.0,0.0,2.0
nefer_14,2013-08-14,25590.0,13.71,28.94,0.0,0.0,0.0,2.0
nefer_14,2013-08-15,24350.0,15.33,31.04,0.01,0.0,0.0,2.0
nefer_14,2013-08-16,23790.0,19.39,32.73,3.14,0.0,0.0,2.0
nefer_14,2013-08-17,23000.0,17.31,28.8,2.24,0.0,0.0,2.0
nefer_14,2013-08-18,25010.0,18.13,32.18,0.01,0.0,0.0,2.0
nefer_14,2013-08-19,8740.0,15.32,27.04,1.01,0.0,0.0,2.0
nefer_14,2013-08-20,24350.0,12.9,28.64,0.0,0.0,0.0,2.0
nefer_14,2013-08-21,24050.0,14.6,32.08,0.02,0.0,0.0,2.0
nefer_14,2013-08-22,22540.0,16.38,33.54,0.0,0.0,0.0,2.0
nefer_14,2013-08-23,13040.0,18.4,29.74,0.14,0.0,0.0,2.0
nefer_14,2013-08-24,9770.0,16.97,26.61,1.0,0.0,0.0,2.0
nefer_14,2013-08-25,9770.0,16.97,26.61,1.0,0.0,0.0,2.0
nefer_14,2013-08-26,9770.0,16.97,26.61,1.0,0.0,0.0,2.0
nefer_14,2013-08-27,9770.0,16.97,26.61,1.0,0.0,0.0,2.0
nefer_14,2013-08-28,9770.0,16.97,26.61,1.0,0.0,0.0,2.0
nefer_14,2013-08-29,9770.0,16.97,26.61,1.0,0.0,0.0,2.0
nefer_14,2013-08-30,9770.0,16.97,26.61,1.0,0.0,0.0,2.0
nefer_14,2013-08-31,9770.0,16.97,26.61,1.0,0.0,0.0,2.0
nefer_14,2013-09-01,9770.0,16.97,26.61,1.0,0.0,0.0,2.0
nefer_14,2013-09-02,9770.0,16.97,26.61,1.0,0.0,0.0,2.0
nefer_14,2013-09-03,9770.0,16.97,26.61,1.0,0.0,0.0,2.0
nefer_14,2013-09-04,9770.0,16.97,26.61,1.0,0.0,0.0,2.0
nefer_14,2013-09-05,9770.0,16.97,26.61,1.0,0.0,0.0,2.0
nefer_14,2013-09-06,9770.0,16.97,26.61,1.0,0.0,0.0,2.0
nefer_14,2013-09-07,9770.0,16.97,26.61,1.0,0.0,0.0,2.0
nefer_14,2013-09-08,9770.0,16.97,26.61,1.0,0.0,0.0,2.0
nefer_14,2013-09-09,9770.0,16.97,26.61,1.0,0.0,0.0,2.0
nefer_14,2013-09-10,9770.0,16.97,26.61,1.0,0.0,0.0,2.0
nefer_14,2013-09-11,9770.0,16.97,26.61,1.0,0.0,0.0,2.0
nefer_14,2013-09-12,9770.0,16.97,26.61,1.0,0.0,0.0,2.0
nefer_14,2013-09-13,9770.0,16.97,26.61,1.0,0.0,0.0,2.0
nefer_14,2013-09-14,9770.0,16.97,26.61,1.0,0.0,0.0,2.0
nefer_14,2013-09-15,9770.0,16.97,26.61,1.0,0.0,0.0,2.0
nefer_14,2013-09-16,9770.0,16.97,26.61,1.0,0.0,0.0,2.0
nefer_14,2013-09-17,9770.0,16.97,26.61,1.0,0.0,0.0,2.0
nefer_14,2013-09-18,9770.0,16.97,26.61,1.0,0.0,0.0,2.0
nefer_14,2013-09-19,9770.0,16.97,26.61,1.0,0.0,0.0,2.0
nefer_14,2013-09-20,9770.0,16.97,26.61,1.0,0.0,0.0,2.0
nefer_14,2013-09-21,9770.0,16.97,26.61,1.0,0.0,0.0,2.0
nefer_14,2013-09-22,9770.0,16.97,26.61,1.0,0.0,0.0,2.0
nefer_14,2013-09-23,9770.0,16.97,26.61,1.0,0.0,0.0,2.0
nefer_14,2013-09-24,9770.0,16.97,26.61,1.0,0.0,0.0,2.0
nefer_14,2013-09-25,9770.0,16.97,26.61,1.0,0.0,0.0,2.0
nefer_14,2013-09-26,9770.0,16.97,26.61,1.0,0.0,0.0,2.0
nefer_14,2013-09-27,9770.0,16.97,26.61,1.0,0.0,0.0,2.0
nefer_14,2013-09-28,9770.0,16.97,26.61,1.0,0.0,0.0,2.0
nefer_14,2013-09-29,9770.0,16.97,26.61,1.0,0.0,0.0,2.0
nefer_14,2013-09-30,9770.0,16.97,26.61,1.0,0.0,0.0,2.0
nefer_14,2013-10-01,9770.0,16.97,26.61,1.0,0.0,0.0,2.0
nefer_14,2013-10-02,9770.0,16.97,26.61,1.0,0.0,0.0,2.0
nefer_14,2013-10-03,9770.0,16.97,26.61,1.0,0.0,0.0,2.0
nefer_14,2013-10-04,9770.0,16.97,26.61,1.0,0.0,0.0,2.0
nefer_14,2013-10-05,9770.0,16.97,26.61,1.0,0.0,0.0,2.0
nefer_14,2013-10-06,9770.0,16.97,26.61,1.0,0.0,0.0,2.0
nefer_14,2013-10-07,9770.0,16.97,26.61,1.0,0.0,0.0,2.0
nefer_14,2013-10-08,9770.0,16.97,26.61,1.0,0.0,0.0,2.0
nefer_14,2013-10-09,9770.0,16.97,26.61,1.0,0.0,0.0,2.0
nefer_14,2013-10-10,9770.0,16.97,26.61,1.0,0.0,0.0,2.0
nefer_14,2013-10-11,9770.0,16.97,26.61,1.0,0.0,0.0,2.0
nefer_14,2013-10-12,9770.0,16.97,26.61,1.0,0.0,0.0,2.0
nefer_14,2013-10-13,9770.0,16.97,26.61,1.0,0.0,0.0,2.0
nefer_14,2013-10-14,9770.0,16.97,26.61,1.0,0.0,0.0,2.0
nefer_14,2013-10-15,9770.0,16.97,26.61,1.0,0.0,0.0,2.0
nefer_14,2013-10-16,9770.0,16.97,26.61,1.0,0.0,0.0,2.0
nefer_14,2013-10-17,9770.0,16.97,26.61,1.0,0.0,0.0,2.0
nefer_14,2013-10-18,9770.0,16.97,26.61,1.0,0.0,0.0,2.0
nefer_14,2013-10-19,9770.0,16.97,26.61,1.0,0.0,0.0,2.0
nefer_14,2013-10-20,9770.0,16.97,26.61,1.0,0.0,0.0,2.0
nefer_14,2013-10-21,9770.0,16.97,26.61,1.0,0.0,0.0,2.0
nefer_14,2013-10-22,9770.0,16.97,26.61,1.0,0.0,0.0,2.0
nefer_14,2013-10-23,9770.0,16.97,26.61,1.0,0.0,0.0,2.0
nefer_14,2013-10-24,9770.0,16.97,26.61,1.0,0.0,0.0,2.0
nefer_14,2013-10-25,9770.0,16.97,26.61,1.0,0.0,0.0,2.0
nefer_14,2013-10-26,9770.0,16.97,26.61,1.0,0.0,0.0,2.0
nefer_14,2013-10-27,9770.0,16.97,26.61,1.0,0.0,0.0,2.0
nefer_14,2013-10-28,9770.0,16.97,26.61,1.0,0.0,0.0,2.0
nefer_14,2013-10-29,9770.0,16.97,26.61,1.0,0.0,0.0,2.0
nefer_14,2013-10-30,9770.0,16.97,26.61,1.0,0.0,0.0,2.0
nefer_14,2013-10-31,9770.0,16.97,26.61,1.0,0.0,0.0,2.0
nefer_14,2013-11-01,9770.0,16.97,26.61,1.0,0.0,0.0,2.0
nefer_14,2013-11-02,9770.0,16.97,26.61,1.0,0.0,0.0,2.0
nefer_14,2013-11-03,9770.0,16.97,26.61,1.0,0.0,0.0,2.0
nefer_14,2013-11-04,9770.0,16.97,26.61,1.0,0.0,0.0,2.0
nefer_14,2013-11-05,9770.0,16.97,26.61,1.0,0.0,0.0,2.0
nefer_14,2013-11-06,9770.0,16.97,26.61,1.0,0.0,0.0,2.0
nefer_14,2013-11-07,9770.0,16.97,26.61,1.0,0.0,0.0,2.0
nefer_14,2013-11-08,9770.0,16.97,26.61,1.0,0.0,0.0,2.0
nefer_14,2013-11-09,9770.0,16.97,26.61,1.0,0.0,0.0,2.0
nefer_14,2013-11-10,9770.0,16.97,26.61,1.0,0.0,0.0,2.0
nefer_14,2013-11-11,9770.0,16.97,26.61,1.0,0.0,0.0,2.0
nefer_14,2013-11-12,9770.0,16.97,26.61,1.0,0.0,0.0,2.0
nefer_14,2013-11-13,9770.0,16.97,26.61,1.0,0.0,0.0,2.0
nefer_14,2013-11-14,9770.0,16.97,26.61,1.0,0.0,0.0,2.0
nefer_14,2013-11-15,9770.0,16.97,26.61,1.0,0.0,0.0,2.0
nefer_14,2013-11-16,9770.0,16.97,26.61,1.0,0.0,0.0,2.0
nefer_14,2013-11-17,9770.0,16.97,26.61,1.0,0.0,0.0,2.0
nefer_14,2013-11-18,9770.0,16.97,26.61,1.0,0.0,0.0,2.0
nefer_14,2013-11-19,9770.0,16.97,26.61,1.0,0.0,0.0,2.0
nefer_15,2012-11-20,7430.0,5.45,16.63,0.01,0.0,0.0,-0.1
nefer_15,2012-11-21,1760.0,6.98,12.27,1.57,0.0,0.0,0.0
nefer_15,2012-11-22,6470.0,5.55,13.42,0.04,0.0,0.0,0.0
nefer_15,2012-11-23,6960.0,6.04,14.95,0.03,0.0,0.0,0.0
nefer_15,2012-11-24,5660.0,6.53,19.24,0.07,0.0,0.0,0.0
nefer_15,2012-11-25,4090.0,8.87,14.36,1.02,0.0,0.0,0.0
nefer_15,2012-11-26,2180.0,5.44,10.8,13.46,0.0,0.0,0.0
nefer_15,2012-11-27,4990.0,4.99,9.3,5.8,0.0,0.0,0.0
nefer_15,2012-11-28,2000.0,3.81,5.82,4.62,0.0,0.0,0.0
nefer_15,2012-11-29,2690.0,0.18,5.74,1.76,0.0,0.0,0.0
nefer_15,2012-11-30,7680.0,-2.72,5.37,0.23,0.0,0.0,0.0
nefer_15,2012-12-01,6710.0,-3.35,3.51,0.01,0.0,0.0,4.22e-06
nefer_15,2012-12-02,3820.0,-2.97,7.33,3.76,0.0,0.0,5.16e-06
nefer_15,2012-12-03,3870.0,6.2,13.14,4.8,0.0,0.0,4.449e-05
nefer_15,2012-12-04,5210.0,5.72,8.6,14.96,0.0,0.0,0.00031094
nefer_15,2012-12-05,4470.0,4.74,8.03,15.33,0.0,0.0,0.00058416
nefer_15,2012-12-06,8070.0,-1.18,7.78,0.35,0.0,0.0,0.00089429
nefer_15,2012-12-07,2700.0,-0.5,11.14,8.47,0.0,0.0,0.00108837
nefer_15,2012-12-08,4950.0,-0.08,5.11,2.53,0.0,0.0,0.00145492
nefer_15,2012-12-09,8120.0,-1.69,6.83,0.0,0.0,0.0,0.00165323
nefer_15,2012-12-10,5360.0,-2.43,7.13,0.32,0.0,0.0,0.00187931
nefer_15,2012-12-11,6230.0,-3.17,5.28,0.12,0.0,0.0,0.00210745
nefer_15,2012-12-12,7230.0,-3.95,6.98,0.0,0.0,0.0,0.00221908
nefer_15,2012-12-13,3730.0,1.16,9.07,1.48,0.0,0.0,0.00238966
nefer_15,2012-12-14,2450.0,5.97,10.15,8.01,0.0,0.0,0.0030037
nefer_15,2012-12-15,6360.0,6.88,15.57,0.28,0.0,0.0,0.00404871
nefer_15,2012-12-16,6880.0,8.05,15.2,4.07,0.0,0.0,0.00561195
nefer_15,2012-12-17,4170.0,7.14,10.81,2.45,0.0,0.0,0.00732245
nefer_15,2012-12-18,6430.0,4.98,12.18,0.77,0.0,0.0,0.00870904
nefer_15,2012-12-19,3320.0,6.2,13.92,0.04,0.0,0.0,0.01011833
nefer_15,2012-12-20,2800.0,6.31,13.71,1.5,0.0,0.0,0.01186974
nefer_15,2012-12-21,2770.0,6.56,13.05,4.2,0.0,0.0,0.01371117
nefer_15,2012-12-22,4370.0,6.66,15.54,0.11,0.0,0.0,0.01561356
nefer_15,2012-12-23,7720.0,8.45,20.2,0.04,0.0,0.0,0.01788071
nefer_15,2012-12-24,5360.0,7.22,16.28,0.0,0.0,0.0,0.02093284
nefer_15,2012-12-25,3520.0,5.74,11.29,0.27,0.0,0.0,0.02348757
nefer_15,2012-12-26,6090.0,4.36,11.37,1.19,0.0,0.0,0.02540913
nefer_15,2012-12-27,3340.0,3.98,13.12,0.82,0.0,0.0,0.02727038
nefer_15,2012-12-28,5460.0,7.08,14.87,1.36,0.0,0.0,0.0293897
nefer_15,2012-12-29,7810.0,4.42,14.55,0.68,0.0,0.0,0.03223618
nefer_15,2012-12-30,5200.0,5.21,9.55,0.73,0.0,0.0,0.03479422
nefer_15,2012-12-31,6440.0,3.18,12.15,0.0,0.0,0.0,0.03687354
nefer_15,2013-01-01,4170.0,5.18,11.01,11.62,0.0,0.0,0.039128
nefer_15,2013-01-02,5260.0,1.14,7.36,1.44,0.0,0.0,0.04159332
nefer_15,2013-01-03,6810.0,0.8,9.3,0.01,0.0,0.0,0.042942
nefer_15,2013-01-04,3780.0,4.84,12.27,0.03,0.0,0.0,0.04461093
nefer_15,2013-01-05,3250.0,4.88,9.73,0.11,0.0,0.0,0.04755388
nefer_15,2013-01-06,3410.0,1.45,8.73,0.03,0.0,0.0,0.05015178
nefer_15,2013-01-07,3440.0,0.92,7.55,0.02,0.0,0.0,0.05197936
nefer_15,2013-01-08,3170.0,0.73,5.99,0.07,0.0,0.0,0.05351532
nefer_15,2013-01-09,2920.0,0.38,5.64,0.1,0.0,0.0,0.05474679
nefer_15,2013-01-10,2940.0,2.97,11.86,3.12,0.0,0.0,0.0558621
nefer_15,2013-01-11,8130.0,2.37,9.76,0.55,0.0,0.0,0.0586409
nefer_15,2013-01-12,5470.0,1.32,8.36,2.0,0.0,0.0,0.06094055
nefer_15,2013-01-13,2880.0,0.83,4.15,18.19,0.0,0.0,0.06279799
nefer_15,2013-01-14,3930.0,-1.33,3.31,2.75,0.0,0.0,0.06376549
nefer_15,2013-01-15,6220.0,1.48,5.42,14.54,0.0,0.0,0.06415508
nefer_15,2013-01-16,1820.0,-1.35,6.76,26.99,0.0,0.0,0.06553048
nefer_15,2013-01-17,7920.0,-5.24,2.09,0.05,0.0,0.0,0.06662326
nefer_15,2013-01-18,2810.0,-2.36,6.43,7.71,0.0,0.0,0.06662326
nefer_15,2013-01-19,2760.0,4.54,8.17,20.7,0.0,0.0,0.06746806
nefer_15,2013-01-20,4720.0,0.71,4.97,20.04,0.0,0.0,0.07014323
nefer_15,2013-01-21,6570.0,2.11,5.62,5.54,0.0,0.0,0.07135572
nefer_15,2013-01-22,6130.0,-1.02,8.12,5.21,0.0,0.0,0.07302954
nefer_15,2013-01-23,4920.0,-0.52,5.65,2.15,0.0,0.0,0.07458926
nefer_15,2013-01-24,4920.0,-0.02,4.94,6.23,0.0,0.0,0.07573271
nefer_15,2013-01-25,8700.0,-0.95,5.48,0.22,0.0,0.0,0.07684555
nefer_15,2013-01-26,3320.0,0.22,6.94,11.91,0.0,0.0,0.0778854
nefer_15,2013-01-27,2600.0,2.01,10.12,16.62,0.0,0.0,0.07955349
nefer_15,2013-01-28,7020.0,4.01,10.73,1.28,0.0,0.0,0.08242187
nefer_15,2013-01-29,7390.0,3.33,13.34,0.0,0.0,0.0,0.0859599
nefer_15,2013-01-30,9430.0,7.08,17.68,0.01,0.0,0.0,0.09002158
nefer_15,2013-01-31,7580.0,8.63,16.0,0.1,0.0,0.0,0.09614559
nefer_15,2013-02-01,6540.0,9.56,15.57,3.24,0.0,0.0,0.10232964
nefer_15,2013-02-02,4870.0,1.17,9.92,9.64,0.0,0.0,0.10873471
nefer_15,2013-02-03,7690.0,-0.56,5.01,0.21,0.0,0.0,0.11160407
nefer_15,2013-02-04,3980.0,1.42,10.91,2.07,0.0,0.0,0.11277283
nefer_15,2013-02-05,6200.0,4.67,10.89,12.41,0.0,0.0,0.11606007
nefer_15,2013-02-06,6100.0,2.24,6.51,12.87,0.0,0.0,0.12027089
nefer_15,2013-02-07,7100.0,-1.42,4.51,1.22,0.0,0.0,0.12267433
nefer_15,2013-02-08,5220.0,-1.45,3.71,3.19,0.0,0.0,0.12353579
nefer_15,2013-02-09,8140.0,-2.15,4.4,3.0,0.0,0.0,0.12417524
nefer_15,2013-02-10,7170.0,3.3,11.99,10.11,0.0,0.0,0.12482131
nefer_15,2013-02-11,7090.0,2.15,4.32,15.99,0.0,0.0,0.12927659
nefer_15,2013-02-12,8560.0,2.03,7.05,5.78,0.0,0.0,0.13118956
nefer_15,2013-02-13,6130.0,1.58,7.08,0.81,0.0,0.0,0.13391349
nefer_15,2013-02-14,5920.0,2.89,11.12,4.6,0.0,0.0,0.1365492
nefer_15,2013-02-15,10670.0,3.98,10.08,1.76,0.0,0.0,0.14087485
nefer_15,2013-02-16,13720.0,2.48,11.02,0.0,0.0,0.0,0.14527829
nefer_15,2013-02-17,13570.0,2.01,11.56,0.0,0.0,0.0,0.14956669
nefer_15,2013-02-18,10310.0,2.95,12.01,0.04,0.0,0.0,0.15393844
nefer_15,2013-02-19,13840.0,1.75,13.91,0.06,0.0,0.0,0.15882586
nefer_15,2013-02-20,14220.0,2.3,12.38,0.0,0.0,0.0,0.16401348
nefer_15,2013-02-21,12920.0,1.07,11.98,0.05,0.0,0.0,0.16894395
nefer_15,2013-02-22,14110.0,-4.88,4.12,1.06,0.0,0.0,0.17338732
nefer_15,2013-02-23,6990.0,-5.38,-0.98,0.1,0.0,0.0,0.17338732
nefer_15,2013-02-24,7130.0,-3.48,-0.1,0.46,0.0,0.0,0.17338732
nefer_15,2013-02-25,6960.0,-2.62,1.19,2.24,0.0,0.0,0.17338732
nefer_15,2013-02-26,9050.0,-2.84,3.54,0.48,0.0,0.0,0.17338732
nefer_15,2013-02-27,13690.0,-2.09,6.8,0.0,0.0,0.0,0.17364213
nefer_15,2013-02-28,13380.0,-1.6,9.2,0.08,0.0,0.0,0.17537914
nefer_15,2013-03-01,11460.0,0.15,11.1,0.29,0.0,0.0,0.17821844
nefer_15,2013-03-02,15360.0,-0.63,8.27,0.0,0.0,0.0,0.18247558
nefer_15,2013-03-03,15740.0,-0.01,12.98,0.0,0.0,0.0,0.18540364
nefer_15,2013-03-04,15140.0,1.18,15.37,0.03,0.0,0.0,0.19043748
nefer_15,2013-03-05,8380.0,8.67,15.33,0.59,0.0,0.0,0.19694154
nefer_15,2013-03-06,5480.0,6.9,11.05,3.84,0.0,0.0,0.20649096
nefer_15,2013-03-07,15490.0,7.4,20.06,1.13,0.0,0.0,0.21372135
nefer_15,2013-03-08,15290.0,8.41,16.16,4.95,0.0,0.0,0.22491786
nefer_15,2013-03-09,14820.0,7.26,16.61,3.14,0.0,0.0,0.23505758
nefer_15,2013-03-10,14400.0,7.26,16.12,0.24,0.0,0.0,0.24502687
nefer_15,2013-03-11,16680.0,6.61,14.83,2.31,0.0,0.0,0.25490789
nefer_15,2013-03-12,9240.0,2.37,9.85,2.07,0.0,0.0,0.26407602
nefer_15,2013-03-13,5700.0,-1.96,1.3,6.33,0.0,0.0,0.26936267
nefer_15,2013-03-14,10920.0,-2.41,4.25,1.14,0.0,0.0,0.26936267
nefer_15,2013-03-15,19110.0,-3.12,7.51,0.01,0.0,0.0,0.27017718
nefer_15,2013-03-16,15580.0,-1.69,14.33,0.02,0.0,0.0,0.27214263
nefer_15,2013-03-17,5440.0,5.29,9.62,6.89,0.0,0.0,0.27786554
nefer_15,2013-03-18,13790.0,2.98,8.42,1.86,0.0,0.0,0.2846917
nefer_15,2013-03-19,16840.0,3.0,13.05,1.82,0.0,0.0,0.28996871
nefer_15,2013-03-20,14680.0,2.88,11.22,2.02,0.0,0.0,0.29747973
nefer_15,2013-03-21,19730.0,2.61,17.1,0.0,0.0,0.0,0.30414996
nefer_15,2013-03-22,16510.0,4.33,20.69,3.02,0.0,0.0,0.31357457
nefer_15,2013-03-23,11740.0,7.03,15.33,3.71,0.0,0.0,0.32566595
nefer_15,2013-03-24,14790.0,5.83,15.59,0.43,0.0,0.0,0.33658614
nefer_15,2013-03-25,11560.0,7.78,12.84,5.12,0.0,80.0,0.34715689
nefer_15,2013-03-26,12310.0,6.13,12.64,2.83,0.0,0.0,0.3574385
nefer_15,2013-03-27,14750.0,4.15,14.73,1.14,0.0,0.0,0.36689393
nefer_15,2013-03-28,7930.0,6.63,12.6,1.94,0.0,0.0,0.3765017
nefer_15,2013-03-29,17190.0,6.46,16.22,13.2,0.0,0.0,0.38638639
nefer_15,2013-03-30,13520.0,7.75,13.46,11.64,0.0,0.0,0.39816106
nefer_15,2013-03-31,17030.0,5.36,12.5,1.29,0.0,0.0,0.40928167
nefer_15,2013-04-01,6060.0,5.23,9.65,7.36,0.0,0.0,0.41873776
nefer_15,2013-04-02,11830.0,6.2,12.55,2.56,0.0,0.0,0.42669268
nefer_15,2013-04-03,20660.0,5.46,14.1,0.07,0.0,0.0,0.43681305
nefer_15,2013-04-04,6460.0,4.69,12.83,7.21,0.0,0.0,0.44747135
nefer_15,2013-04-05,12530.0,1.41,8.85,1.19,0.0,0.0,0.45710825
nefer_15,2013-04-06,9040.0,1.35,7.49,3.35,0.0,0.0,0.46280459
nefer_15,2013-04-07,15300.0,1.58,11.69,0.06,0.0,0.0,0.46775804
nefer_15,2013-04-08,14940.0,5.23,11.12,4.46,0.0,0.0,0.47526207
nefer_15,2013-04-09,9360.0,5.05,12.24,0.9,0.0,0.0,0.48459185
nefer_15,2013-04-10,20060.0,5.27,19.18,0.07,0.0,0.0,0.4945468
nefer_15,2013-04-11,16880.0,8.38,21.1,5.72,0.0,0.0,0.50874968
nefer_15,2013-04-12,20090.0,7.7,16.8,0.72,0.0,0.0,0.52602553
nefer_15,2013-04-13,24000.0,6.45,21.23,0.06,0.0,0.0,0.5405084
nefer_15,2013-04-14,24950.0,8.48,25.86,0.02,0.0,0.0,0.55701254
nefer_15,2013-04-15,19720.0,9.72,20.58,0.26,0.0,0.0,0.57766289
nefer_15,2013-04-16,21450.0,10.93,21.49,0.0,0.0,0.0,0.59603808
nefer_15,2013-04-17,24130.0,12.98,26.44,0.04,0.0,0.0,0.61586367
nefer_15,2013-04-18,11040.0,10.23,18.01,2.44,0.0,0.0,0.64016977
nefer_15,2013-04-19,7990.0,4.3,12.05,5.02,0.0,0.0,0.65772517
nefer_15,2013-04-20,20450.0,3.89,12.69,0.17,0.0,0.0,0.66797161
nefer_15,2013-04-21,17600.0,3.12,14.34,0.02,0.0,0.0,0.67844554
nefer_15,2013-04-22,20310.0,5.17,14.4,0.0,0.0,0.0,0.68956288
nefer_15,2013-04-23,20860.0,4.49,17.02,0.01,0.0,0.0,0.70212146
nefer_15,2013-04-24,26590.0,6.05,19.21,0.0,0.0,0.0,0.71603199
nefer_15,2013-04-25,18590.0,7.54,21.65,0.45,0.0,0.0,0.7324928
nefer_15,2013-04-26,6170.0,8.51,15.88,3.94,0.0,0.0,0.75165859
nefer_15,2013-04-27,12280.0,2.34,9.24,7.15,0.0,0.0,0.76779249
nefer_15,2013-04-28,10020.0,0.4,11.75,1.23,0.0,0.0,0.77550919
nefer_15,2013-04-29,4800.0,2.67,11.15,11.31,0.0,0.0,0.78366474
nefer_15,2013-04-30,8320.0,5.76,15.24,2.1,0.0,0.0,0.79300801
nefer_15,2013-05-01,21130.0,8.33,16.32,1.25,0.0,0.0,0.80730627
nefer_15,2013-05-02,14730.0,7.3,14.21,5.41,0.0,0.0,0.82420724
nefer_15,2013-05-03,13590.0,8.08,16.32,3.03,0.0,0.0,0.83905717
nefer_15,2013-05-04,23320.0,6.6,17.19,0.4,0.0,0.0,0.85601697
nefer_15,2013-05-05,26640.0,6.05,20.05,0.0,0.0,0.0,0.87266372
nefer_15,2013-05-06,28330.0,8.65,21.93,0.0,0.0,0.0,0.89104756
nefer_15,2013-05-07,16950.0,12.27,20.76,0.68,0.0,0.0,0.9127271
nefer_15,2013-05-08,16880.0,13.34,22.63,3.1,0.0,0.0,0.93629352
nefer_15,2013-05-09,10210.0,11.05,19.85,10.15,0.0,0.0,0.96211928
nefer_15,2013-05-10,18270.0,7.69,16.3,0.39,0.0,0.0,0.98444232
nefer_15,2013-05-11,19000.0,6.98,16.2,0.01,0.0,0.0,1.0
nefer_15,2013-05-12,14750.0,7.35,15.78,0.11,0.0,0.0,1.00965532
nefer_15,2013-05-13,21390.0,7.55,18.08,0.01,0.0,0.0,1.01928981
nefer_15,2013-05-14,23340.0,7.66,21.12,3.8,0.0,60.0,1.02996564
nefer_15,2013-05-15,5710.0,7.0,12.97,10.74,0.0,0.0,1.04195357
nefer_15,2013-05-16,17250.0,5.58,13.38,1.06,0.0,0.0,1.05027181
nefer_15,2013-05-17,26430.0,5.35,16.56,4.04,0.0,0.0,1.05816934
nefer_15,2013-05-18,18150.0,7.85,15.06,9.67,0.0,0.0,1.06729566
nefer_15,2013-05-19,18620.0,6.64,14.3,3.28,0.0,0.0,1.07683851
nefer_15,2013-05-20,21800.0,5.83,15.66,0.62,0.0,0.0,1.08556079
nefer_15,2013-05-21,10350.0,5.67,14.14,3.54,0.0,0.0,1.09451216
nefer_15,2013-05-22,11390.0,10.55,16.68,7.53,0.0,0.0,1.10276375
nefer_15,2013-05-23,12760.0,7.9,14.58,2.23,0.0,0.0,1.11410604
nefer_15,2013-05-24,18960.0,6.31,13.27,4.41,0.0,0.0,1.12346979
nefer_15,2013-05-25,20210.0,4.3,13.37,3.26,0.0,0.0,1.13162557
nefer_15,2013-05-26,29870.0,3.44,16.89,0.0,0.0,0.0,1.13898578
nefer_15,2013-05-27,24810.0,7.48,17.49,0.57,0.0,0.0,1.14745396
nefer_15,2013-05-28,12030.0,7.97,13.05,8.33,0.0,0.0,1.15785488
nefer_15,2013-05-29,17790.0,7.51,10.94,7.14,0.0,0.0,1.16661048
nefer_15,2013-05-30,9390.0,7.66,12.55,20.5,0.0,0.0,1.17429558
nefer_15,2013-05-31,14750.0,10.8,16.67,25.13,0.0,0.0,1.18271379
nefer_15,2013-06-01,15320.0,10.83,18.1,1.49,0.0,0.0,1.19415605
nefer_15,2013-06-02,14690.0,10.23,18.54,1.19,0.0,0.0,1.20620646
nefer_15,2013-06-03,27720.0,8.59,19.67,0.15,0.0,0.0,1.21819021
nefer_15,2013-06-04,23580.0,7.23,19.83,0.0,0.0,0.0,1.22996154
nefer_15,2013-06-05,29050.0,10.53,23.96,0.02,0.0,0.0,1.24123302
nefer_15,2013-06-06,29090.0,12.24,24.59,1.09,0.0,0.0,1.25559937
nefer_15,2013-06-07,24720.0,13.96,24.37,0.35,0.0,0.0,1.27094041
nefer_15,2013-06-08,10080.0,11.83,17.57,16.43,0.0,0.0,1.28690626
nefer_15,2013-06-09,11920.0,11.23,16.98,16.6,0.0,0.0,1.29915244
nefer_15,2013-06-10,15850.0,11.99,19.38,2.73,0.0,0.0,1.31090294
nefer_15,2013-06-11,23550.0,13.28,23.31,0.06,0.0,0.0,1.32396969
nefer_15,2013-06-12,29440.0,14.44,26.92,0.0,0.0,0.0,1.33921076
nefer_15,2013-06-13,8850.0,13.65,23.13,1.93,0.0,0.0,1.35643872
nefer_15,2013-06-14,27780.0,12.46,26.36,0.39,0.0,0.0,1.37175894
nefer_15,2013-06-15,20460.0,14.58,23.07,0.06,0.0,0.0,1.38792889
nefer_15,2013-06-16,29650.0,13.75,31.44,0.01,0.0,0.0,1.40361149
nefer_15,2013-06-17,18130.0,16.33,28.55,3.12,0.0,0.0,1.42243478
nefer_15,2013-06-18,10400.0,16.61,22.89,28.7,0.0,0.0,1.44112895
nefer_15,2013-06-19,11110.0,13.4,18.9,7.78,0.0,0.0,1.45758214
nefer_15,2013-06-20,19220.0,11.5,18.72,3.72,0.0,0.0,1.47103627
nefer_15,2013-06-21,13540.0,9.87,17.94,3.44,0.0,0.0,1.48362401
nefer_15,2013-06-22,25140.0,10.68,21.3,0.21,0.0,0.0,1.4952079
nefer_15,2013-06-23,15510.0,10.23,18.15,0.76,0.0,0.0,1.50852874
nefer_15,2013-06-24,17840.0,9.15,16.3,0.02,0.0,0.0,1.52035005
nefer_15,2013-06-25,22670.0,8.24,19.66,0.01,0.0,0.0,1.5309509
nefer_15,2013-06-26,30350.0,7.78,21.32,0.0,0.0,0.0,1.54257227
nefer_15,2013-06-27,25010.0,9.43,20.56,0.04,0.0,0.0,1.55469349
nefer_15,2013-06-28,14690.0,12.28,21.32,0.04,0.0,0.0,1.56718542
nefer_15,2013-06-29,14010.0,12.91,22.33,0.12,0.0,0.0,1.58118105
nefer_15,2013-06-30,25890.0,13.88,23.69,0.11,0.0,0.0,1.5958598
nefer_15,2013-07-01,28050.0,15.41,26.4,0.72,0.0,0.0,1.61150909
nefer_15,2013-07-02,25120.0,16.6,26.15,0.79,0.0,0.0,1.62892448
nefer_15,2013-07-03,9980.0,15.74,22.77,4.41,0.0,0.0,1.64673142
nefer_15,2013-07-04,24590.0,14.8,23.48,0.28,0.0,0.0,1.66277225
nefer_15,2013-07-05,30250.0,15.55,27.26,0.09,0.0,0.0,1.67871727
nefer_15,2013-07-06,30170.0,16.86,28.87,0.0,0.0,0.0,1.6965492
nefer_15,2013-07-07,29420.0,16.74,29.03,0.0,0.0,0.0,1.71559742
nefer_15,2013-07-08,28070.0,19.01,29.96,0.0,0.0,0.0,1.7346623
nefer_15,2013-07-09,27690.0,20.01,31.22,0.09,0.0,0.0,1.7550601
nefer_15,2013-07-10,21130.0,20.06,29.13,0.69,0.0,0.0,1.77639927
nefer_15,2013-07-11,24230.0,19.17,28.7,0.4,0.0,0.0,1.79688871
nefer_15,2013-07-12,26650.0,19.52,30.68,0.0,0.0,0.0,1.81682832
nefer_15,2013-07-13,20900.0,21.13,30.55,1.34,0.0,0.0,1.83773846
nefer_15,2013-07-14,17170.0,18.4,26.94,3.53,0.0,0.0,1.85926507
nefer_15,2013-07-15,26580.0,17.05,29.53,1.0,0.0,0.0,1.87815084
nefer_15,2013-07-16,21570.0,17.66,27.01,2.41,0.0,0.0,1.89755312
nefer_15,2013-07-17,21580.0,17.85,27.65,0.43,0.0,0.0,1.91615981
nefer_15,2013-07-18,20720.0,17.61,28.24,0.57,0.0,0.0,1.93511222
nefer_15,2013-07-19,25660.0,18.51,29.24,0.05,0.0,0.0,1.95421043
nefer_15,2013-07-20,25930.0,20.01,30.38,0.05,0.0,0.0,1.97410005
nefer_15,2013-07-21,25540.0,19.6,32.63,0.16,0.0,0.0,1.99508933
nefer_15,2013-07-22,27520.0,19.69,32.49,0.0,0.0,0.0,2.0
nefer_15,2013-07-23,19060.0,21.06,30.83,2.42,0.0,0.0,2.0
nefer_15,2013-07-24,21710.0,20.66,29.44,3.2,0.0,0.0,2.0
nefer_15,2013-07-25,27360.0,20.37,36.73,0.01,0.0,0.0,2.0
nefer_15,2013-07-26,23320.0,20.41,36.29,0.18,0.0,0.0,2.0
nefer_15,2013-07-27,23970.0,19.75,35.07,3.23,0.0,0.0,2.0
nefer_15,2013-07-28,18050.0,19.35,28.8,1.54,0.0,0.0,2.0
nefer_15,2013-07-29,24330.0,16.57,24.48,6.38,0.0,0.0,2.0
nefer_15,2013-07-30,27930.0,15.55,29.05,0.01,0.0,0.0,2.0
nefer_15,2013-07-31,28090.0,16.93,34.0,0.0,0.0,0.0,2.0
nefer_15,2013-08-01,25980.0,18.55,37.51,0.0,0.0,0.0,2.0
nefer_15,2013-08-02,25480.0,18.23,37.89,0.01,0.0,0.0,2.0
nefer_15,2013-08-03,22150.0,18.93,29.33,0.03,0.0,0.0,2.0
nefer_15,2013-08-04,26060.0,16.44,31.28,0.04,0.0,0.0,2.0
nefer_15,2013-08-05,20590.0,19.39,32.99,0.07,0.0,0.0,2.0
nefer_15,2013-08-06,15890.0,18.55,29.57,5.02,0.0,0.0,2.0
nefer_15,2013-08-07,13310.0,16.31,24.97,8.06,0.0,0.0,2.0
nefer_15,2013-08-08,20830.0,14.69,23.82,3.98,0.0,0.0,2.0
nefer_15,2013-08-09,20850.0,15.06,27.15,0.02,0.0,0.0,2.0
nefer_15,2013-08-10,24480.0,15.3,28.08,0.01,0.0,0.0,2.0
nefer_15,2013-08-11,26830.0,14.52,30.65,0.0,0.0,0.0,2.0
nefer_15,2013-08-12,24890.0,17.09,33.03,0.31,0.0,0.0,2.0
nefer_15,2013-08-13,19500.0,17.19,29.15,0.54,0.0,0.0,2.0
nefer_15,2013-08-14,25590.0,13.71,28.94,0.0,0.0,0.0,2.0
nefer_15,2013-08-15,24350.0,15.33,31.04,0.01,0.0,0.0,2.0
nefer_15,2013-08-16,23790.0,19.39,32.73,3.14,0.0,0.0,2.0
nefer_15,2013-08-17,23000.0,17.31,28.8,2.24,0.0,0.0,2.0
nefer_15,2013-08-18,25010.0,18.13,32.18,0.01,0.0,0.0,2.0
nefer_15,2013-08-19,8740.0,15.32,27.04,1.01,0.0,0.0,2.0
nefer_15,2013-08-20,24350.0,12.9,28.64,0.0,0.0,0.0,2.0
nefer_15,2013-08-21,24050.0,14.6,32.08,0.02,0.0,0.0,2.0
nefer_15,2013-08-22,22540.0,16.38,33.54,0.0,0.0,0.0,2.0
nefer_15,2013-08-23,13040.0,18.4,29.74,0.14,0.0,0.0,2.0
nefer_15,2013-08-24,9770.0,16.97,26.61,1.0,0.0,0.0,2.0
nefer_15,2013-08-25,9770.0,16.97,26.61,1.0,0.0,0.0,2.0
nefer_15,2013-08-26,9770.0,16.97,26.61,1.0,0.0,0.0,2.0
nefer_15,2013-08-27,9770.0,16.97,26.61,1.0,0.0,0.0,2.0
nefer_15,2013-08-28,9770.0,16.97,26.61,1.0,0.0,0.0,2.0
nefer_15,2013-08-29,9770.0,16.97,26.61,1.0,0.0,0.0,2.0
nefer_15,2013-08-30,9770.0,16.97,26.61,1.0,0.0,0.0,2.0
nefer_15,2013-08-31,9770.0,16.97,26.61,1.0,0.0,0.0,2.0
nefer_15,2013-09-01,9770.0,16.97,26.61,1.0,0.0,0.0,2.0
nefer_15,2013-09-02,9770.0,16.97,26.61,1.0,0.0,0.0,2.0
nefer_15,2013-09-03,9770.0,16.97,26.61,1.0,0.0,0.0,2.0
nefer_15,2013-09-04,9770.0,16.97,26.61,1.0,0.0,0.0,2.0
nefer_15,2013-09-05,9770.0,16.97,26.61,1.0,0.0,0.0,2.0
nefer_15,2013-09-06,9770.0,16.97,26.61,1.0,0.0,0.0,2.0
nefer_15,2013-09-07,9770.0,16.97,26.61,1.0,0.0,0.0,2.0
nefer_15,2013-09-08,9770.0,16.97,26.61,1.0,0.0,0.0,2.0
nefer_15,2013-09-09,9770.0,16.97,26.61,1.0,0.0,0.0,2.0
nefer_15,2013-09-10,9770.0,16.97,26.61,1.0,0.0,0.0,2.0
nefer_15,2013-09-11,9770.0,16.97,26.61,1.0,0.0,0.0,2.0
nefer_15,2013-09-12,9770.0,16.97,26.61,1.0,0.0,0.0,2.0
nefer_15,2013-09-13,9770.0,16.97,26.61,1.0,0.0,0.0,2.0
nefer_15,2013-09-14,9770.0,16.97,26.61,1.0,0.0,0.0,2.0
nefer_15,2013-09-15,9770.0,16.97,26.61,1.0,0.0,0.0,2.0
nefer_15,2013-09-16,9770.0,16.97,26.61,1.0,0.0,0.0,2.0
nefer_15,2013-09-17,9770.0,16.97,26.61,1.0,0.0,0.0,2.0
nefer_15,2013-09-18,9770.0,16.97,26.61,1.0,0.0,0.0,2.0
nefer_15,2013-09-19,9770.0,16.97,26.61,1.0,0.0,0.0,2.0
nefer_15,2013-09-20,9770.0,16.97,26.61,1.0,0.0,0.0,2.0
nefer_15,2013-09-21,9770.0,16.97,26.61,1.0,0.0,0.0,2.0
nefer_15,2013-09-22,9770.0,16.97,26.61,1.0,0.0,0.0,2.0
nefer_15,2013-09-23,9770.0,16.97,26.61,1.0,0.0,0.0,2.0
nefer_15,2013-09-24,9770.0,16.97,26.61,1.0,0.0,0.0,2.0
nefer_15,2013-09-25,9770.0,16.97,26.61,1.0,0.0,0.0,2.0
nefer_15,2013-09-26,9770.0,16.97,26.61,1.0,0.0,0.0,2.0
nefer_15,2013-09-27,9770.0,16.97,26.61,1.0,0.0,0.0,2.0
nefer_15,2013-09-28,9770.0,16.97,26.61,1.0,0.0,0.0,2.0
nefer_15,2013-09-29,9770.0,16.97,26.61,1.0,0.0,0.0,2.0
nefer_15,2013-09-30,9770.0,16.97,26.61,1.0,0.0,0.0,2.0
nefer_15,2013-10-01,9770.0,16.97,26.61,1.0,0.0,0.0,2.0
nefer_15,2013-10-02,9770.0,16.97,26.61,1.0,0.0,0.0,2.0
nefer_15,2013-10-03,9770.0,16.97,26.61,1.0,0.0,0.0,2.0
nefer_15,2013-10-04,9770.0,16.97,26.61,1.0,0.0,0.0,2.0
nefer_15,2013-10-05,9770.0,16.97,26.61,1.0,0.0,0.0,2.0
nefer_15,2013-10-06,9770.0,16.97,26.61,1.0,0.0,0.0,2.0
nefer_15,2013-10-07,9770.0,16.97,26.61,1.0,0.0,0.0,2.0
nefer_15,2013-10-08,9770.0,16.97,26.61,1.0,0.0,0.0,2.0
nefer_15,2013-10-09,9770.0,16.97,26.61,1.0,0.0,0.0,2.0
nefer_15,2013-10-10,9770.0,16.97,26.61,1.0,0.0,0.0,2.0
nefer_15,2013-10-11,9770.0,16.97,26.61,1.0,0.0,0.0,2.0
nefer_15,2013-10-12,9770.0,16.97,26.61,1.0,0.0,0.0,2.0
nefer_15,2013-10-13,9770.0,16.97,26.61,1.0,0.0,0.0,2.0
nefer_15,2013-10-14,9770.0,16.97,26.61,1.0,0.0,0.0,2.0
nefer_15,2013-10-15,9770.0,16.97,26.61,1.0,0.0,0.0,2.0
nefer_15,2013-10-16,9770.0,16.97,26.61,1.0,0.0,0.0,2.0
nefer_15,2013-10-17,9770.0,16.97,26.61,1.0,0.0,0.0,2.0
nefer_15,2013-10-18,9770.0,16.97,26.61,1.0,0.0,0.0,2.0
nefer_15,2013-10-19,9770.0,16.97,26.61,1.0,0.0,0.0,2.0
nefer_15,2013-10-20,9770.0,16.97,26.61,1.0,0.0,0.0,2.0
nefer_15,2013-10-21,9770.0,16.97,26.61,1.0,0.0,0.0,2.0
nefer_15,2013-10-22,9770.0,16.97,26.61,1.0,0.0,0.0,2.0
nefer_15,2013-10-23,9770.0,16.97,26.61,1.0,0.0,0.0,2.0
nefer_15,2013-10-24,9770.0,16.97,26.61,1.0,0.0,0.0,2.0
nefer_15,2013-10-25,9770.0,16.97,26.61,1.0,0.0,0.0,2.0
nefer_15,2013-10-26,9770.0,16.97,26.61,1.0,0.0,0.0,2.0
nefer_15,2013-10-27,9770.0,16.97,26.61,1.0,0.0,0.0,2.0
nefer_15,2013-10-28,9770.0,16.97,26.61,1.0,0.0,0.0,2.0
nefer_15,2013-10-29,9770.0,16.97,26.61,1.0,0.0,0.0,2.0
nefer_15,2013-10-30,9770.0,16.97,26.61,1.0,0.0,0.0,2.0
nefer_15,2013-10-31,9770.0,16.97,26.61,1.0,0.0,0.0,2.0
nefer_15,2013-11-01,9770.0,16.97,26.61,1.0,0.0,0.0,2.0
nefer_15,2013-11-02,9770.0,16.97,26.61,1.0,0.0,0.0,2.0
nefer_15,2013-11-03,9770.0,16.97,26.61,1.0,0.0,0.0,2.0
nefer_15,2013-11-04,9770.0,16.97,26.61,1.0,0.0,0.0,2.0
nefer_15,2013-11-05,9770.0,16.97,26.61,1.0,0.0,0.0,2.0
nefer_15,2013-11-06,9770.0,16.97,26.61,1.0,0.0,0.0,2.0
nefer_15,2013-11-07,9770.0,16.97,26.61,1.0,0.0,0.0,2.0
nefer_15,2013-11-08,9770.0,16.97,26.61,1.0,0.0,0.0,2.0
nefer_15,2013-11-09,9770.0,16.97,26.61,1.0,0.0,0.0,2.0
nefer_15,2013-11-10,9770.0,16.97,26.61,1.0,0.0,0.0,2.0
nefer_15,2013-11-11,9770.0,16.97,26.61,1.0,0.0,0.0,2.0
nefer_15,2013-11-12,9770.0,16.97,26.61,1.0,0.0,0.0,2.0
nefer_15,2013-11-13,9770.0,16.97,26.61,1.0,0.0,0.0,2.0
nefer_15,2013-11-14,9770.0,16.97,26.61,1.0,0.0,0.0,2.0
nefer_15,2013-11-15,9770.0,16.97,26.61,1.0,0.0,0.0,2.0
nefer_15,2013-11-16,9770.0,16.97,26.61,1.0,0.0,0.0,2.0
nefer_15,2013-11-17,9770.0,16.97,26.61,1.0,0.0,0.0,2.0
nefer_15,2013-11-18,9770.0,16.97,26.61,1.0,0.0,0.0,2.0
nefer_15,2013-11-19,9770.0,16.97,26.61,1.0,0.0,0.0,2.0
nefer_16,2012-11-20,7430.0,5.45,16.63,0.01,0.0,0.0,-0.1
nefer_16,2012-11-21,1760.0,6.98,12.27,1.57,0.0,0.0,0.0
nefer_16,2012-11-22,6470.0,5.55,13.42,0.04,0.0,0.0,0.0
nefer_16,2012-11-23,6960.0,6.04,14.95,0.03,0.0,0.0,0.0
nefer_16,2012-11-24,5660.0,6.53,19.24,0.07,0.0,0.0,0.0
nefer_16,2012-11-25,4090.0,8.87,14.36,1.02,0.0,0.0,0.0
nefer_16,2012-11-26,2180.0,5.44,10.8,13.46,0.0,0.0,0.0
nefer_16,2012-11-27,4990.0,4.99,9.3,5.8,0.0,0.0,0.0
nefer_16,2012-11-28,2000.0,3.81,5.82,4.62,0.0,0.0,0.0
nefer_16,2012-11-29,2690.0,0.18,5.74,1.76,0.0,0.0,0.0
nefer_16,2012-11-30,7680.0,-2.72,5.37,0.23,0.0,0.0,0.0
nefer_16,2012-12-01,6710.0,-3.35,3.51,0.01,0.0,0.0,4.22e-06
nefer_16,2012-12-02,3820.0,-2.97,7.33,3.76,0.0,0.0,5.16e-06
nefer_16,2012-12-03,3870.0,6.2,13.14,4.8,0.0,0.0,4.449e-05
nefer_16,2012-12-04,5210.0,5.72,8.6,14.96,0.0,0.0,0.00031094
nefer_16,2012-12-05,4470.0,4.74,8.03,15.33,0.0,0.0,0.00058416
nefer_16,2012-12-06,8070.0,-1.18,7.78,0.35,0.0,0.0,0.00089429
nefer_16,2012-12-07,2700.0,-0.5,11.14,8.47,0.0,0.0,0.00108837
nefer_16,2012-12-08,4950.0,-0.08,5.11,2.53,0.0,0.0,0.00145492
nefer_16,2012-12-09,8120.0,-1.69,6.83,0.0,0.0,0.0,0.00165323
nefer_16,2012-12-10,5360.0,-2.43,7.13,0.32,0.0,0.0,0.00187931
nefer_16,2012-12-11,6230.0,-3.17,5.28,0.12,0.0,0.0,0.00210745
nefer_16,2012-12-12,7230.0,-3.95,6.98,0.0,0.0,0.0,0.00221908
nefer_16,2012-12-13,3730.0,1.16,9.07,1.48,0.0,0.0,0.00238966
nefer_16,2012-12-14,2450.0,5.97,10.15,8.01,0.0,0.0,0.0030037
nefer_16,2012-12-15,6360.0,6.88,15.57,0.28,0.0,0.0,0.00404871
nefer_16,2012-12-16,6880.0,8.05,15.2,4.07,0.0,0.0,0.00561195
nefer_16,2012-12-17,4170.0,7.14,10.81,2.45,0.0,0.0,0.00732245
nefer_16,2012-12-18,6430.0,4.98,12.18,0.77,0.0,0.0,0.00870904
nefer_16,2012-12-19,3320.0,6.2,13.92,0.04,0.0,0.0,0.01011833
nefer_16,2012-12-20,2800.0,6.31,13.71,1.5,0.0,0.0,0.01186974
nefer_16,2012-12-21,2770.0,6.56,13.05,4.2,0.0,0.0,0.01371117
nefer_16,2012-12-22,4370.0,6.66,15.54,0.11,0.0,0.0,0.01561356
nefer_16,2012-12-23,7720.0,8.45,20.2,0.04,0.0,0.0,0.01788071
nefer_16,2012-12-24,5360.0,7.22,16.28,0.0,0.0,0.0,0.02093284
nefer_16,2012-12-25,3520.0,5.74,11.29,0.27,0.0,0.0,0.02348757
nefer_16,2012-12-26,6090.0,4.36,11.37,1.19,0.0,0.0,0.02540913
nefer_16,2012-12-27,3340.0,3.98,13.12,0.82,0.0,0.0,0.02727038
nefer_16,2012-12-28,5460.0,7.08,14.87,1.36,0.0,0.0,0.0293897
nefer_16,2012-12-29,7810.0,4.42,14.55,0.68,0.0,0.0,0.03223618
nefer_16,2012-12-30,5200.0,5.21,9.55,0.73,0.0,0.0,0.03479422
nefer_16,2012-12-31,6440.0,3.18,12.15,0.0,0.0,0.0,0.03687354
nefer_16,2013-01-01,4170.0,5.18,11.01,11.62,0.0,0.0,0.039128
nefer_16,2013-01-02,5260.0,1.14,7.36,1.44,0.0,0.0,0.04159332
nefer_16,2013-01-03,6810.0,0.8,9.3,0.01,0.0,0.0,0.042942
nefer_16,2013-01-04,3780.0,4.84,12.27,0.03,0.0,0.0,0.04461093
nefer_16,2013-01-05,3250.0,4.88,9.73,0.11,0.0,0.0,0.04755388
nefer_16,2013-01-06,3410.0,1.45,8.73,0.03,0.0,0.0,0.05015178
nefer_16,2013-01-07,3440.0,0.92,7.55,0.02,0.0,0.0,0.05197936
nefer_16,2013-01-08,3170.0,0.73,5.99,0.07,0.0,0.0,0.05351532
nefer_16,2013-01-09,2920.0,0.38,5.64,0.1,0.0,0.0,0.05474679
nefer_16,2013-01-10,2940.0,2.97,11.86,3.12,0.0,0.0,0.0558621
nefer_16,2013-01-11,8130.0,2.37,9.76,0.55,0.0,0.0,0.0586409
nefer_16,2013-01-12,5470.0,1.32,8.36,2.0,0.0,0.0,0.06094055
nefer_16,2013-01-13,2880.0,0.83,4.15,18.19,0.0,0.0,0.06279799
nefer_16,2013-01-14,3930.0,-1.33,3.31,2.75,0.0,0.0,0.06376549
nefer_16,2013-01-15,6220.0,1.48,5.42,14.54,0.0,0.0,0.06415508
nefer_16,2013-01-16,1820.0,-1.35,6.76,26.99,0.0,0.0,0.06553048
nefer_16,2013-01-17,7920.0,-5.24,2.09,0.05,0.0,0.0,0.06662326
nefer_16,2013-01-18,2810.0,-2.36,6.43,7.71,0.0,0.0,0.06662326
nefer_16,2013-01-19,2760.0,4.54,8.17,20.7,0.0,0.0,0.06746806
nefer_16,2013-01-20,4720.0,0.71,4.97,20.04,0.0,0.0,0.07014323
nefer_16,2013-01-21,6570.0,2.11,5.62,5.54,0.0,0.0,0.07135572
nefer_16,2013-01-22,6130.0,-1.02,8.12,5.21,0.0,0.0,0.07302954
nefer_16,2013-01-23,4920.0,-0.52,5.65,2.15,0.0,0.0,0.07458926
nefer_16,2013-01-24,4920.0,-0.02,4.94,6.23,0.0,0.0,0.07573271
nefer_16,2013-01-25,8700.0,-0.95,5.48,0.22,0.0,0.0,0.07684555
nefer_16,2013-01-26,3320.0,0.22,6.94,11.91,0.0,0.0,0.0778854
nefer_16,2013-01-27,2600.0,2.01,10.12,16.62,0.0,0.0,0.07955349
nefer_16,2013-01-28,7020.0,4.01,10.73,1.28,0.0,0.0,0.08242187
nefer_16,2013-01-29,7390.0,3.33,13.34,0.0,0.0,0.0,0.0859599
nefer_16,2013-01-30,9430.0,7.08,17.68,0.01,0.0,0.0,0.09002158
nefer_16,2013-01-31,7580.0,8.63,16.0,0.1,0.0,0.0,0.09614559
nefer_16,2013-02-01,6540.0,9.56,15.57,3.24,0.0,0.0,0.10232964
nefer_16,2013-02-02,4870.0,1.17,9.92,9.64,0.0,0.0,0.10873471
nefer_16,2013-02-03,7690.0,-0.56,5.01,0.21,0.0,0.0,0.11160407
nefer_16,2013-02-04,3980.0,1.42,10.91,2.07,0.0,0.0,0.11277283
nefer_16,2013-02-05,6200.0,4.67,10.89,12.41,0.0,0.0,0.11606007
nefer_16,2013-02-06,6100.0,2.24,6.51,12.87,0.0,0.0,0.12027089
nefer_16,2013-02-07,7100.0,-1.42,4.51,1.22,0.0,0.0,0.12267433
nefer_16,2013-02-08,5220.0,-1.45,3.71,3.19,0.0,0.0,0.12353579
nefer_16,2013-02-09,8140.0,-2.15,4.4,3.0,0.0,0.0,0.12417524
nefer_16,2013-02-10,7170.0,3.3,11.99,10.11,0.0,0.0,0.12482131
nefer_16,2013-02-11,7090.0,2.15,4.32,15.99,0.0,0.0,0.12927659
nefer_16,2013-02-12,8560.0,2.03,7.05,5.78,0.0,0.0,0.13118956
nefer_16,2013-02-13,6130.0,1.58,7.08,0.81,0.0,0.0,0.13391349
nefer_16,2013-02-14,5920.0,2.89,11.12,4.6,0.0,0.0,0.1365492
nefer_16,2013-02-15,10670.0,3.98,10.08,1.76,0.0,0.0,0.14087485
nefer_16,2013-02-16,13720.0,2.48,11.02,0.0,0.0,0.0,0.14527829
nefer_16,2013-02-17,13570.0,2.01,11.56,0.0,0.0,0.0,0.14956669
nefer_16,2013-02-18,10310.0,2.95,12.01,0.04,0.0,0.0,0.15393844
nefer_16,2013-02-19,13840.0,1.75,13.91,0.06,0.0,0.0,0.15882586
nefer_16,2013-02-20,14220.0,2.3,12.38,0.0,0.0,0.0,0.16401348
nefer_16,2013-02-21,12920.0,1.07,11.98,0.05,0.0,0.0,0.16894395
nefer_16,2013-02-22,14110.0,-4.88,4.12,1.06,0.0,0.0,0.17338732
nefer_16,2013-02-23,6990.0,-5.38,-0.98,0.1,0.0,0.0,0.17338732
nefer_16,2013-02-24,7130.0,-3.48,-0.1,0.46,0.0,0.0,0.17338732
nefer_16,2013-02-25,6960.0,-2.62,1.19,2.24,0.0,0.0,0.17338732
nefer_16,2013-02-26,9050.0,-2.84,3.54,0.48,0.0,0.0,0.17338732
nefer_16,2013-02-27,13690.0,-2.09,6.8,0.0,0.0,0.0,0.17364213
nefer_16,2013-02-28,13380.0,-1.6,9.2,0.08,0.0,0.0,0.17537914
nefer_16,2013-03-01,11460.0,0.15,11.1,0.29,0.0,0.0,0.17821844
nefer_16,2013-03-02,15360.0,-0.63,8.27,0.0,0.0,0.0,0.18247558
nefer_16,2013-03-03,15740.0,-0.01,12.98,0.0,0.0,0.0,0.18540364
nefer_16,2013-03-04,15140.0,1.18,15.37,0.03,0.0,0.0,0.19043748
nefer_16,2013-03-05,8380.0,8.67,15.33,0.59,0.0,0.0,0.19694154
nefer_16,2013-03-06,5480.0,6.9,11.05,3.84,0.0,0.0,0.20649096
nefer_16,2013-03-07,15490.0,7.4,20.06,1.13,0.0,0.0,0.21372135
nefer_16,2013-03-08,15290.0,8.41,16.16,4.95,0.0,0.0,0.22491786
nefer_16,2013-03-09,14820.0,7.26,16.61,3.14,0.0,0.0,0.23505758
nefer_16,2013-03-10,14400.0,7.26,16.12,0.24,0.0,0.0,0.24502687
nefer_16,2013-03-11,16680.0,6.61,14.83,2.31,0.0,0.0,0.25490789
nefer_16,2013-03-12,9240.0,2.37,9.85,2.07,0.0,0.0,0.26407602
nefer_16,2013-03-13,5700.0,-1.96,1.3,6.33,0.0,0.0,0.26936267
nefer_16,2013-03-14,10920.0,-2.41,4.25,1.14,0.0,0.0,0.26936267
nefer_16,2013-03-15,19110.0,-3.12,7.51,0.01,0.0,0.0,0.27017718
nefer_16,2013-03-16,15580.0,-1.69,14.33,0.02,0.0,0.0,0.27214263
nefer_16,2013-03-17,5440.0,5.29,9.62,6.89,0.0,0.0,0.27786554
nefer_16,2013-03-18,13790.0,2.98,8.42,1.86,0.0,0.0,0.2846917
nefer_16,2013-03-19,16840.0,3.0,13.05,1.82,0.0,0.0,0.28996871
nefer_16,2013-03-20,14680.0,2.88,11.22,2.02,0.0,0.0,0.29747973
nefer_16,2013-03-21,19730.0,2.61,17.1,0.0,0.0,0.0,0.30414996
nefer_16,2013-03-22,16510.0,4.33,20.69,3.02,0.0,0.0,0.31357457
nefer_16,2013-03-23,11740.0,7.03,15.33,3.71,0.0,0.0,0.32566595
nefer_16,2013-03-24,14790.0,5.83,15.59,0.43,0.0,0.0,0.33658614
nefer_16,2013-03-25,11560.0,7.78,12.84,5.12,0.0,0.0,0.34715689
nefer_16,2013-03-26,12310.0,6.13,12.64,2.83,0.0,0.0,0.3574385
nefer_16,2013-03-27,14750.0,4.15,14.73,1.14,0.0,0.0,0.36689393
nefer_16,2013-03-28,7930.0,6.63,12.6,1.94,0.0,0.0,0.3765017
nefer_16,2013-03-29,17190.0,6.46,16.22,13.2,0.0,0.0,0.38638639
nefer_16,2013-03-30,13520.0,7.75,13.46,11.64,0.0,0.0,0.39816106
nefer_16,2013-03-31,17030.0,5.36,12.5,1.29,0.0,0.0,0.40928167
nefer_16,2013-04-01,6060.0,5.23,9.65,7.36,0.0,0.0,0.41873776
nefer_16,2013-04-02,11830.0,6.2,12.55,2.56,0.0,0.0,0.42669268
nefer_16,2013-04-03,20660.0,5.46,14.1,0.07,0.0,0.0,0.43681305
nefer_16,2013-04-04,6460.0,4.69,12.83,7.21,0.0,0.0,0.44747135
nefer_16,2013-04-05,12530.0,1.41,8.85,1.19,0.0,0.0,0.45710825
nefer_16,2013-04-06,9040.0,1.35,7.49,3.35,0.0,0.0,0.46280459
nefer_16,2013-04-07,15300.0,1.58,11.69,0.06,0.0,0.0,0.46775804
nefer_16,2013-04-08,14940.0,5.23,11.12,4.46,0.0,0.0,0.47526207
nefer_16,2013-04-09,9360.0,5.05,12.24,0.9,0.0,0.0,0.48459185
nefer_16,2013-04-10,20060.0,5.27,19.18,0.07,0.0,0.0,0.4945468
nefer_16,2013-04-11,16880.0,8.38,21.1,5.72,0.0,0.0,0.50874968
nefer_16,2013-04-12,20090.0,7.7,16.8,0.72,0.0,0.0,0.52602553
nefer_16,2013-04-13,24000.0,6.45,21.23,0.06,0.0,0.0,0.5405084
nefer_16,2013-04-14,24950.0,8.48,25.86,0.02,0.0,0.0,0.55701254
nefer_16,2013-04-15,19720.0,9.72,20.58,0.26,0.0,0.0,0.57766289
nefer_16,2013-04-16,21450.0,10.93,21.49,0.0,0.0,0.0,0.59603808
nefer_16,2013-04-17,24130.0,12.98,26.44,0.04,0.0,0.0,0.61586367
nefer_16,2013-04-18,11040.0,10.23,18.01,2.44,0.0,0.0,0.64016977
nefer_16,2013-04-19,7990.0,4.3,12.05,5.02,0.0,0.0,0.65772517
nefer_16,2013-04-20,20450.0,3.89,12.69,0.17,0.0,0.0,0.66797161
nefer_16,2013-04-21,17600.0,3.12,14.34,0.02,0.0,0.0,0.67844554
nefer_16,2013-04-22,20310.0,5.17,14.4,0.0,0.0,0.0,0.68956288
nefer_16,2013-04-23,20860.0,4.49,17.02,0.01,0.0,0.0,0.70212146
nefer_16,2013-04-24,26590.0,6.05,19.21,0.0,0.0,0.0,0.71603199
nefer_16,2013-04-25,18590.0,7.54,21.65,0.45,0.0,0.0,0.7324928
nefer_16,2013-04-26,6170.0,8.51,15.88,3.94,0.0,0.0,0.75165859
nefer_16,2013-04-27,12280.0,2.34,9.24,7.15,0.0,0.0,0.76779249
nefer_16,2013-04-28,10020.0,0.4,11.75,1.23,0.0,0.0,0.77550919
nefer_16,2013-04-29,4800.0,2.67,11.15,11.31,0.0,0.0,0.78366474
nefer_16,2013-04-30,8320.0,5.76,15.24,2.1,0.0,0.0,0.79300801
nefer_16,2013-05-01,21130.0,8.33,16.32,1.25,0.0,0.0,0.80730627
nefer_16,2013-05-02,14730.0,7.3,14.21,5.41,0.0,0.0,0.82420724
nefer_16,2013-05-03,13590.0,8.08,16.32,3.03,0.0,0.0,0.83905717
nefer_16,2013-05-04,23320.0,6.6,17.19,0.4,0.0,0.0,0.85601697
nefer_16,2013-05-05,26640.0,6.05,20.05,0.0,0.0,0.0,0.87266372
nefer_16,2013-05-06,28330.0,8.65,21.93,0.0,0.0,0.0,0.89104756
nefer_16,2013-05-07,16950.0,12.27,20.76,0.68,0.0,0.0,0.9127271
nefer_16,2013-05-08,16880.0,13.34,22.63,3.1,0.0,0.0,0.93629352
nefer_16,2013-05-09,10210.0,11.05,19.85,10.15,0.0,0.0,0.96211928
nefer_16,2013-05-10,18270.0,7.69,16.3,0.39,0.0,0.0,0.98444232
nefer_16,2013-05-11,19000.0,6.98,16.2,0.01,0.0,0.0,1.0
nefer_16,2013-05-12,14750.0,7.35,15.78,0.11,0.0,0.0,1.00965532
nefer_16,2013-05-13,21390.0,7.55,18.08,0.01,0.0,0.0,1.01928981
nefer_16,2013-05-14,23340.0,7.66,21.12,3.8,0.0,0.0,1.02996564
nefer_16,2013-05-15,5710.0,7.0,12.97,10.74,0.0,0.0,1.04195357
nefer_16,2013-05-16,17250.0,5.58,13.38,1.06,0.0,0.0,1.05027181
nefer_16,2013-05-17,26430.0,5.35,16.56,4.04,0.0,0.0,1.05816934
nefer_16,2013-05-18,18150.0,7.85,15.06,9.67,0.0,0.0,1.06729566
nefer_16,2013-05-19,18620.0,6.64,14.3,3.28,0.0,0.0,1.07683851
nefer_16,2013-05-20,21800.0,5.83,15.66,0.62,0.0,0.0,1.08556079
nefer_16,2013-05-21,10350.0,5.67,14.14,3.54,0.0,0.0,1.09451216
nefer_16,2013-05-22,11390.0,10.55,16.68,7.53,0.0,0.0,1.10276375
nefer_16,2013-05-23,12760.0,7.9,14.58,2.23,0.0,0.0,1.11410604
nefer_16,2013-05-24,18960.0,6.31,13.27,4.41,0.0,0.0,1.12346979
nefer_16,2013-05-25,20210.0,4.3,13.37,3.26,0.0,0.0,1.13162557
nefer_16,2013-05-26,29870.0,3.44,16.89,0.0,0.0,0.0,1.13898578
nefer_16,2013-05-27,24810.0,7.48,17.49,0.57,0.0,0.0,1.14745396
nefer_16,2013-05-28,12030.0,7.97,13.05,8.33,0.0,0.0,1.15785488
nefer_16,2013-05-29,17790.0,7.51,10.94,7.14,0.0,0.0,1.16661048
nefer_16,2013-05-30,9390.0,7.66,12.55,20.5,0.0,0.0,1.17429558
nefer_16,2013-05-31,14750.0,10.8,16.67,25.13,0.0,0.0,1.18271379
nefer_16,2013-06-01,15320.0,10.83,18.1,1.49,0.0,0.0,1.19415605
nefer_16,2013-06-02,14690.0,10.23,18.54,1.19,0.0,0.0,1.20620646
nefer_16,2013-06-03,27720.0,8.59,19.67,0.15,0.0,0.0,1.21819021
nefer_16,2013-06-04,23580.0,7.23,19.83,0.0,0.0,0.0,1.22996154
nefer_16,2013-06-05,29050.0,10.53,23.96,0.02,0.0,0.0,1.24123302
nefer_16,2013-06-06,29090.0,12.24,24.59,1.09,0.0,0.0,1.25559937
nefer_16,2013-06-07,24720.0,13.96,24.37,0.35,0.0,0.0,1.27094041
nefer_16,2013-06-08,10080.0,11.83,17.57,16.43,0.0,0.0,1.28690626
nefer_16,2013-06-09,11920.0,11.23,16.98,16.6,0.0,0.0,1.29915244
nefer_16,2013-06-10,15850.0,11.99,19.38,2.73,0.0,0.0,1.31090294
nefer_16,2013-06-11,23550.0,13.28,23.31,0.06,0.0,0.0,1.32396969
nefer_16,2013-06-12,29440.0,14.44,26.92,0.0,0.0,0.0,1.33921076
nefer_16,2013-06-13,8850.0,13.65,23.13,1.93,0.0,0.0,1.35643872
nefer_16,2013-06-14,27780.0,12.46,26.36,0.39,0.0,0.0,1.37175894
nefer_16,2013-06-15,20460.0,14.58,23.07,0.06,0.0,0.0,1.38792889
nefer_16,2013-06-16,29650.0,13.75,31.44,0.01,0.0,0.0,1.40361149
nefer_16,2013-06-17,18130.0,16.33,28.55,3.12,0.0,0.0,1.42243478
nefer_16,2013-06-18,10400.0,16.61,22.89,28.7,0.0,0.0,1.44112895
nefer_16,2013-06-19,11110.0,13.4,18.9,7.78,0.0,0.0,1.45758214
nefer_16,2013-06-20,19220.0,11.5,18.72,3.72,0.0,0.0,1.47103627
nefer_16,2013-06-21,13540.0,9.87,17.94,3.44,0.0,0.0,1.48362401
nefer_16,2013-06-22,25140.0,10.68,21.3,0.21,0.0,0.0,1.4952079
nefer_16,2013-06-23,15510.0,10.23,18.15,0.76,0.0,0.0,1.50852874
nefer_16,2013-06-24,17840.0,9.15,16.3,0.02,0.0,0.0,1.52035005
nefer_16,2013-06-25,22670.0,8.24,19.66,0.01,0.0,0.0,1.5309509
nefer_16,2013-06-26,30350.0,7.78,21.32,0.0,0.0,0.0,1.54257227
nefer_16,2013-06-27,25010.0,9.43,20.56,0.04,0.0,0.0,1.55469349
nefer_16,2013-06-28,14690.0,12.28,21.32,0.04,0.0,0.0,1.56718542
nefer_16,2013-06-29,14010.0,12.91,22.33,0.12,0.0,0.0,1.58118105
nefer_16,2013-06-30,25890.0,13.88,23.69,0.11,0.0,0.0,1.5958598
nefer_16,2013-07-01,28050.0,15.41,26.4,0.72,0.0,0.0,1.61150909
nefer_16,2013-07-02,25120.0,16.6,26.15,0.79,0.0,0.0,1.62892448
nefer_16,2013-07-03,9980.0,15.74,22.77,4.41,0.0,0.0,1.64673142
nefer_16,2013-07-04,24590.0,14.8,23.48,0.28,0.0,0.0,1.66277225
nefer_16,2013-07-05,30250.0,15.55,27.26,0.09,0.0,0.0,1.67871727
nefer_16,2013-07-06,30170.0,16.86,28.87,0.0,0.0,0.0,1.6965492
nefer_16,2013-07-07,29420.0,16.74,29.03,0.0,0.0,0.0,1.71559742
nefer_16,2013-07-08,28070.0,19.01,29.96,0.0,0.0,0.0,1.7346623
nefer_16,2013-07-09,27690.0,20.01,31.22,0.09,0.0,0.0,1.7550601
nefer_16,2013-07-10,21130.0,20.06,29.13,0.69,0.0,0.0,1.77639927
nefer_16,2013-07-11,24230.0,19.17,28.7,0.4,0.0,0.0,1.79688871
nefer_16,2013-07-12,26650.0,19.52,30.68,0.0,0.0,0.0,1.81682832
nefer_16,2013-07-13,20900.0,21.13,30.55,1.34,0.0,0.0,1.83773846
nefer_16,2013-07-14,17170.0,18.4,26.94,3.53,0.0,0.0,1.85926507
nefer_16,2013-07-15,26580.0,17.05,29.53,1.0,0.0,0.0,1.87815084
nefer_16,2013-07-16,21570.0,17.66,27.01,2.41,0.0,0.0,1.89755312
nefer_16,2013-07-17,21580.0,17.85,27.65,0.43,0.0,0.0,1.91615981
nefer_16,2013-07-18,20720.0,17.61,28.24,0.57,0.0,0.0,1.93511222
nefer_16,2013-07-19,25660.0,18.51,29.24,0.05,0.0,0.0,1.95421043
nefer_16,2013-07-20,25930.0,20.01,30.38,0.05,0.0,0.0,1.97410005
nefer_16,2013-07-21,25540.0,19.6,32.63,0.16,0.0,0.0,1.99508933
nefer_16,2013-07-22,27520.0,19.69,32.49,0.0,0.0,0.0,2.0
nefer_16,2013-07-23,19060.0,21.06,30.83,2.42,0.0,0.0,2.0
nefer_16,2013-07-24,21710.0,20.66,29.44,3.2,0.0,0.0,2.0
nefer_16,2013-07-25,27360.0,20.37,36.73,0.01,0.0,0.0,2.0
nefer_16,2013-07-26,23320.0,20.41,36.29,0.18,0.0,0.0,2.0
nefer_16,2013-07-27,23970.0,19.75,35.07,3.23,0.0,0.0,2.0
nefer_16,2013-07-28,18050.0,19.35,28.8,1.54,0.0,0.0,2.0
nefer_16,2013-07-29,24330.0,16.57,24.48,6.38,0.0,0.0,2.0
nefer_16,2013-07-30,27930.0,15.55,29.05,0.01,0.0,0.0,2.0
nefer_16,2013-07-31,28090.0,16.93,34.0,0.0,0.0,0.0,2.0
nefer_16,2013-08-01,25980.0,18.55,37.51,0.0,0.0,0.0,2.0
nefer_16,2013-08-02,25480.0,18.23,37.89,0.01,0.0,0.0,2.0
nefer_16,2013-08-03,22150.0,18.93,29.33,0.03,0.0,0.0,2.0
nefer_16,2013-08-04,26060.0,16.44,31.28,0.04,0.0,0.0,2.0
nefer_16,2013-08-05,20590.0,19.39,32.99,0.07,0.0,0.0,2.0
nefer_16,2013-08-06,15890.0,18.55,29.57,5.02,0.0,0.0,2.0
nefer_16,2013-08-07,13310.0,16.31,24.97,8.06,0.0,0.0,2.0
nefer_16,2013-08-08,20830.0,14.69,23.82,3.98,0.0,0.0,2.0
nefer_16,2013-08-09,20850.0,15.06,27.15,0.02,0.0,0.0,2.0
nefer_16,2013-08-10,24480.0,15.3,28.08,0.01,0.0,0.0,2.0
nefer_16,2013-08-11,26830.0,14.52,30.65,0.0,0.0,0.0,2.0
nefer_16,2013-08-12,24890.0,17.09,33.03,0.31,0.0,0.0,2.0
nefer_16,2013-08-13,19500.0,17.19,29.15,0.54,0.0,0.0,2.0
nefer_16,2013-08-14,25590.0,13.71,28.94,0.0,0.0,0.0,2.0
nefer_16,2013-08-15,24350.0,15.33,31.04,0.01,0.0,0.0,2.0
nefer_16,2013-08-16,23790.0,19.39,32.73,3.14,0.0,0.0,2.0
nefer_16,2013-08-17,23000.0,17.31,28.8,2.24,0.0,0.0,2.0
nefer_16,2013-08-18,25010.0,18.13,32.18,0.01,0.0,0.0,2.0
nefer_16,2013-08-19,8740.0,15.32,27.04,1.01,0.0,0.0,2.0
nefer_16,2013-08-20,24350.0,12.9,28.64,0.0,0.0,0.0,2.0
nefer_16,2013-08-21,24050.0,14.6,32.08,0.02,0.0,0.0,2.0
nefer_16,2013-08-22,22540.0,16.38,33.54,0.0,0.0,0.0,2.0
nefer_16,2013-08-23,13040.0,18.4,29.74,0.14,0.0,0.0,2.0
nefer_16,2013-08-24,9770.0,16.97,26.61,1.0,0.0,0.0,2.0
nefer_16,2013-08-25,9770.0,16.97,26.61,1.0,0.0,0.0,2.0
nefer_16,2013-08-26,9770.0,16.97,26.61,1.0,0.0,0.0,2.0
nefer_16,2013-08-27,9770.0,16.97,26.61,1.0,0.0,0.0,2.0
nefer_16,2013-08-28,9770.0,16.97,26.61,1.0,0.0,0.0,2.0
nefer_16,2013-08-29,9770.0,16.97,26.61,1.0,0.0,0.0,2.0
nefer_16,2013-08-30,9770.0,16.97,26.61,1.0,0.0,0.0,2.0
nefer_16,2013-08-31,9770.0,16.97,26.61,1.0,0.0,0.0,2.0
nefer_16,2013-09-01,9770.0,16.97,26.61,1.0,0.0,0.0,2.0
nefer_16,2013-09-02,9770.0,16.97,26.61,1.0,0.0,0.0,2.0
nefer_16,2013-09-03,9770.0,16.97,26.61,1.0,0.0,0.0,2.0
nefer_16,2013-09-04,9770.0,16.97,26.61,1.0,0.0,0.0,2.0
nefer_16,2013-09-05,9770.0,16.97,26.61,1.0,0.0,0.0,2.0
nefer_16,2013-09-06,9770.0,16.97,26.61,1.0,0.0,0.0,2.0
nefer_16,2013-09-07,9770.0,16.97,26.61,1.0,0.0,0.0,2.0
nefer_16,2013-09-08,9770.0,16.97,26.61,1.0,0.0,0.0,2.0
nefer_16,2013-09-09,9770.0,16.97,26.61,1.0,0.0,0.0,2.0
nefer_16,2013-09-10,9770.0,16.97,26.61,1.0,0.0,0.0,2.0
nefer_16,2013-09-11,9770.0,16.97,26.61,1.0,0.0,0.0,2.0
nefer_16,2013-09-12,9770.0,16.97,26.61,1.0,0.0,0.0,2.0
nefer_16,2013-09-13,9770.0,16.97,26.61,1.0,0.0,0.0,2.0
nefer_16,2013-09-14,9770.0,16.97,26.61,1.0,0.0,0.0,2.0
nefer_16,2013-09-15,9770.0,16.97,26.61,1.0,0.0,0.0,2.0
nefer_16,2013-09-16,9770.0,16.97,26.61,1.0,0.0,0.0,2.0
nefer_16,2013-09-17,9770.0,16.97,26.61,1.0,0.0,0.0,2.0
nefer_16,2013-09-18,9770.0,16.97,26.61,1.0,0.0,0.0,2.0
nefer_16,2013-09-19,9770.0,16.97,26.61,1.0,0.0,0.0,2.0
nefer_16,2013-09-20,9770.0,16.97,26.61,1.0,0.0,0.0,2.0
nefer_16,2013-09-21,9770.0,16.97,26.61,1.0,0.0,0.0,2.0
nefer_16,2013-09-22,9770.0,16.97,26.61,1.0,0.0,0.0,2.0
nefer_16,2013-09-23,9770.0,16.97,26.61,1.0,0.0,0.0,2.0
nefer_16,2013-09-24,9770.0,16.97,26.61,1.0,0.0,0.0,2.0
nefer_16,2013-09-25,9770.0,16.97,26.61,1.0,0.0,0.0,2.0
nefer_16,2013-09-26,9770.0,16.97,26.61,1.0,0.0,0.0,2.0
nefer_16,2013-09-27,9770.0,16.97,26.61,1.0,0.0,0.0,2.0
nefer_16,2013-09-28,9770.0,16.97,26.61,1.0,0.0,0.0,2.0
nefer_16,2013-09-29,9770.0,16.97,26.61,1.0,0.0,0.0,2.0
nefer_16,2013-09-30,9770.0,16.97,26.61,1.0,0.0,0.0,2.0
nefer_16,2013-10-01,9770.0,16.97,26.61,1.0,0.0,0.0,2.0
nefer_16,2013-10-02,9770.0,16.97,26.61,1.0,0.0,0.0,2.0
nefer_16,2013-10-03,9770.0,16.97,26.61,1.0,0.0,0.0,2.0
nefer_16,2013-10-04,9770.0,16.97,26.61,1.0,0.0,0.0,2.0
nefer_16,2013-10-05,9770.0,16.97,26.61,1.0,0.0,0.0,2.0
nefer_16,2013-10-06,9770.0,16.97,26.61,1.0,0.0,0.0,2.0
nefer_16,2013-10-07,9770.0,16.97,26.61,1.0,0.0,0.0,2.0
nefer_16,2013-10-08,9770.0,16.97,26.61,1.0,0.0,0.0,2.0
nefer_16,2013-10-09,9770.0,16.97,26.61,1.0,0.0,0.0,2.0
nefer_16,2013-10-10,9770.0,16.97,26.61,1.0,0.0,0.0,2.0
nefer_16,2013-10-11,9770.0,16.97,26.61,1.0,0.0,0.0,2.0
nefer_16,2013-10-12,9770.0,16.97,26.61,1.0,0.0,0.0,2.0
nefer_16,2013-10-13,9770.0,16.97,26.61,1.0,0.0,0.0,2.0
nefer_16,2013-10-14,9770.0,16.97,26.61,1.0,0.0,0.0,2.0
nefer_16,2013-10-15,9770.0,16.97,26.61,1.0,0.0,0.0,2.0
nefer_16,2013-10-16,9770.0,16.97,26.61,1.0,0.0,0.0,2.0
nefer_16,2013-10-17,9770.0,16.97,26.61,1.0,0.0,0.0,2.0
nefer_16,2013-10-18,9770.0,16.97,26.61,1.0,0.0,0.0,2.0
nefer_16,2013-10-19,9770.0,16.97,26.61,1.0,0.0,0.0,2.0
nefer_16,2013-10-20,9770.0,16.97,26.61,1.0,0.0,0.0,2.0
nefer_16,2013-10-21,9770.0,16.97,26.61,1.0,0.0,0.0,2.0
nefer_16,2013-10-22,9770.0,16.97,26.61,1.0,0.0,0.0,2.0
nefer_16,2013-10-23,9770.0,16.97,26.61,1.0,0.0,0.0,2.0
nefer_16,2013-10-24,9770.0,16.97,26.61,1.0,0.0,0.0,2.0
nefer_16,2013-10-25,9770.0,16.97,26.61,1.0,0.0,0.0,2.0
nefer_16,2013-10-26,9770.0,16.97,26.61,1.0,0.0,0.0,2.0
nefer_16,2013-10-27,9770.0,16.97,26.61,1.0,0.0,0.0,2.0
nefer_16,2013-10-28,9770.0,16.97,26.61,1.0,0.0,0.0,2.0
nefer_16,2013-10-29,9770.0,16.97,26.61,1.0,0.0,0.0,2.0
nefer_16,2013-10-30,9770.0,16.97,26.61,1.0,0.0,0.0,2.0
nefer_16,2013-10-31,9770.0,16.97,26.61,1.0,0.0,0.0,2.0
nefer_16,2013-11-01,9770.0,16.97,26.61,1.0,0.0,0.0,2.0
nefer_16,2013-11-02,9770.0,16.97,26.61,1.0,0.0,0.0,2.0
nefer_16,2013-11-03,9770.0,16.97,26.61,1.0,0.0,0.0,2.0
nefer_16,2013-11-04,9770.0,16.97,26.61,1.0,0.0,0.0,2.0
nefer_16,2013-11-05,9770.0,16.97,26.61,1.0,0.0,0.0,2.0
nefer_16,2013-11-06,9770.0,16.97,26.61,1.0,0.0,0.0,2.0
nefer_16,2013-11-07,9770.0,16.97,26.61,1.0,0.0,0.0,2.0
nefer_16,2013-11-08,9770.0,16.97,26.61,1.0,0.0,0.0,2.0
nefer_16,2013-11-09,9770.0,16.97,26.61,1.0,0.0,0.0,2.0
nefer_16,2013-11-10,9770.0,16.97,26.61,1.0,0.0,0.0,2.0
nefer_16,2013-11-11,9770.0,16.97,26.61,1.0,0.0,0.0,2.0
nefer_16,2013-11-12,9770.0,16.97,26.61,1.0,0.0,0.0,2.0
nefer_16,2013-11-13,9770.0,16.97,26.61,1.0,0.0,0.0,2.0
nefer_16,2013-11-14,9770.0,16.97,26.61,1.0,0.0,0.0,2.0
nefer_16,2013-11-15,9770.0,16.97,26.61,1.0,0.0,0.0,2.0
nefer_16,2013-11-16,9770.0,16.97,26.61,1.0,0.0,0.0,2.0
nefer_16,2013-11-17,9770.0,16.97,26.61,1.0,0.0,0.0,2.0
nefer_16,2013-11-18,9770.0,16.97,26.61,1.0,0.0,0.0,2.0
nefer_16,2013-11-19,9770.0,16.97,26.61,1.0,0.0,0.0,2.0
nefer_17,2012-11-20,7430.0,5.45,16.63,0.01,0.0,0.0,-0.1
nefer_17,2012-11-21,1760.0,6.98,12.27,1.57,0.0,0.0,0.0
nefer_17,2012-11-22,6470.0,5.55,13.42,0.04,0.0,0.0,0.0
nefer_17,2012-11-23,6960.0,6.04,14.95,0.03,0.0,0.0,0.0
nefer_17,2012-11-24,5660.0,6.53,19.24,0.07,0.0,0.0,0.0
nefer_17,2012-11-25,4090.0,8.87,14.36,1.02,0.0,0.0,0.0
nefer_17,2012-11-26,2180.0,5.44,10.8,13.46,0.0,0.0,0.0
nefer_17,2012-11-27,4990.0,4.99,9.3,5.8,0.0,0.0,0.0
nefer_17,2012-11-28,2000.0,3.81,5.82,4.62,0.0,0.0,0.0
nefer_17,2012-11-29,2690.0,0.18,5.74,1.76,0.0,0.0,0.0
nefer_17,2012-11-30,7680.0,-2.72,5.37,0.23,0.0,0.0,0.0
nefer_17,2012-12-01,6710.0,-3.35,3.51,0.01,0.0,0.0,4.22e-06
nefer_17,2012-12-02,3820.0,-2.97,7.33,3.76,0.0,0.0,5.16e-06
nefer_17,2012-12-03,3870.0,6.2,13.14,4.8,0.0,0.0,4.449e-05
nefer_17,2012-12-04,5210.0,5.72,8.6,14.96,0.0,0.0,0.00031094
nefer_17,2012-12-05,4470.0,4.74,8.03,15.33,0.0,0.0,0.00058416
nefer_17,2012-12-06,8070.0,-1.18,7.78,0.35,0.0,0.0,0.00089429
nefer_17,2012-12-07,2700.0,-0.5,11.14,8.47,0.0,0.0,0.00108837
nefer_17,2012-12-08,4950.0,-0.08,5.11,2.53,0.0,0.0,0.00145492
nefer_17,2012-12-09,8120.0,-1.69,6.83,0.0,0.0,0.0,0.00165323
nefer_17,2012-12-10,5360.0,-2.43,7.13,0.32,0.0,0.0,0.00187931
nefer_17,2012-12-11,6230.0,-3.17,5.28,0.12,0.0,0.0,0.00210745
nefer_17,2012-12-12,7230.0,-3.95,6.98,0.0,0.0,0.0,0.00221908
nefer_17,2012-12-13,3730.0,1.16,9.07,1.48,0.0,0.0,0.00238966
nefer_17,2012-12-14,2450.0,5.97,10.15,8.01,0.0,0.0,0.0030037
nefer_17,2012-12-15,6360.0,6.88,15.57,0.28,0.0,0.0,0.00404871
nefer_17,2012-12-16,6880.0,8.05,15.2,4.07,0.0,0.0,0.00561195
nefer_17,2012-12-17,4170.0,7.14,10.81,2.45,0.0,0.0,0.00732245
nefer_17,2012-12-18,6430.0,4.98,12.18,0.77,0.0,0.0,0.00870904
nefer_17,2012-12-19,3320.0,6.2,13.92,0.04,0.0,0.0,0.01011833
nefer_17,2012-12-20,2800.0,6.31,13.71,1.5,0.0,0.0,0.01186974
nefer_17,2012-12-21,2770.0,6.56,13.05,4.2,0.0,0.0,0.01371117
nefer_17,2012-12-22,4370.0,6.66,15.54,0.11,0.0,0.0,0.01561356
nefer_17,2012-12-23,7720.0,8.45,20.2,0.04,0.0,0.0,0.01788071
nefer_17,2012-12-24,5360.0,7.22,16.28,0.0,0.0,0.0,0.02093284
nefer_17,2012-12-25,3520.0,5.74,11.29,0.27,0.0,0.0,0.02348757
nefer_17,2012-12-26,6090.0,4.36,11.37,1.19,0.0,0.0,0.02540913
nefer_17,2012-12-27,3340.0,3.98,13.12,0.82,0.0,0.0,0.02727038
nefer_17,2012-12-28,5460.0,7.08,14.87,1.36,0.0,0.0,0.0293897
nefer_17,2012-12-29,7810.0,4.42,14.55,0.68,0.0,0.0,0.03223618
nefer_17,2012-12-30,5200.0,5.21,9.55,0.73,0.0,0.0,0.03479422
nefer_17,2012-12-31,6440.0,3.18,12.15,0.0,0.0,0.0,0.03687354
nefer_17,2013-01-01,4170.0,5.18,11.01,11.62,0.0,0.0,0.039128
nefer_17,2013-01-02,5260.0,1.14,7.36,1.44,0.0,0.0,0.04159332
nefer_17,2013-01-03,6810.0,0.8,9.3,0.01,0.0,0.0,0.042942
nefer_17,2013-01-04,3780.0,4.84,12.27,0.03,0.0,0.0,0.04461093
nefer_17,2013-01-05,3250.0,4.88,9.73,0.11,0.0,0.0,0.04755388
nefer_17,2013-01-06,3410.0,1.45,8.73,0.03,0.0,0.0,0.05015178
nefer_17,2013-01-07,3440.0,0.92,7.55,0.02,0.0,0.0,0.05197936
nefer_17,2013-01-08,3170.0,0.73,5.99,0.07,0.0,0.0,0.05351532
nefer_17,2013-01-09,2920.0,0.38,5.64,0.1,0.0,0.0,0.05474679
nefer_17,2013-01-10,2940.0,2.97,11.86,3.12,0.0,0.0,0.0558621
nefer_17,2013-01-11,8130.0,2.37,9.76,0.55,0.0,0.0,0.0586409
nefer_17,2013-01-12,5470.0,1.32,8.36,2.0,0.0,0.0,0.06094055
nefer_17,2013-01-13,2880.0,0.83,4.15,18.19,0.0,0.0,0.06279799
nefer_17,2013-01-14,3930.0,-1.33,3.31,2.75,0.0,0.0,0.06376549
nefer_17,2013-01-15,6220.0,1.48,5.42,14.54,0.0,0.0,0.06415508
nefer_17,2013-01-16,1820.0,-1.35,6.76,26.99,0.0,0.0,0.06553048
nefer_17,2013-01-17,7920.0,-5.24,2.09,0.05,0.0,0.0,0.06662326
nefer_17,2013-01-18,2810.0,-2.36,6.43,7.71,0.0,0.0,0.06662326
nefer_17,2013-01-19,2760.0,4.54,8.17,20.7,0.0,0.0,0.06746806
nefer_17,2013-01-20,4720.0,0.71,4.97,20.04,0.0,0.0,0.07014323
nefer_17,2013-01-21,6570.0,2.11,5.62,5.54,0.0,0.0,0.07135572
nefer_17,2013-01-22,6130.0,-1.02,8.12,5.21,0.0,0.0,0.07302954
nefer_17,2013-01-23,4920.0,-0.52,5.65,2.15,0.0,0.0,0.07458926
nefer_17,2013-01-24,4920.0,-0.02,4.94,6.23,0.0,0.0,0.07573271
nefer_17,2013-01-25,8700.0,-0.95,5.48,0.22,0.0,0.0,0.07684555
nefer_17,2013-01-26,3320.0,0.22,6.94,11.91,0.0,0.0,0.0778854
nefer_17,2013-01-27,2600.0,2.01,10.12,16.62,0.0,0.0,0.07955349
nefer_17,2013-01-28,7020.0,4.01,10.73,1.28,0.0,0.0,0.08242187
nefer_17,2013-01-29,7390.0,3.33,13.34,0.0,0.0,0.0,0.0859599
nefer_17,2013-01-30,9430.0,7.08,17.68,0.01,0.0,0.0,0.09002158
nefer_17,2013-01-31,7580.0,8.63,16.0,0.1,0.0,0.0,0.09614559
nefer_17,2013-02-01,6540.0,9.56,15.57,3.24,0.0,0.0,0.10232964
nefer_17,2013-02-02,4870.0,1.17,9.92,9.64,0.0,0.0,0.10873471
nefer_17,2013-02-03,7690.0,-0.56,5.01,0.21,0.0,0.0,0.11160407
nefer_17,2013-02-04,3980.0,1.42,10.91,2.07,0.0,0.0,0.11277283
nefer_17,2013-02-05,6200.0,4.67,10.89,12.41,0.0,0.0,0.11606007
nefer_17,2013-02-06,6100.0,2.24,6.51,12.87,0.0,0.0,0.12027089
nefer_17,2013-02-07,7100.0,-1.42,4.51,1.22,0.0,0.0,0.12267433
nefer_17,2013-02-08,5220.0,-1.45,3.71,3.19,0.0,0.0,0.12353579
nefer_17,2013-02-09,8140.0,-2.15,4.4,3.0,0.0,0.0,0.12417524
nefer_17,2013-02-10,7170.0,3.3,11.99,10.11,0.0,0.0,0.12482131
nefer_17,2013-02-11,7090.0,2.15,4.32,15.99,0.0,0.0,0.12927659
nefer_17,2013-02-12,8560.0,2.03,7.05,5.78,0.0,0.0,0.13118956
nefer_17,2013-02-13,6130.0,1.58,7.08,0.81,0.0,0.0,0.13391349
nefer_17,2013-02-14,5920.0,2.89,11.12,4.6,0.0,0.0,0.1365492
nefer_17,2013-02-15,10670.0,3.98,10.08,1.76,0.0,0.0,0.14087485
nefer_17,2013-02-16,13720.0,2.48,11.02,0.0,0.0,0.0,0.14527829
nefer_17,2013-02-17,13570.0,2.01,11.56,0.0,0.0,0.0,0.14956669
nefer_17,2013-02-18,10310.0,2.95,12.01,0.04,0.0,0.0,0.15393844
nefer_17,2013-02-19,13840.0,1.75,13.91,0.06,0.0,0.0,0.15882586
nefer_17,2013-02-20,14220.0,2.3,12.38,0.0,0.0,0.0,0.16401348
nefer_17,2013-02-21,12920.0,1.07,11.98,0.05,0.0,0.0,0.16894395
nefer_17,2013-02-22,14110.0,-4.88,4.12,1.06,0.0,0.0,0.17338732
nefer_17,2013-02-23,6990.0,-5.38,-0.98,0.1,0.0,0.0,0.17338732
nefer_17,2013-02-24,7130.0,-3.48,-0.1,0.46,0.0,0.0,0.17338732
nefer_17,2013-02-25,6960.0,-2.62,1.19,2.24,0.0,0.0,0.17338732
nefer_17,2013-02-26,9050.0,-2.84,3.54,0.48,0.0,0.0,0.17338732
nefer_17,2013-02-27,13690.0,-2.09,6.8,0.0,0.0,0.0,0.17364213
nefer_17,2013-02-28,13380.0,-1.6,9.2,0.08,0.0,0.0,0.17537914
nefer_17,2013-03-01,11460.0,0.15,11.1,0.29,0.0,0.0,0.17821844
nefer_17,2013-03-02,15360.0,-0.63,8.27,0.0,0.0,0.0,0.18247558
nefer_17,2013-03-03,15740.0,-0.01,12.98,0.0,0.0,0.0,0.18540364
nefer_17,2013-03-04,15140.0,1.18,15.37,0.03,0.0,0.0,0.19043748
nefer_17,2013-03-05,8380.0,8.67,15.33,0.59,0.0,0.0,0.19694154
nefer_17,2013-03-06,5480.0,6.9,11.05,3.84,0.0,0.0,0.20649096
nefer_17,2013-03-07,15490.0,7.4,20.06,1.13,0.0,0.0,0.21372135
nefer_17,2013-03-08,15290.0,8.41,16.16,4.95,0.0,0.0,0.22491786
nefer_17,2013-03-09,14820.0,7.26,16.61,3.14,0.0,0.0,0.23505758
nefer_17,2013-03-10,14400.0,7.26,16.12,0.24,0.0,0.0,0.24502687
nefer_17,2013-03-11,16680.0,6.61,14.83,2.31,0.0,0.0,0.25490789
nefer_17,2013-03-12,9240.0,2.37,9.85,2.07,0.0,0.0,0.26407602
nefer_17,2013-03-13,5700.0,-1.96,1.3,6.33,0.0,0.0,0.26936267
nefer_17,2013-03-14,10920.0,-2.41,4.25,1.14,0.0,0.0,0.26936267
nefer_17,2013-03-15,19110.0,-3.12,7.51,0.01,0.0,0.0,0.27017718
nefer_17,2013-03-16,15580.0,-1.69,14.33,0.02,0.0,0.0,0.27214263
nefer_17,2013-03-17,5440.0,5.29,9.62,6.89,0.0,0.0,0.27786554
nefer_17,2013-03-18,13790.0,2.98,8.42,1.86,0.0,0.0,0.2846917
nefer_17,2013-03-19,16840.0,3.0,13.05,1.82,0.0,0.0,0.28996871
nefer_17,2013-03-20,14680.0,2.88,11.22,2.02,0.0,0.0,0.29747973
nefer_17,2013-03-21,19730.0,2.61,17.1,0.0,0.0,0.0,0.30414996
nefer_17,2013-03-22,16510.0,4.33,20.69,3.02,0.0,0.0,0.31357457
nefer_17,2013-03-23,11740.0,7.03,15.33,3.71,0.0,0.0,0.32566595
nefer_17,2013-03-24,14790.0,5.83,15.59,0.43,0.0,0.0,0.33658614
nefer_17,2013-03-25,11560.0,7.78,12.84,5.12,0.0,80.0,0.34715689
nefer_17,2013-03-26,12310.0,6.13,12.64,2.83,0.0,0.0,0.3574385
nefer_17,2013-03-27,14750.0,4.15,14.73,1.14,0.0,0.0,0.36689393
nefer_17,2013-03-28,7930.0,6.63,12.6,1.94,0.0,0.0,0.3765017
nefer_17,2013-03-29,17190.0,6.46,16.22,13.2,0.0,0.0,0.38638639
nefer_17,2013-03-30,13520.0,7.75,13.46,11.64,0.0,0.0,0.39816106
nefer_17,2013-03-31,17030.0,5.36,12.5,1.29,0.0,0.0,0.40928167
nefer_17,2013-04-01,6060.0,5.23,9.65,7.36,0.0,0.0,0.41873776
nefer_17,2013-04-02,11830.0,6.2,12.55,2.56,0.0,0.0,0.42669268
nefer_17,2013-04-03,20660.0,5.46,14.1,0.07,0.0,0.0,0.43681305
nefer_17,2013-04-04,6460.0,4.69,12.83,7.21,0.0,0.0,0.44747135
nefer_17,2013-04-05,12530.0,1.41,8.85,1.19,0.0,0.0,0.45710825
nefer_17,2013-04-06,9040.0,1.35,7.49,3.35,0.0,0.0,0.46280459
nefer_17,2013-04-07,15300.0,1.58,11.69,0.06,0.0,0.0,0.46775804
nefer_17,2013-04-08,14940.0,5.23,11.12,4.46,0.0,0.0,0.47526207
nefer_17,2013-04-09,9360.0,5.05,12.24,0.9,0.0,0.0,0.48459185
nefer_17,2013-04-10,20060.0,5.27,19.18,0.07,0.0,0.0,0.4945468
nefer_17,2013-04-11,16880.0,8.38,21.1,5.72,0.0,0.0,0.50874968
nefer_17,2013-04-12,20090.0,7.7,16.8,0.72,0.0,0.0,0.52602553
nefer_17,2013-04-13,24000.0,6.45,21.23,0.06,0.0,0.0,0.5405084
nefer_17,2013-04-14,24950.0,8.48,25.86,0.02,0.0,0.0,0.55701254
nefer_17,2013-04-15,19720.0,9.72,20.58,0.26,0.0,0.0,0.57766289
nefer_17,2013-04-16,21450.0,10.93,21.49,0.0,0.0,0.0,0.59603808
nefer_17,2013-04-17,24130.0,12.98,26.44,0.04,0.0,0.0,0.61586367
nefer_17,2013-04-18,11040.0,10.23,18.01,2.44,0.0,0.0,0.64016977
nefer_17,2013-04-19,7990.0,4.3,12.05,5.02,0.0,0.0,0.65772517
nefer_17,2013-04-20,20450.0,3.89,12.69,0.17,0.0,0.0,0.66797161
nefer_17,2013-04-21,17600.0,3.12,14.34,0.02,0.0,0.0,0.67844554
nefer_17,2013-04-22,20310.0,5.17,14.4,0.0,0.0,0.0,0.68956288
nefer_17,2013-04-23,20860.0,4.49,17.02,0.01,0.0,0.0,0.70212146
nefer_17,2013-04-24,26590.0,6.05,19.21,0.0,0.0,0.0,0.71603199
nefer_17,2013-04-25,18590.0,7.54,21.65,0.45,0.0,0.0,0.7324928
nefer_17,2013-04-26,6170.0,8.51,15.88,3.94,0.0,0.0,0.75165859
nefer_17,2013-04-27,12280.0,2.34,9.24,7.15,0.0,0.0,0.76779249
nefer_17,2013-04-28,10020.0,0.4,11.75,1.23,0.0,0.0,0.77550919
nefer_17,2013-04-29,4800.0,2.67,11.15,11.31,0.0,0.0,0.78366474
nefer_17,2013-04-30,8320.0,5.76,15.24,2.1,0.0,0.0,0.79300801
nefer_17,2013-05-01,21130.0,8.33,16.32,1.25,0.0,0.0,0.80730627
nefer_17,2013-05-02,14730.0,7.3,14.21,5.41,0.0,0.0,0.82420724
nefer_17,2013-05-03,13590.0,8.08,16.32,3.03,0.0,0.0,0.83905717
nefer_17,2013-05-04,23320.0,6.6,17.19,0.4,0.0,0.0,0.85601697
nefer_17,2013-05-05,26640.0,6.05,20.05,0.0,0.0,0.0,0.87266372
nefer_17,2013-05-06,28330.0,8.65,21.93,0.0,0.0,0.0,0.89104756
nefer_17,2013-05-07,16950.0,12.27,20.76,0.68,0.0,0.0,0.9127271
nefer_17,2013-05-08,16880.0,13.34,22.63,3.1,0.0,0.0,0.93629352
nefer_17,2013-05-09,10210.0,11.05,19.85,10.15,0.0,0.0,0.96211928
nefer_17,2013-05-10,18270.0,7.69,16.3,0.39,0.0,0.0,0.98444232
nefer_17,2013-05-11,19000.0,6.98,16.2,0.01,0.0,0.0,1.0
nefer_17,2013-05-12,14750.0,7.35,15.78,0.11,0.0,0.0,1.00965532
nefer_17,2013-05-13,21390.0,7.55,18.08,0.01,0.0,0.0,1.01928981
nefer_17,2013-05-14,23340.0,7.66,21.12,3.8,0.0,60.0,1.02996564
nefer_17,2013-05-15,5710.0,7.0,12.97,10.74,0.0,0.0,1.04195357
nefer_17,2013-05-16,17250.0,5.58,13.38,1.06,0.0,0.0,1.05027181
nefer_17,2013-05-17,26430.0,5.35,16.56,4.04,0.0,0.0,1.05816934
nefer_17,2013-05-18,18150.0,7.85,15.06,9.67,0.0,0.0,1.06729566
nefer_17,2013-05-19,18620.0,6.64,14.3,3.28,0.0,0.0,1.07683851
nefer_17,2013-05-20,21800.0,5.83,15.66,0.62,0.0,0.0,1.08556079
nefer_17,2013-05-21,10350.0,5.67,14.14,3.54,0.0,0.0,1.09451216
nefer_17,2013-05-22,11390.0,10.55,16.68,7.53,0.0,0.0,1.10276375
nefer_17,2013-05-23,12760.0,7.9,14.58,2.23,0.0,0.0,1.11410604
nefer_17,2013-05-24,18960.0,6.31,13.27,4.41,0.0,0.0,1.12346979
nefer_17,2013-05-25,20210.0,4.3,13.37,3.26,0.0,0.0,1.13162557
nefer_17,2013-05-26,29870.0,3.44,16.89,0.0,0.0,0.0,1.13898578
nefer_17,2013-05-27,24810.0,7.48,17.49,0.57,0.0,0.0,1.14745396
nefer_17,2013-05-28,12030.0,7.97,13.05,8.33,0.0,0.0,1.15785488
nefer_17,2013-05-29,17790.0,7.51,10.94,7.14,0.0,0.0,1.16661048
nefer_17,2013-05-30,9390.0,7.66,12.55,20.5,0.0,0.0,1.17429558
nefer_17,2013-05-31,14750.0,10.8,16.67,25.13,0.0,0.0,1.18271379
nefer_17,2013-06-01,15320.0,10.83,18.1,1.49,0.0,0.0,1.19415605
nefer_17,2013-06-02,14690.0,10.23,18.54,1.19,0.0,0.0,1.20620646
nefer_17,2013-06-03,27720.0,8.59,19.67,0.15,0.0,0.0,1.21819021
nefer_17,2013-06-04,23580.0,7.23,19.83,0.0,0.0,0.0,1.22996154
nefer_17,2013-06-05,29050.0,10.53,23.96,0.02,0.0,0.0,1.24123302
nefer_17,2013-06-06,29090.0,12.24,24.59,1.09,0.0,0.0,1.25559937
nefer_17,2013-06-07,24720.0,13.96,24.37,0.35,0.0,0.0,1.27094041
nefer_17,2013-06-08,10080.0,11.83,17.57,16.43,0.0,0.0,1.28690626
nefer_17,2013-06-09,11920.0,11.23,16.98,16.6,0.0,0.0,1.29915244
nefer_17,2013-06-10,15850.0,11.99,19.38,2.73,0.0,0.0,1.31090294
nefer_17,2013-06-11,23550.0,13.28,23.31,0.06,0.0,0.0,1.32396969
nefer_17,2013-06-12,29440.0,14.44,26.92,0.0,0.0,0.0,1.33921076
nefer_17,2013-06-13,8850.0,13.65,23.13,1.93,0.0,0.0,1.35643872
nefer_17,2013-06-14,27780.0,12.46,26.36,0.39,0.0,0.0,1.37175894
nefer_17,2013-06-15,20460.0,14.58,23.07,0.06,0.0,0.0,1.38792889
nefer_17,2013-06-16,29650.0,13.75,31.44,0.01,0.0,0.0,1.40361149
nefer_17,2013-06-17,18130.0,16.33,28.55,3.12,0.0,0.0,1.42243478
nefer_17,2013-06-18,10400.0,16.61,22.89,28.7,0.0,0.0,1.44112895
nefer_17,2013-06-19,11110.0,13.4,18.9,7.78,0.0,0.0,1.45758214
nefer_17,2013-06-20,19220.0,11.5,18.72,3.72,0.0,0.0,1.47103627
nefer_17,2013-06-21,13540.0,9.87,17.94,3.44,0.0,0.0,1.48362401
nefer_17,2013-06-22,25140.0,10.68,21.3,0.21,0.0,0.0,1.4952079
nefer_17,2013-06-23,15510.0,10.23,18.15,0.76,0.0,0.0,1.50852874
nefer_17,2013-06-24,17840.0,9.15,16.3,0.02,0.0,0.0,1.52035005
nefer_17,2013-06-25,22670.0,8.24,19.66,0.01,0.0,0.0,1.5309509
nefer_17,2013-06-26,30350.0,7.78,21.32,0.0,0.0,0.0,1.54257227
nefer_17,2013-06-27,25010.0,9.43,20.56,0.04,0.0,0.0,1.55469349
nefer_17,2013-06-28,14690.0,12.28,21.32,0.04,0.0,0.0,1.56718542
nefer_17,2013-06-29,14010.0,12.91,22.33,0.12,0.0,0.0,1.58118105
nefer_17,2013-06-30,25890.0,13.88,23.69,0.11,0.0,0.0,1.5958598
nefer_17,2013-07-01,28050.0,15.41,26.4,0.72,0.0,0.0,1.61150909
nefer_17,2013-07-02,25120.0,16.6,26.15,0.79,0.0,0.0,1.62892448
nefer_17,2013-07-03,9980.0,15.74,22.77,4.41,0.0,0.0,1.64673142
nefer_17,2013-07-04,24590.0,14.8,23.48,0.28,0.0,0.0,1.66277225
nefer_17,2013-07-05,30250.0,15.55,27.26,0.09,0.0,0.0,1.67871727
nefer_17,2013-07-06,30170.0,16.86,28.87,0.0,0.0,0.0,1.6965492
nefer_17,2013-07-07,29420.0,16.74,29.03,0.0,0.0,0.0,1.71559742
nefer_17,2013-07-08,28070.0,19.01,29.96,0.0,0.0,0.0,1.7346623
nefer_17,2013-07-09,27690.0,20.01,31.22,0.09,0.0,0.0,1.7550601
nefer_17,2013-07-10,21130.0,20.06,29.13,0.69,0.0,0.0,1.77639927
nefer_17,2013-07-11,24230.0,19.17,28.7,0.4,0.0,0.0,1.79688871
nefer_17,2013-07-12,26650.0,19.52,30.68,0.0,0.0,0.0,1.81682832
nefer_17,2013-07-13,20900.0,21.13,30.55,1.34,0.0,0.0,1.83773846
nefer_17,2013-07-14,17170.0,18.4,26.94,3.53,0.0,0.0,1.85926507
nefer_17,2013-07-15,26580.0,17.05,29.53,1.0,0.0,0.0,1.87815084
nefer_17,2013-07-16,21570.0,17.66,27.01,2.41,0.0,0.0,1.89755312
nefer_17,2013-07-17,21580.0,17.85,27.65,0.43,0.0,0.0,1.91615981
nefer_17,2013-07-18,20720.0,17.61,28.24,0.57,0.0,0.0,1.93511222
nefer_17,2013-07-19,25660.0,18.51,29.24,0.05,0.0,0.0,1.95421043
nefer_17,2013-07-20,25930.0,20.01,30.38,0.05,0.0,0.0,1.97410005
nefer_17,2013-07-21,25540.0,19.6,32.63,0.16,0.0,0.0,1.99508933
nefer_17,2013-07-22,27520.0,19.69,32.49,0.0,0.0,0.0,2.0
nefer_17,2013-07-23,19060.0,21.06,30.83,2.42,0.0,0.0,2.0
nefer_17,2013-07-24,21710.0,20.66,29.44,3.2,0.0,0.0,2.0
nefer_17,2013-07-25,27360.0,20.37,36.73,0.01,0.0,0.0,2.0
nefer_17,2013-07-26,23320.0,20.41,36.29,0.18,0.0,0.0,2.0
nefer_17,2013-07-27,23970.0,19.75,35.07,3.23,0.0,0.0,2.0
nefer_17,2013-07-28,18050.0,19.35,28.8,1.54,0.0,0.0,2.0
nefer_17,2013-07-29,24330.0,16.57,24.48,6.38,0.0,0.0,2.0
nefer_17,2013-07-30,27930.0,15.55,29.05,0.01,0.0,0.0,2.0
nefer_17,2013-07-31,28090.0,16.93,34.0,0.0,0.0,0.0,2.0
nefer_17,2013-08-01,25980.0,18.55,37.51,0.0,0.0,0.0,2.0
nefer_17,2013-08-02,25480.0,18.23,37.89,0.01,0.0,0.0,2.0
nefer_17,2013-08-03,22150.0,18.93,29.33,0.03,0.0,0.0,2.0
nefer_17,2013-08-04,26060.0,16.44,31.28,0.04,0.0,0.0,2.0
nefer_17,2013-08-05,20590.0,19.39,32.99,0.07,0.0,0.0,2.0
nefer_17,2013-08-06,15890.0,18.55,29.57,5.02,0.0,0.0,2.0
nefer_17,2013-08-07,13310.0,16.31,24.97,8.06,0.0,0.0,2.0
nefer_17,2013-08-08,20830.0,14.69,23.82,3.98,0.0,0.0,2.0
nefer_17,2013-08-09,20850.0,15.06,27.15,0.02,0.0,0.0,2.0
nefer_17,2013-08-10,24480.0,15.3,28.08,0.01,0.0,0.0,2.0
nefer_17,2013-08-11,26830.0,14.52,30.65,0.0,0.0,0.0,2.0
nefer_17,2013-08-12,24890.0,17.09,33.03,0.31,0.0,0.0,2.0
nefer_17,2013-08-13,19500.0,17.19,29.15,0.54,0.0,0.0,2.0
nefer_17,2013-08-14,25590.0,13.71,28.94,0.0,0.0,0.0,2.0
nefer_17,2013-08-15,24350.0,15.33,31.04,0.01,0.0,0.0,2.0
nefer_17,2013-08-16,23790.0,19.39,32.73,3.14,0.0,0.0,2.0
nefer_17,2013-08-17,23000.0,17.31,28.8,2.24,0.0,0.0,2.0
nefer_17,2013-08-18,25010.0,18.13,32.18,0.01,0.0,0.0,2.0
nefer_17,2013-08-19,8740.0,15.32,27.04,1.01,0.0,0.0,2.0
nefer_17,2013-08-20,24350.0,12.9,28.64,0.0,0.0,0.0,2.0
nefer_17,2013-08-21,24050.0,14.6,32.08,0.02,0.0,0.0,2.0
nefer_17,2013-08-22,22540.0,16.38,33.54,0.0,0.0,0.0,2.0
nefer_17,2013-08-23,13040.0,18.4,29.74,0.14,0.0,0.0,2.0
nefer_17,2013-08-24,9770.0,16.97,26.61,1.0,0.0,0.0,2.0
nefer_17,2013-08-25,9770.0,16.97,26.61,1.0,0.0,0.0,2.0
nefer_17,2013-08-26,9770.0,16.97,26.61,1.0,0.0,0.0,2.0
nefer_17,2013-08-27,9770.0,16.97,26.61,1.0,0.0,0.0,2.0
nefer_17,2013-08-28,9770.0,16.97,26.61,1.0,0.0,0.0,2.0
nefer_17,2013-08-29,9770.0,16.97,26.61,1.0,0.0,0.0,2.0
nefer_17,2013-08-30,9770.0,16.97,26.61,1.0,0.0,0.0,2.0
nefer_17,2013-08-31,9770.0,16.97,26.61,1.0,0.0,0.0,2.0
nefer_17,2013-09-01,9770.0,16.97,26.61,1.0,0.0,0.0,2.0
nefer_17,2013-09-02,9770.0,16.97,26.61,1.0,0.0,0.0,2.0
nefer_17,2013-09-03,9770.0,16.97,26.61,1.0,0.0,0.0,2.0
nefer_17,2013-09-04,9770.0,16.97,26.61,1.0,0.0,0.0,2.0
nefer_17,2013-09-05,9770.0,16.97,26.61,1.0,0.0,0.0,2.0
nefer_17,2013-09-06,9770.0,16.97,26.61,1.0,0.0,0.0,2.0
nefer_17,2013-09-07,9770.0,16.97,26.61,1.0,0.0,0.0,2.0
nefer_17,2013-09-08,9770.0,16.97,26.61,1.0,0.0,0.0,2.0
nefer_17,2013-09-09,9770.0,16.97,26.61,1.0,0.0,0.0,2.0
nefer_17,2013-09-10,9770.0,16.97,26.61,1.0,0.0,0.0,2.0
nefer_17,2013-09-11,9770.0,16.97,26.61,1.0,0.0,0.0,2.0
nefer_17,2013-09-12,9770.0,16.97,26.61,1.0,0.0,0.0,2.0
nefer_17,2013-09-13,9770.0,16.97,26.61,1.0,0.0,0.0,2.0
nefer_17,2013-09-14,9770.0,16.97,26.61,1.0,0.0,0.0,2.0
nefer_17,2013-09-15,9770.0,16.97,26.61,1.0,0.0,0.0,2.0
nefer_17,2013-09-16,9770.0,16.97,26.61,1.0,0.0,0.0,2.0
nefer_17,2013-09-17,9770.0,16.97,26.61,1.0,0.0,0.0,2.0
nefer_17,2013-09-18,9770.0,16.97,26.61,1.0,0.0,0.0,2.0
nefer_17,2013-09-19,9770.0,16.97,26.61,1.0,0.0,0.0,2.0
nefer_17,2013-09-20,9770.0,16.97,26.61,1.0,0.0,0.0,2.0
nefer_17,2013-09-21,9770.0,16.97,26.61,1.0,0.0,0.0,2.0
nefer_17,2013-09-22,9770.0,16.97,26.61,1.0,0.0,0.0,2.0
nefer_17,2013-09-23,9770.0,16.97,26.61,1.0,0.0,0.0,2.0
nefer_17,2013-09-24,9770.0,16.97,26.61,1.0,0.0,0.0,2.0
nefer_17,2013-09-25,9770.0,16.97,26.61,1.0,0.0,0.0,2.0
nefer_17,2013-09-26,9770.0,16.97,26.61,1.0,0.0,0.0,2.0
nefer_17,2013-09-27,9770.0,16.97,26.61,1.0,0.0,0.0,2.0
nefer_17,2013-09-28,9770.0,16.97,26.61,1.0,0.0,0.0,2.0
nefer_17,2013-09-29,9770.0,16.97,26.61,1.0,0.0,0.0,2.0
nefer_17,2013-09-30,9770.0,16.97,26.61,1.0,0.0,0.0,2.0
nefer_17,2013-10-01,9770.0,16.97,26.61,1.0,0.0,0.0,2.0
nefer_17,2013-10-02,9770.0,16.97,26.61,1.0,0.0,0.0,2.0
nefer_17,2013-10-03,9770.0,16.97,26.61,1.0,0.0,0.0,2.0
nefer_17,2013-10-04,9770.0,16.97,26.61,1.0,0.0,0.0,2.0
nefer_17,2013-10-05,9770.0,16.97,26.61,1.0,0.0,0.0,2.0
nefer_17,2013-10-06,9770.0,16.97,26.61,1.0,0.0,0.0,2.0
nefer_17,2013-10-07,9770.0,16.97,26.61,1.0,0.0,0.0,2.0
nefer_17,2013-10-08,9770.0,16.97,26.61,1.0,0.0,0.0,2.0
nefer_17,2013-10-09,9770.0,16.97,26.61,1.0,0.0,0.0,2.0
nefer_17,2013-10-10,9770.0,16.97,26.61,1.0,0.0,0.0,2.0
nefer_17,2013-10-11,9770.0,16.97,26.61,1.0,0.0,0.0,2.0
nefer_17,2013-10-12,9770.0,16.97,26.61,1.0,0.0,0.0,2.0
nefer_17,2013-10-13,9770.0,16.97,26.61,1.0,0.0,0.0,2.0
nefer_17,2013-10-14,9770.0,16.97,26.61,1.0,0.0,0.0,2.0
nefer_17,2013-10-15,9770.0,16.97,26.61,1.0,0.0,0.0,2.0
nefer_17,2013-10-16,9770.0,16.97,26.61,1.0,0.0,0.0,2.0
nefer_17,2013-10-17,9770.0,16.97,26.61,1.0,0.0,0.0,2.0
nefer_17,2013-10-18,9770.0,16.97,26.61,1.0,0.0,0.0,2.0
nefer_17,2013-10-19,9770.0,16.97,26.61,1.0,0.0,0.0,2.0
nefer_17,2013-10-20,9770.0,16.97,26.61,1.0,0.0,0.0,2.0
nefer_17,2013-10-21,9770.0,16.97,26.61,1.0,0.0,0.0,2.0
nefer_17,2013-10-22,9770.0,16.97,26.61,1.0,0.0,0.0,2.0
nefer_17,2013-10-23,9770.0,16.97,26.61,1.0,0.0,0.0,2.0
nefer_17,2013-10-24,9770.0,16.97,26.61,1.0,0.0,0.0,2.0
nefer_17,2013-10-25,9770.0,16.97,26.61,1.0,0.0,0.0,2.0
nefer_17,2013-10-26,9770.0,16.97,26.61,1.0,0.0,0.0,2.0
nefer_17,2013-10-27,9770.0,16.97,26.61,1.0,0.0,0.0,2.0
nefer_17,2013-10-28,9770.0,16.97,26.61,1.0,0.0,0.0,2.0
nefer_17,2013-10-29,9770.0,16.97,26.61,1.0,0.0,0.0,2.0
nefer_17,2013-10-30,9770.0,16.97,26.61,1.0,0.0,0.0,2.0
nefer_17,2013-10-31,9770.0,16.97,26.61,1.0,0.0,0.0,2.0
nefer_17,2013-11-01,9770.0,16.97,26.61,1.0,0.0,0.0,2.0
nefer_17,2013-11-02,9770.0,16.97,26.61,1.0,0.0,0.0,2.0
nefer_17,2013-11-03,9770.0,16.97,26.61,1.0,0.0,0.0,2.0
nefer_17,2013-11-04,9770.0,16.97,26.61,1.0,0.0,0.0,2.0
nefer_17,2013-11-05,9770.0,16.97,26.61,1.0,0.0,0.0,2.0
nefer_17,2013-11-06,9770.0,16.97,26.61,1.0,0.0,0.0,2.0
nefer_17,2013-11-07,9770.0,16.97,26.61,1.0,0.0,0.0,2.0
nefer_17,2013-11-08,9770.0,16.97,26.61,1.0,0.0,0.0,2.0
nefer_17,2013-11-09,9770.0,16.97,26.61,1.0,0.0,0.0,2.0
nefer_17,2013-11-10,9770.0,16.97,26.61,1.0,0.0,0.0,2.0
nefer_17,2013-11-11,9770.0,16.97,26.61,1.0,0.0,0.0,2.0
nefer_17,2013-11-12,9770.0,16.97,26.61,1.0,0.0,0.0,2.0
nefer_17,2013-11-13,9770.0,16.97,26.61,1.0,0.0,0.0,2.0
nefer_17,2013-11-14,9770.0,16.97,26.61,1.0,0.0,0.0,2.0
nefer_17,2013-11-15,9770.0,16.97,26.61,1.0,0.0,0.0,2.0
nefer_17,2013-11-16,9770.0,16.97,26.61,1.0,0.0,0.0,2.0
nefer_17,2013-11-17,9770.0,16.97,26.61,1.0,0.0,0.0,2.0
nefer_17,2013-11-18,9770.0,16.97,26.61,1.0,0.0,0.0,2.0
nefer_17,2013-11-19,9770.0,16.97,26.61,1.0,0.0,0.0,2.0
nefer_18,2011-11-14,8910.0,10.9,20.48,0.0,0.0,0.0,-0.1
nefer_18,2011-11-15,5630.0,11.36,17.49,0.91,0.0,0.0,0.0
nefer_18,2011-11-16,6560.0,8.16,16.97,1.65,0.0,0.0,0.0
nefer_18,2011-11-17,8950.0,7.3,16.3,0.12,0.0,0.0,0.0
nefer_18,2011-11-18,7600.0,5.92,17.09,0.05,0.0,0.0,0.0
nefer_18,2011-11-19,8780.0,5.32,18.93,0.02,0.0,0.0,0.0
nefer_18,2011-11-20,6900.0,9.5,17.67,0.04,0.0,0.0,0.0
nefer_18,2011-11-21,6550.0,7.59,17.97,0.44,0.0,0.0,0.0
nefer_18,2011-11-22,4910.0,7.6,17.11,0.61,0.0,0.0,0.0
nefer_18,2011-11-23,8140.0,6.44,16.51,0.12,0.0,0.0,0.0
nefer_18,2011-11-24,4720.0,5.15,14.53,0.08,0.0,0.0,0.0
nefer_18,2011-11-25,4760.0,4.25,12.04,0.07,0.0,0.0,0.0
nefer_18,2011-11-26,4850.0,4.35,12.15,0.02,0.0,0.0,0.0
nefer_18,2011-11-27,3100.0,2.05,10.48,0.05,0.0,0.0,0.0
nefer_18,2011-11-28,3820.0,1.19,9.13,0.01,0.0,0.0,5.748e-05
nefer_18,2011-11-29,6900.0,3.17,18.24,0.02,0.0,0.0,0.00016497
nefer_18,2011-11-30,7020.0,5.68,15.62,0.0,0.0,0.0,0.00050974
nefer_18,2011-12-01,7350.0,5.94,17.93,0.02,0.0,0.0,0.00095867
nefer_18,2011-12-02,2620.0,5.45,10.3,3.46,0.0,0.0,0.00157888
nefer_18,2011-12-03,3570.0,4.62,10.88,1.01,0.0,0.0,0.00204747
nefer_18,2011-12-04,4930.0,8.34,11.92,1.68,0.0,0.0,0.0025897
nefer_18,2011-12-05,4220.0,6.8,11.17,5.19,0.0,0.0,0.00340238
nefer_18,2011-12-06,3340.0,8.04,12.01,6.15,0.0,0.0,0.00421195
nefer_18,2011-12-07,4320.0,8.62,11.31,2.07,0.0,0.0,0.00521466
nefer_18,2011-12-08,5270.0,6.37,14.17,0.19,0.0,0.0,0.00630839
nefer_18,2011-12-09,4750.0,6.27,13.68,0.01,0.0,0.0,0.00753474
nefer_18,2011-12-10,7160.0,5.31,14.62,0.0,0.0,0.0,0.00881708
nefer_18,2011-12-11,7130.0,5.06,14.08,0.08,0.0,0.0,0.01019249
nefer_18,2011-12-12,5900.0,4.59,11.54,2.73,0.0,0.0,0.01160341
nefer_18,2011-12-13,4690.0,5.43,16.41,0.69,0.0,0.0,0.01286796
nefer_18,2011-12-14,2790.0,5.05,12.12,2.69,0.0,0.0,0.01468219
nefer_18,2011-12-15,3750.0,5.88,9.98,4.8,0.0,0.0,0.01617721
nefer_18,2011-12-16,3030.0,6.73,17.25,10.31,0.0,0.0,0.01763247
nefer_18,2011-12-17,3900.0,4.37,7.48,9.22,0.0,0.0,0.0199456
nefer_18,2011-12-18,5250.0,0.56,6.19,1.17,0.0,0.0,0.02112783
nefer_18,2011-12-19,3460.0,0.47,6.67,3.99,0.0,0.0,0.02183352
nefer_18,2011-12-20,1940.0,6.19,12.21,8.14,0.0,0.0,0.02261448
nefer_18,2011-12-21,2220.0,6.98,12.51,4.97,0.0,0.0,0.02471709
nefer_18,2011-12-22,3980.0,4.0,11.98,0.53,0.0,0.0,0.02704104
nefer_18,2011-12-23,4500.0,3.49,9.16,1.99,0.0,0.0,0.02902713
nefer_18,2011-12-24,7550.0,-0.24,8.27,0.84,0.0,0.0,0.03066438
nefer_18,2011-12-25,6940.0,-1.85,7.37,0.0,0.0,0.0,0.03174579
nefer_18,2011-12-26,7170.0,0.94,9.84,0.02,0.0,0.0,0.03251875
nefer_18,2011-12-27,6810.0,1.83,13.05,0.01,0.0,0.0,0.03408549
nefer_18,2011-12-28,5960.0,1.91,11.12,2.17,0.0,0.0,0.03633163
nefer_18,2011-12-29,7060.0,1.75,7.49,2.56,0.0,0.0,0.03837352
nefer_18,2011-12-30,3570.0,4.02,9.55,2.5,0.0,0.0,0.0398761
nefer_18,2011-12-31,2380.0,8.02,11.22,5.48,0.0,0.0,0.04216518
nefer_18,2012-01-01,5840.0,7.05,14.82,0.61,0.0,0.0,0.04545227
nefer_18,2012-01-02,3930.0,5.23,9.65,11.18,0.0,0.0,0.04921452
nefer_18,2012-01-03,6570.0,5.08,13.33,0.17,0.0,0.0,0.05179348
nefer_18,2012-01-04,5990.0,5.74,10.01,2.89,0.0,0.0,0.05500997
nefer_18,2012-01-05,3270.0,5.07,10.73,5.1,0.0,0.0,0.05778538
nefer_18,2012-01-06,6400.0,4.54,10.04,1.04,0.0,0.0,0.06059501
nefer_18,2012-01-07,5180.0,3.5,10.33,0.57,0.0,0.0,0.06321264
nefer_18,2012-01-08,4790.0,3.76,10.53,1.12,0.0,0.0,0.06572069
nefer_18,2012-01-09,4220.0,2.07,8.58,0.04,0.0,0.0,0.06833951
nefer_18,2012-01-10,8000.0,0.74,7.9,0.01,0.0,0.0,0.07031269
nefer_18,2012-01-11,8050.0,1.32,9.86,0.01,0.0,0.0,0.0719317
nefer_18,2012-01-12,7160.0,0.11,7.65,0.01,0.0,0.0,0.07405133
nefer_18,2012-01-13,3300.0,-0.85,5.55,0.03,0.0,0.0,0.07554041
nefer_18,2012-01-14,2640.0,-3.31,4.3,0.02,0.0,0.0,0.07645355
nefer_18,2012-01-15,8070.0,-3.79,7.98,0.0,0.0,0.0,0.07664835
nefer_18,2012-01-16,6820.0,-0.67,9.65,0.02,0.0,0.0,0.07748359
nefer_18,2012-01-17,7400.0,1.12,8.44,0.0,0.0,0.0,0.07929755
nefer_18,2012-01-18,7090.0,1.46,9.83,0.0,0.0,0.0,0.08125492
nefer_18,2012-01-19,4860.0,1.92,8.98,0.59,0.0,0.0,0.08359844
nefer_18,2012-01-20,4870.0,7.49,12.55,2.11,0.0,0.0,0.08589272
nefer_18,2012-01-21,4610.0,7.07,12.19,0.67,0.0,0.0,0.09017074
nefer_18,2012-01-22,6310.0,8.62,12.67,1.46,0.0,0.0,0.09434134
nefer_18,2012-01-23,4300.0,5.4,10.42,0.57,0.0,0.0,0.09901844
nefer_18,2012-01-24,6160.0,2.4,10.51,0.04,0.0,0.0,0.10254477
nefer_18,2012-01-25,7670.0,2.15,12.04,0.0,0.0,0.0,0.10546492
nefer_18,2012-01-26,5930.0,3.26,11.87,1.35,0.0,0.0,0.10872228
nefer_18,2012-01-27,4980.0,3.2,8.41,1.29,0.0,0.0,0.11224728
nefer_18,2012-01-28,5320.0,-0.04,7.68,3.15,0.0,0.0,0.11499277
nefer_18,2012-01-29,3820.0,-1.38,3.95,1.3,0.0,0.0,0.11682664
nefer_18,2012-01-30,10090.0,-3.17,5.3,0.03,0.0,0.0,0.11745284
nefer_18,2012-01-31,3370.0,-2.01,4.9,7.79,0.0,0.0,0.11797967
nefer_18,2012-02-01,6610.0,-3.4,1.4,1.74,0.0,0.0,0.11870531
nefer_18,2012-02-02,4190.0,-5.54,-1.54,0.19,0.0,0.0,0.11870531
nefer_18,2012-02-03,8690.0,-7.41,-1.63,0.03,0.0,0.0,0.11870531
nefer_18,2012-02-04,10080.0,-9.01,-1.35,0.03,0.0,0.0,0.11870531
nefer_18,2012-02-05,2540.0,-9.45,-0.94,6.62,0.0,0.0,0.11870531
nefer_18,2012-02-06,7830.0,-6.8,0.36,1.08,0.0,0.0,0.11870531
nefer_18,2012-02-07,11040.0,-10.13,-1.29,0.0,0.0,0.0,0.11870531
nefer_18,2012-02-08,11160.0,-12.15,-4.42,0.0,0.0,0.0,0.11870531
nefer_18,2012-02-09,9680.0,-11.04,-1.51,0.0,0.0,0.0,0.11870531
nefer_18,2012-02-10,12120.0,-9.19,0.19,0.0,0.0,0.0,0.11870531
nefer_18,2012-02-11,11790.0,-10.51,-1.36,0.0,0.0,0.0,0.11870531
nefer_18,2012-02-12,12230.0,-11.51,-1.24,0.0,0.0,0.0,0.11870531
nefer_18,2012-02-13,6430.0,-9.49,1.29,0.09,0.0,0.0,0.11870531
nefer_18,2012-02-14,4260.0,-2.36,3.39,2.73,0.0,0.0,0.11870531
nefer_18,2012-02-15,5370.0,0.28,4.8,0.8,0.0,0.0,0.11902333
nefer_18,2012-02-16,8690.0,-0.02,6.73,1.22,0.0,0.0,0.12061435
nefer_18,2012-02-17,6060.0,-0.16,8.55,0.01,0.0,0.0,0.12274587
nefer_18,2012-02-18,13780.0,-0.71,9.44,0.0,0.0,0.0,0.12544885
nefer_18,2012-02-19,6790.0,-3.54,10.01,2.25,0.0,0.0,0.12830096
nefer_18,2012-02-20,13610.0,-3.68,7.16,0.0,0.0,0.0,0.13044427
nefer_18,2012-02-21,14580.0,-3.99,7.13,0.0,0.0,0.0,0.13161309
nefer_18,2012-02-22,15000.0,-2.48,8.96,0.02,0.0,0.0,0.13268223
nefer_18,2012-02-23,14370.0,-1.1,12.19,0.0,0.0,0.0,0.13491877
nefer_18,2012-02-24,7790.0,4.14,11.9,0.02,0.0,0.0,0.13879833
nefer_18,2012-02-25,5380.0,2.62,11.12,0.01,0.0,0.0,0.14448501
nefer_18,2012-02-26,10570.0,1.65,13.34,0.01,0.0,0.0,0.14942127
nefer_18,2012-02-27,12800.0,1.33,10.71,0.01,0.0,0.0,0.15487788
nefer_18,2012-02-28,15940.0,0.34,14.57,0.0,0.0,0.0,0.15931816
nefer_18,2012-02-29,16110.0,4.78,18.12,0.0,0.0,0.0,0.16488844
nefer_18,2012-03-01,15890.0,3.74,17.71,0.0,0.0,0.0,0.17355413
nefer_18,2012-03-02,15980.0,4.83,18.35,0.0,0.0,0.0,0.18177497
nefer_18,2012-03-03,8600.0,4.42,14.98,0.13,0.0,0.0,0.19077151
nefer_18,2012-03-04,6740.0,4.43,15.18,4.68,0.0,0.0,0.19839563
nefer_18,2012-03-05,14220.0,0.27,9.2,0.07,0.0,0.0,0.20619833
nefer_18,2012-03-06,11120.0,-0.03,8.83,1.0,0.0,0.0,0.21001293
nefer_18,2012-03-07,15770.0,-1.67,11.78,0.24,0.0,0.0,0.21360104
nefer_18,2012-03-08,11880.0,-0.71,9.55,1.34,0.0,0.0,0.21777331
nefer_18,2012-03-09,17910.0,-1.54,12.27,0.0,0.0,0.0,0.22146534
nefer_18,2012-03-10,16690.0,-1.32,13.81,0.0,0.0,0.0,0.22600014
nefer_18,2012-03-11,16590.0,1.41,14.03,0.01,0.0,0.0,0.2313411
nefer_18,2012-03-12,17290.0,3.83,15.67,0.01,0.0,0.0,0.2380208
nefer_18,2012-03-13,18360.0,3.0,19.07,0.0,0.0,0.0,0.24655479
nefer_18,2012-03-14,18480.0,7.46,22.25,0.0,0.0,0.0,0.25632451
nefer_18,2012-03-15,18910.0,7.33,22.75,0.01,0.0,0.0,0.26962598
nefer_18,2012-03-16,18790.0,5.15,21.32,0.04,0.0,0.0,0.28324505
nefer_18,2012-03-17,17290.0,5.62,18.35,0.61,0.0,0.0,0.29536365
nefer_18,2012-03-18,8620.0,5.3,11.09,4.53,0.0,0.0,0.30645925
nefer_18,2012-03-19,10330.0,2.66,9.58,2.12,0.0,0.0,0.31412937
nefer_18,2012-03-20,14330.0,0.21,12.21,1.4,0.0,0.0,0.3199197
nefer_18,2012-03-21,5680.0,4.92,13.31,2.95,0.0,0.0,0.32585848
nefer_18,2012-03-22,6090.0,7.15,13.16,5.58,0.0,0.0,0.33466845
nefer_18,2012-03-23,19470.0,6.25,17.42,0.51,0.0,0.0,0.34458743
nefer_18,2012-03-24,20580.0,4.84,21.32,0.0,0.0,0.0,0.35626852
nefer_18,2012-03-25,19900.0,9.08,22.17,0.0,0.0,0.0,0.36931246
nefer_18,2012-03-26,19410.0,7.26,20.8,0.0,0.0,0.0,0.38505467
nefer_18,2012-03-27,20010.0,6.3,22.48,0.0,0.0,0.0,0.39933397
nefer_18,2012-03-28,20800.0,8.58,22.79,0.0,0.0,0.0,0.41412754
nefer_18,2012-03-29,20480.0,10.62,22.71,0.0,0.0,0.0,0.4304137
nefer_18,2012-03-30,21850.0,5.37,21.91,0.0,0.0,0.0,0.44788887
nefer_18,2012-03-31,22230.0,6.17,21.71,0.0,0.0,0.0,0.46233238
nefer_18,2012-04-01,21310.0,7.19,20.14,0.0,0.0,0.0,0.47723708
nefer_18,2012-04-02,18580.0,9.03,19.26,0.11,0.0,0.0,0.49198847
nefer_18,2012-04-03,5170.0,8.15,13.55,2.8,0.0,0.0,0.50740368
nefer_18,2012-04-04,11990.0,6.69,13.53,0.77,0.0,0.0,0.51933974
nefer_18,2012-04-05,16840.0,4.67,17.72,1.23,0.0,0.0,0.5305658
nefer_18,2012-04-06,16490.0,7.04,19.3,6.37,0.0,0.0,0.54311185
nefer_18,2012-04-07,13310.0,5.33,15.05,6.84,0.0,0.0,0.55800673
nefer_18,2012-04-08,9070.0,6.58,14.68,1.75,0.0,0.0,0.56963606
nefer_18,2012-04-09,17630.0,5.44,17.23,0.5,0.0,0.0,0.58187672
nefer_18,2012-04-10,13910.0,6.93,20.35,7.22,0.0,0.0,0.59504551
nefer_18,2012-04-11,14090.0,5.87,12.25,2.94,0.0,0.0,0.61103202
nefer_18,2012-04-12,9760.0,5.8,12.57,5.48,0.0,0.0,0.62174335
nefer_18,2012-04-13,18990.0,4.31,12.75,2.17,0.0,0.0,0.63269635
nefer_18,2012-04-14,17620.0,5.65,13.05,2.57,0.0,0.0,0.6429553
nefer_18,2012-04-15,10340.0,5.11,9.73,6.89,0.0,0.0,0.65429568
nefer_18,2012-04-16,11070.0,1.46,10.84,0.56,0.0,0.0,0.66337061
nefer_18,2012-04-17,21860.0,-1.42,14.65,1.73,0.0,0.0,0.67095465
nefer_18,2012-04-18,16460.0,5.8,13.09,3.51,0.0,0.0,0.67917901
nefer_18,2012-04-19,14760.0,5.82,10.67,8.95,0.0,0.0,0.69101714
nefer_18,2012-04-20,15200.0,5.34,13.05,4.91,0.0,0.0,0.70143413
nefer_18,2012-04-21,14430.0,6.58,18.33,4.38,0.0,0.0,0.71314354
nefer_18,2012-04-22,17550.0,5.17,12.62,1.33,0.0,0.0,0.72912879
nefer_18,2012-04-23,13470.0,4.36,14.75,6.24,0.0,0.0,0.74063349
nefer_18,2012-04-24,17610.0,3.71,11.17,5.58,0.0,0.0,0.75308651
nefer_18,2012-04-25,14290.0,4.74,21.4,0.1,0.0,0.0,0.76285644
nefer_18,2012-04-26,14440.0,10.04,21.12,0.54,0.0,0.0,0.78014779
nefer_18,2012-04-27,14580.0,8.37,22.8,1.7,0.0,0.0,0.80091203
nefer_18,2012-04-28,12480.0,8.28,23.49,7.15,0.0,0.0,0.82183434
nefer_18,2012-04-29,23320.0,6.36,17.56,8.1,0.0,0.0,0.84331284
nefer_18,2012-04-30,12710.0,5.9,12.79,11.26,0.0,0.0,0.85959906
nefer_18,2012-05-01,25830.0,3.99,18.65,0.24,0.0,0.0,0.8724135
nefer_18,2012-05-02,26860.0,7.69,20.4,0.13,0.0,0.0,0.8880434
nefer_18,2012-05-03,26720.0,8.37,22.71,0.07,0.0,0.0,0.90756781
nefer_18,2012-05-04,14660.0,9.51,17.68,4.33,0.0,0.0,0.92931541
nefer_18,2012-05-05,20460.0,7.83,18.87,1.61,0.0,0.0,0.94846679
nefer_18,2012-05-06,20700.0,8.98,16.73,1.73,0.0,0.0,0.96739542
nefer_18,2012-05-07,26750.0,6.86,20.96,0.05,0.0,0.0,0.98573892
nefer_18,2012-05-08,17430.0,12.48,20.69,3.1,0.0,0.0,1.0
nefer_18,2012-05-09,26860.0,13.8,26.0,2.92,0.0,0.0,1.01381652
nefer_18,2012-05-10,24430.0,14.02,26.78,0.0,0.0,0.0,1.03039468
nefer_18,2012-05-11,27660.0,14.55,30.14,0.0,0.0,0.0,1.04738937
nefer_18,2012-05-12,8700.0,15.01,24.44,0.29,0.0,0.0,1.06600439
nefer_18,2012-05-13,21420.0,9.67,21.48,0.11,0.0,0.0,1.08243676
nefer_18,2012-05-14,28680.0,7.53,21.73,0.0,0.0,0.0,1.09541188
nefer_18,2012-05-15,23040.0,8.58,19.21,0.07,0.0,0.0,1.10759974
nefer_18,2012-05-16,30260.0,5.65,18.6,0.0,0.0,0.0,1.11917529
nefer_18,2012-05-17,18460.0,7.09,23.89,0.18,0.0,0.0,1.12927631
nefer_18,2012-05-18,9020.0,10.3,20.14,2.36,0.0,0.0,1.14218061
nefer_18,2012-05-19,15080.0,9.72,23.69,9.92,0.0,0.0,1.15485999
nefer_18,2012-05-20,9310.0,9.19,15.07,18.42,0.0,0.0,1.16877647
nefer_18,2012-05-21,5880.0,8.52,11.82,23.67,0.0,0.0,1.17888165
nefer_18,2012-05-22,12900.0,10.27,17.89,5.63,0.0,0.0,1.18735401
nefer_18,2012-05-23,11830.0,11.28,20.29,0.11,0.0,0.0,1.19908368
nefer_18,2012-05-24,25550.0,13.15,25.58,0.02,0.0,0.0,1.21223374
nefer_18,2012-05-25,28410.0,14.76,28.03,0.02,0.0,0.0,1.2283662
nefer_18,2012-05-26,14610.0,15.69,22.25,0.12,0.0,0.0,1.24618981
nefer_18,2012-05-27,23620.0,12.96,24.65,0.52,0.0,0.0,1.26199321
nefer_18,2012-05-28,26020.0,13.94,25.15,0.21,0.0,0.0,1.27765915
nefer_18,2012-05-29,28590.0,14.61,27.82,0.0,0.0,0.0,1.29394156
nefer_18,2012-05-30,22900.0,15.15,26.51,0.01,0.0,0.0,1.31161521
nefer_18,2012-05-31,21450.0,14.27,26.29,0.01,0.0,0.0,1.32896813
nefer_18,2012-06-01,28610.0,16.05,30.6,0.01,0.0,0.0,1.34586285
nefer_18,2012-06-02,23630.0,18.02,33.58,1.46,0.0,0.0,1.36529429
nefer_18,2012-06-03,9510.0,14.47,20.51,9.73,0.0,0.0,1.38678758
nefer_18,2012-06-04,24430.0,12.67,22.26,0.21,0.0,0.0,1.40135803
nefer_18,2012-06-05,29360.0,11.4,26.42,0.0,0.0,0.0,1.41590765
nefer_18,2012-06-06,20350.0,15.92,24.03,0.05,0.0,0.0,1.43166107
nefer_18,2012-06-07,20890.0,16.71,31.0,2.47,0.0,0.0,1.44830171
nefer_18,2012-06-08,11670.0,12.69,21.4,2.3,0.0,0.0,1.46817467
nefer_18,2012-06-09,18550.0,9.34,22.01,0.4,0.0,0.0,1.4823744
nefer_18,2012-06-10,10900.0,14.3,22.87,7.79,0.0,0.0,1.49543282
nefer_18,2012-06-11,17630.0,10.94,21.08,9.35,0.0,0.0,1.51091549
nefer_18,2012-06-12,19660.0,10.33,18.64,11.02,0.0,0.0,1.52425299
nefer_18,2012-06-13,20770.0,11.15,20.0,2.3,0.0,0.0,1.53632006
nefer_18,2012-06-14,29770.0,10.69,28.06,0.0,0.0,0.0,1.54929518
nefer_18,2012-06-15,27040.0,13.53,29.13,0.0,0.0,0.0,1.56543597
nefer_18,2012-06-16,29430.0,15.45,30.08,0.03,0.0,0.0,1.58320542
nefer_18,2012-06-17,28820.0,14.25,30.16,0.07,0.0,0.0,1.60217033
nefer_18,2012-06-18,12100.0,17.3,24.9,0.16,0.0,0.0,1.62066873
nefer_18,2012-06-19,8820.0,15.48,24.99,10.21,0.0,0.0,1.63824657
nefer_18,2012-06-20,27650.0,15.44,30.32,0.87,0.0,0.0,1.65510381
nefer_18,2012-06-21,21900.0,14.33,29.98,1.09,0.0,0.0,1.67416452
nefer_18,2012-06-22,27750.0,11.27,24.41,0.0,0.0,0.0,1.69262126
nefer_18,2012-06-23,28470.0,11.98,27.13,0.0,0.0,0.0,1.70748329
nefer_18,2012-06-24,28410.0,14.71,29.92,0.0,0.0,0.0,1.72377404
nefer_18,2012-06-25,29470.0,14.29,29.82,0.0,0.0,0.0,1.74236407
nefer_18,2012-06-26,30100.0,17.56,31.64,0.0,0.0,0.0,1.7607375
nefer_18,2012-06-27,26700.0,18.35,36.51,0.03,0.0,0.0,1.7812311
nefer_18,2012-06-28,27450.0,21.12,34.53,1.69,0.0,0.0,1.8040823
nefer_18,2012-06-29,12220.0,17.98,30.09,0.14,0.0,0.0,1.82726256
nefer_18,2012-06-30,17680.0,16.84,30.3,0.68,0.0,0.0,1.84728548
nefer_18,2012-07-01,4650.0,13.23,20.71,9.79,0.0,0.0,1.86692101
nefer_18,2012-07-02,28240.0,11.33,25.06,0.0,0.0,0.0,1.88105827
nefer_18,2012-07-03,28770.0,13.7,30.99,0.08,0.0,0.0,1.89621603
nefer_18,2012-07-04,20350.0,17.26,26.14,2.35,0.0,0.0,1.91483105
nefer_18,2012-07-05,8400.0,14.18,21.56,9.82,0.0,0.0,1.93290874
nefer_18,2012-07-06,18800.0,12.7,23.08,0.38,0.0,0.0,1.94779576
nefer_18,2012-07-07,29190.0,14.68,31.55,6.04,0.0,0.0,1.96269944
nefer_18,2012-07-08,18730.0,14.41,26.5,1.47,0.0,0.0,1.98195593
nefer_18,2012-07-09,23080.0,14.28,28.1,0.03,0.0,0.0,1.99899644
nefer_18,2012-07-10,17500.0,15.3,27.33,0.2,0.0,0.0,2.0
nefer_18,2012-07-11,13420.0,14.24,22.82,0.62,0.0,0.0,2.0
nefer_18,2012-07-12,25320.0,12.33,26.19,0.03,0.0,0.0,2.0
nefer_18,2012-07-13,27240.0,13.39,31.25,0.09,0.0,0.0,2.0
nefer_18,2012-07-14,15270.0,14.15,24.93,0.56,0.0,0.0,2.0
nefer_18,2012-07-15,22430.0,13.01,24.05,0.22,0.0,0.0,2.0
nefer_18,2012-07-16,29710.0,10.09,26.55,0.0,0.0,0.0,2.0
nefer_18,2012-07-17,27640.0,13.77,31.58,0.0,0.0,0.0,2.0
nefer_18,2012-07-18,27700.0,18.72,36.14,0.0,0.0,0.0,2.0
nefer_18,2012-07-19,22390.0,16.28,27.32,0.01,0.0,0.0,2.0
nefer_18,2012-07-20,13340.0,14.19,25.1,0.36,0.0,0.0,2.0
nefer_18,2012-07-21,24530.0,13.97,27.04,0.0,0.0,0.0,2.0
nefer_18,2012-07-22,24930.0,13.9,27.23,0.0,0.0,0.0,2.0
nefer_18,2012-07-23,29820.0,11.27,29.83,0.0,0.0,0.0,2.0
nefer_18,2012-07-24,26800.0,14.38,32.66,0.0,0.0,0.0,2.0
nefer_18,2012-07-25,27950.0,17.4,34.93,0.0,0.0,0.0,2.0
nefer_18,2012-07-26,25140.0,21.78,37.05,1.14,0.0,0.0,2.0
nefer_18,2012-07-27,20580.0,19.89,33.36,2.19,0.0,0.0,2.0
nefer_18,2012-07-28,15300.0,17.82,27.65,5.79,0.0,0.0,2.0
nefer_18,2012-07-29,24530.0,14.83,27.48,0.05,0.0,0.0,2.0
nefer_18,2012-07-30,27410.0,13.83,31.03,0.0,0.0,0.0,2.0
nefer_18,2012-07-31,25730.0,14.66,33.65,0.0,0.0,0.0,2.0
nefer_18,2012-08-01,17410.0,19.57,30.8,0.0,0.0,0.0,2.0
nefer_18,2012-08-02,22620.0,17.66,30.26,0.04,0.0,0.0,2.0
nefer_18,2012-08-03,22620.0,17.66,30.26,0.04,0.0,0.0,2.0
nefer_18,2012-08-04,22620.0,17.66,30.26,0.04,0.0,0.0,2.0
nefer_18,2012-08-05,22620.0,17.66,30.26,0.04,0.0,0.0,2.0
nefer_18,2012-08-06,22620.0,17.66,30.26,0.04,0.0,0.0,2.0
nefer_18,2012-08-07,22620.0,17.66,30.26,0.04,0.0,0.0,2.0
nefer_18,2012-08-08,22620.0,17.66,30.26,0.04,0.0,0.0,2.0
nefer_18,2012-08-09,22620.0,17.66,30.26,0.04,0.0,0.0,2.0
nefer_18,2012-08-10,22620.0,17.66,30.26,0.04,0.0,0.0,2.0
nefer_18,2012-08-11,22620.0,17.66,30.26,0.04,0.0,0.0,2.0
nefer_18,2012-08-12,22620.0,17.66,30.26,0.04,0.0,0.0,2.0
nefer_18,2012-08-13,22620.0,17.66,30.26,0.04,0.0,0.0,2.0
nefer_18,2012-08-14,22620.0,17.66,30.26,0.04,0.0,0.0,2.0
nefer_18,2012-08-15,22620.0,17.66,30.26,0.04,0.0,0.0,2.0
nefer_18,2012-08-16,22620.0,17.66,30.26,0.04,0.0,0.0,2.0
nefer_18,2012-08-17,22620.0,17.66,30.26,0.04,0.0,0.0,2.0
nefer_18,2012-08-18,22620.0,17.66,30.26,0.04,0.0,0.0,2.0
nefer_18,2012-08-19,22620.0,17.66,30.26,0.04,0.0,0.0,2.0
nefer_18,2012-08-20,22620.0,17.66,30.26,0.04,0.0,0.0,2.0
nefer_18,2012-08-21,22620.0,17.66,30.26,0.04,0.0,0.0,2.0
nefer_18,2012-08-22,22620.0,17.66,30.26,0.04,0.0,0.0,2.0
nefer_18,2012-08-23,22620.0,17.66,30.26,0.04,0.0,0.0,2.0
nefer_18,2012-08-24,22620.0,17.66,30.26,0.04,0.0,0.0,2.0
nefer_18,2012-08-25,22620.0,17.66,30.26,0.04,0.0,0.0,2.0
nefer_18,2012-08-26,22620.0,17.66,30.26,0.04,0.0,0.0,2.0
nefer_18,2012-08-27,22620.0,17.66,30.26,0.04,0.0,0.0,2.0
nefer_18,2012-08-28,22620.0,17.66,30.26,0.04,0.0,0.0,2.0
nefer_18,2012-08-29,22620.0,17.66,30.26,0.04,0.0,0.0,2.0
nefer_18,2012-08-30,22620.0,17.66,30.26,0.04,0.0,0.0,2.0
nefer_18,2012-08-31,22620.0,17.66,30.26,0.04,0.0,0.0,2.0
nefer_18,2012-09-01,22620.0,17.66,30.26,0.04,0.0,0.0,2.0
nefer_18,2012-09-02,22620.0,17.66,30.26,0.04,0.0,0.0,2.0
nefer_18,2012-09-03,22620.0,17.66,30.26,0.04,0.0,0.0,2.0
nefer_18,2012-09-04,22620.0,17.66,30.26,0.04,0.0,0.0,2.0
nefer_18,2012-09-05,22620.0,17.66,30.26,0.04,0.0,0.0,2.0
nefer_18,2012-09-06,22620.0,17.66,30.26,0.04,0.0,0.0,2.0
nefer_18,2012-09-07,22620.0,17.66,30.26,0.04,0.0,0.0,2.0
nefer_18,2012-09-08,22620.0,17.66,30.26,0.04,0.0,0.0,2.0
nefer_18,2012-09-09,22620.0,17.66,30.26,0.04,0.0,0.0,2.0
nefer_18,2012-09-10,22620.0,17.66,30.26,0.04,0.0,0.0,2.0
nefer_18,2012-09-11,22620.0,17.66,30.26,0.04,0.0,0.0,2.0
nefer_18,2012-09-12,22620.0,17.66,30.26,0.04,0.0,0.0,2.0
nefer_18,2012-09-13,22620.0,17.66,30.26,0.04,0.0,0.0,2.0
nefer_18,2012-09-14,22620.0,17.66,30.26,0.04,0.0,0.0,2.0
nefer_18,2012-09-15,22620.0,17.66,30.26,0.04,0.0,0.0,2.0
nefer_18,2012-09-16,22620.0,17.66,30.26,0.04,0.0,0.0,2.0
nefer_18,2012-09-17,22620.0,17.66,30.26,0.04,0.0,0.0,2.0
nefer_18,2012-09-18,22620.0,17.66,30.26,0.04,0.0,0.0,2.0
nefer_18,2012-09-19,22620.0,17.66,30.26,0.04,0.0,0.0,2.0
nefer_18,2012-09-20,22620.0,17.66,30.26,0.04,0.0,0.0,2.0
nefer_18,2012-09-21,22620.0,17.66,30.26,0.04,0.0,0.0,2.0
nefer_18,2012-09-22,22620.0,17.66,30.26,0.04,0.0,0.0,2.0
nefer_18,2012-09-23,22620.0,17.66,30.26,0.04,0.0,0.0,2.0
nefer_18,2012-09-24,22620.0,17.66,30.26,0.04,0.0,0.0,2.0
nefer_18,2012-09-25,22620.0,17.66,30.26,0.04,0.0,0.0,2.0
nefer_18,2012-09-26,22620.0,17.66,30.26,0.04,0.0,0.0,2.0
nefer_18,2012-09-27,22620.0,17.66,30.26,0.04,0.0,0.0,2.0
nefer_18,2012-09-28,22620.0,17.66,30.26,0.04,0.0,0.0,2.0
nefer_18,2012-09-29,22620.0,17.66,30.26,0.04,0.0,0.0,2.0
nefer_18,2012-09-30,22620.0,17.66,30.26,0.04,0.0,0.0,2.0
nefer_18,2012-10-01,22620.0,17.66,30.26,0.04,0.0,0.0,2.0
nefer_18,2012-10-02,22620.0,17.66,30.26,0.04,0.0,0.0,2.0
nefer_18,2012-10-03,22620.0,17.66,30.26,0.04,0.0,0.0,2.0
nefer_18,2012-10-04,22620.0,17.66,30.26,0.04,0.0,0.0,2.0
nefer_18,2012-10-05,22620.0,17.66,30.26,0.04,0.0,0.0,2.0
nefer_18,2012-10-06,22620.0,17.66,30.26,0.04,0.0,0.0,2.0
nefer_18,2012-10-07,22620.0,17.66,30.26,0.04,0.0,0.0,2.0
nefer_18,2012-10-08,22620.0,17.66,30.26,0.04,0.0,0.0,2.0
nefer_18,2012-10-09,22620.0,17.66,30.26,0.04,0.0,0.0,2.0
nefer_18,2012-10-10,22620.0,17.66,30.26,0.04,0.0,0.0,2.0
nefer_18,2012-10-11,22620.0,17.66,30.26,0.04,0.0,0.0,2.0
nefer_18,2012-10-12,22620.0,17.66,30.26,0.04,0.0,0.0,2.0
nefer_18,2012-10-13,22620.0,17.66,30.26,0.04,0.0,0.0,2.0
nefer_18,2012-10-14,22620.0,17.66,30.26,0.04,0.0,0.0,2.0
nefer_18,2012-10-15,22620.0,17.66,30.26,0.04,0.0,0.0,2.0
nefer_18,2012-10-16,22620.0,17.66,30.26,0.04,0.0,0.0,2.0
nefer_18,2012-10-17,22620.0,17.66,30.26,0.04,0.0,0.0,2.0
nefer_18,2012-10-18,22620.0,17.66,30.26,0.04,0.0,0.0,2.0
nefer_18,2012-10-19,22620.0,17.66,30.26,0.04,0.0,0.0,2.0
nefer_18,2012-10-20,22620.0,17.66,30.26,0.04,0.0,0.0,2.0
nefer_18,2012-10-21,22620.0,17.66,30.26,0.04,0.0,0.0,2.0
nefer_18,2012-10-22,22620.0,17.66,30.26,0.04,0.0,0.0,2.0
nefer_18,2012-10-23,22620.0,17.66,30.26,0.04,0.0,0.0,2.0
nefer_18,2012-10-24,22620.0,17.66,30.26,0.04,0.0,0.0,2.0
nefer_18,2012-10-25,22620.0,17.66,30.26,0.04,0.0,0.0,2.0
nefer_18,2012-10-26,22620.0,17.66,30.26,0.04,0.0,0.0,2.0
nefer_18,2012-10-27,22620.0,17.66,30.26,0.04,0.0,0.0,2.0
nefer_18,2012-10-28,22620.0,17.66,30.26,0.04,0.0,0.0,2.0
nefer_18,2012-10-29,22620.0,17.66,30.26,0.04,0.0,0.0,2.0
nefer_18,2012-10-30,22620.0,17.66,30.26,0.04,0.0,0.0,2.0
nefer_18,2012-10-31,22620.0,17.66,30.26,0.04,0.0,0.0,2.0
nefer_18,2012-11-01,22620.0,17.66,30.26,0.04,0.0,0.0,2.0
nefer_18,2012-11-02,22620.0,17.66,30.26,0.04,0.0,0.0,2.0
nefer_18,2012-11-03,22620.0,17.66,30.26,0.04,0.0,0.0,2.0
nefer_18,2012-11-04,22620.0,17.66,30.26,0.04,0.0,0.0,2.0
nefer_18,2012-11-05,22620.0,17.66,30.26,0.04,0.0,0.0,2.0
nefer_18,2012-11-06,22620.0,17.66,30.26,0.04,0.0,0.0,2.0
nefer_18,2012-11-07,22620.0,17.66,30.26,0.04,0.0,0.0,2.0
nefer_18,2012-11-08,22620.0,17.66,30.26,0.04,0.0,0.0,2.0
nefer_18,2012-11-09,22620.0,17.66,30.26,0.04,0.0,0.0,2.0
nefer_18,2012-11-10,22620.0,17.66,30.26,0.04,0.0,0.0,2.0
nefer_18,2012-11-11,22620.0,17.66,30.26,0.04,0.0,0.0,2.0
nefer_18,2012-11-12,22620.0,17.66,30.26,0.04,0.0,0.0,2.0
nefer_19,2011-11-14,8910.0,10.9,20.48,0.0,0.0,0.0,-0.1
nefer_19,2011-11-15,5630.0,11.36,17.49,0.91,0.0,0.0,0.0
nefer_19,2011-11-16,6560.0,8.16,16.97,1.65,0.0,0.0,0.0
nefer_19,2011-11-17,8950.0,7.3,16.3,0.12,0.0,0.0,0.0
nefer_19,2011-11-18,7600.0,5.92,17.09,0.05,0.0,0.0,0.0
nefer_19,2011-11-19,8780.0,5.32,18.93,0.02,0.0,0.0,0.0
nefer_19,2011-11-20,6900.0,9.5,17.67,0.04,0.0,0.0,0.0
nefer_19,2011-11-21,6550.0,7.59,17.97,0.44,0.0,0.0,0.0
nefer_19,2011-11-22,4910.0,7.6,17.11,0.61,0.0,0.0,0.0
nefer_19,2011-11-23,8140.0,6.44,16.51,0.12,0.0,0.0,0.0
nefer_19,2011-11-24,4720.0,5.15,14.53,0.08,0.0,0.0,0.0
nefer_19,2011-11-25,4760.0,4.25,12.04,0.07,0.0,0.0,0.0
nefer_19,2011-11-26,4850.0,4.35,12.15,0.02,0.0,0.0,0.0
nefer_19,2011-11-27,3100.0,2.05,10.48,0.05,0.0,0.0,0.0
nefer_19,2011-11-28,3820.0,1.19,9.13,0.01,0.0,0.0,5.748e-05
nefer_19,2011-11-29,6900.0,3.17,18.24,0.02,0.0,0.0,0.00016497
nefer_19,2011-11-30,7020.0,5.68,15.62,0.0,0.0,0.0,0.00050974
nefer_19,2011-12-01,7350.0,5.94,17.93,0.02,0.0,0.0,0.00095867
nefer_19,2011-12-02,2620.0,5.45,10.3,3.46,0.0,0.0,0.00157888
nefer_19,2011-12-03,3570.0,4.62,10.88,1.01,0.0,0.0,0.00204747
nefer_19,2011-12-04,4930.0,8.34,11.92,1.68,0.0,0.0,0.0025897
nefer_19,2011-12-05,4220.0,6.8,11.17,5.19,0.0,0.0,0.00340238
nefer_19,2011-12-06,3340.0,8.04,12.01,6.15,0.0,0.0,0.00421195
nefer_19,2011-12-07,4320.0,8.62,11.31,2.07,0.0,0.0,0.00521466
nefer_19,2011-12-08,5270.0,6.37,14.17,0.19,0.0,0.0,0.00630839
nefer_19,2011-12-09,4750.0,6.27,13.68,0.01,0.0,0.0,0.00753474
nefer_19,2011-12-10,7160.0,5.31,14.62,0.0,0.0,0.0,0.00881708
nefer_19,2011-12-11,7130.0,5.06,14.08,0.08,0.0,0.0,0.01019249
nefer_19,2011-12-12,5900.0,4.59,11.54,2.73,0.0,0.0,0.01160341
nefer_19,2011-12-13,4690.0,5.43,16.41,0.69,0.0,0.0,0.01286796
nefer_19,2011-12-14,2790.0,5.05,12.12,2.69,0.0,0.0,0.01468219
nefer_19,2011-12-15,3750.0,5.88,9.98,4.8,0.0,0.0,0.01617721
nefer_19,2011-12-16,3030.0,6.73,17.25,10.31,0.0,0.0,0.01763247
nefer_19,2011-12-17,3900.0,4.37,7.48,9.22,0.0,0.0,0.0199456
nefer_19,2011-12-18,5250.0,0.56,6.19,1.17,0.0,0.0,0.02112783
nefer_19,2011-12-19,3460.0,0.47,6.67,3.99,0.0,0.0,0.02183352
nefer_19,2011-12-20,1940.0,6.19,12.21,8.14,0.0,0.0,0.02261448
nefer_19,2011-12-21,2220.0,6.98,12.51,4.97,0.0,0.0,0.02471709
nefer_19,2011-12-22,3980.0,4.0,11.98,0.53,0.0,0.0,0.02704104
nefer_19,2011-12-23,4500.0,3.49,9.16,1.99,0.0,0.0,0.02902713
nefer_19,2011-12-24,7550.0,-0.24,8.27,0.84,0.0,0.0,0.03066438
nefer_19,2011-12-25,6940.0,-1.85,7.37,0.0,0.0,0.0,0.03174579
nefer_19,2011-12-26,7170.0,0.94,9.84,0.02,0.0,0.0,0.03251875
nefer_19,2011-12-27,6810.0,1.83,13.05,0.01,0.0,0.0,0.03408549
nefer_19,2011-12-28,5960.0,1.91,11.12,2.17,0.0,0.0,0.03633163
nefer_19,2011-12-29,7060.0,1.75,7.49,2.56,0.0,0.0,0.03837352
nefer_19,2011-12-30,3570.0,4.02,9.55,2.5,0.0,0.0,0.0398761
nefer_19,2011-12-31,2380.0,8.02,11.22,5.48,0.0,0.0,0.04216518
nefer_19,2012-01-01,5840.0,7.05,14.82,0.61,0.0,0.0,0.04545227
nefer_19,2012-01-02,3930.0,5.23,9.65,11.18,0.0,0.0,0.04921452
nefer_19,2012-01-03,6570.0,5.08,13.33,0.17,0.0,0.0,0.05179348
nefer_19,2012-01-04,5990.0,5.74,10.01,2.89,0.0,0.0,0.05500997
nefer_19,2012-01-05,3270.0,5.07,10.73,5.1,0.0,0.0,0.05778538
nefer_19,2012-01-06,6400.0,4.54,10.04,1.04,0.0,0.0,0.06059501
nefer_19,2012-01-07,5180.0,3.5,10.33,0.57,0.0,0.0,0.06321264
nefer_19,2012-01-08,4790.0,3.76,10.53,1.12,0.0,0.0,0.06572069
nefer_19,2012-01-09,4220.0,2.07,8.58,0.04,0.0,0.0,0.06833951
nefer_19,2012-01-10,8000.0,0.74,7.9,0.01,0.0,0.0,0.07031269
nefer_19,2012-01-11,8050.0,1.32,9.86,0.01,0.0,0.0,0.0719317
nefer_19,2012-01-12,7160.0,0.11,7.65,0.01,0.0,0.0,0.07405133
nefer_19,2012-01-13,3300.0,-0.85,5.55,0.03,0.0,0.0,0.07554041
nefer_19,2012-01-14,2640.0,-3.31,4.3,0.02,0.0,0.0,0.07645355
nefer_19,2012-01-15,8070.0,-3.79,7.98,0.0,0.0,0.0,0.07664835
nefer_19,2012-01-16,6820.0,-0.67,9.65,0.02,0.0,0.0,0.07748359
nefer_19,2012-01-17,7400.0,1.12,8.44,0.0,0.0,0.0,0.07929755
nefer_19,2012-01-18,7090.0,1.46,9.83,0.0,0.0,0.0,0.08125492
nefer_19,2012-01-19,4860.0,1.92,8.98,0.59,0.0,0.0,0.08359844
nefer_19,2012-01-20,4870.0,7.49,12.55,2.11,0.0,0.0,0.08589272
nefer_19,2012-01-21,4610.0,7.07,12.19,0.67,0.0,0.0,0.09017074
nefer_19,2012-01-22,6310.0,8.62,12.67,1.46,0.0,0.0,0.09434134
nefer_19,2012-01-23,4300.0,5.4,10.42,0.57,0.0,0.0,0.09901844
nefer_19,2012-01-24,6160.0,2.4,10.51,0.04,0.0,0.0,0.10254477
nefer_19,2012-01-25,7670.0,2.15,12.04,0.0,0.0,0.0,0.10546492
nefer_19,2012-01-26,5930.0,3.26,11.87,1.35,0.0,0.0,0.10872228
nefer_19,2012-01-27,4980.0,3.2,8.41,1.29,0.0,0.0,0.11224728
nefer_19,2012-01-28,5320.0,-0.04,7.68,3.15,0.0,0.0,0.11499277
nefer_19,2012-01-29,3820.0,-1.38,3.95,1.3,0.0,0.0,0.11682664
nefer_19,2012-01-30,10090.0,-3.17,5.3,0.03,0.0,0.0,0.11745284
nefer_19,2012-01-31,3370.0,-2.01,4.9,7.79,0.0,0.0,0.11797967
nefer_19,2012-02-01,6610.0,-3.4,1.4,1.74,0.0,0.0,0.11870531
nefer_19,2012-02-02,4190.0,-5.54,-1.54,0.19,0.0,0.0,0.11870531
nefer_19,2012-02-03,8690.0,-7.41,-1.63,0.03,0.0,0.0,0.11870531
nefer_19,2012-02-04,10080.0,-9.01,-1.35,0.03,0.0,0.0,0.11870531
nefer_19,2012-02-05,2540.0,-9.45,-0.94,6.62,0.0,0.0,0.11870531
nefer_19,2012-02-06,7830.0,-6.8,0.36,1.08,0.0,0.0,0.11870531
nefer_19,2012-02-07,11040.0,-10.13,-1.29,0.0,0.0,0.0,0.11870531
nefer_19,2012-02-08,11160.0,-12.15,-4.42,0.0,0.0,0.0,0.11870531
nefer_19,2012-02-09,9680.0,-11.04,-1.51,0.0,0.0,0.0,0.11870531
nefer_19,2012-02-10,12120.0,-9.19,0.19,0.0,0.0,0.0,0.11870531
nefer_19,2012-02-11,11790.0,-10.51,-1.36,0.0,0.0,0.0,0.11870531
nefer_19,2012-02-12,12230.0,-11.51,-1.24,0.0,0.0,0.0,0.11870531
nefer_19,2012-02-13,6430.0,-9.49,1.29,0.09,0.0,0.0,0.11870531
nefer_19,2012-02-14,4260.0,-2.36,3.39,2.73,0.0,0.0,0.11870531
nefer_19,2012-02-15,5370.0,0.28,4.8,0.8,0.0,0.0,0.11902333
nefer_19,2012-02-16,8690.0,-0.02,6.73,1.22,0.0,0.0,0.12061435
nefer_19,2012-02-17,6060.0,-0.16,8.55,0.01,0.0,0.0,0.12274587
nefer_19,2012-02-18,13780.0,-0.71,9.44,0.0,0.0,0.0,0.12544885
nefer_19,2012-02-19,6790.0,-3.54,10.01,2.25,0.0,0.0,0.12830096
nefer_19,2012-02-20,13610.0,-3.68,7.16,0.0,0.0,0.0,0.13044427
nefer_19,2012-02-21,14580.0,-3.99,7.13,0.0,0.0,0.0,0.13161309
nefer_19,2012-02-22,15000.0,-2.48,8.96,0.02,0.0,0.0,0.13268223
nefer_19,2012-02-23,14370.0,-1.1,12.19,0.0,0.0,0.0,0.13491877
nefer_19,2012-02-24,7790.0,4.14,11.9,0.02,0.0,0.0,0.13879833
nefer_19,2012-02-25,5380.0,2.62,11.12,0.01,0.0,0.0,0.14448501
nefer_19,2012-02-26,10570.0,1.65,13.34,0.01,0.0,0.0,0.14942127
nefer_19,2012-02-27,12800.0,1.33,10.71,0.01,0.0,0.0,0.15487788
nefer_19,2012-02-28,15940.0,0.34,14.57,0.0,0.0,0.0,0.15931816
nefer_19,2012-02-29,16110.0,4.78,18.12,0.0,0.0,0.0,0.16488844
nefer_19,2012-03-01,15890.0,3.74,17.71,0.0,0.0,0.0,0.17355413
nefer_19,2012-03-02,15980.0,4.83,18.35,0.0,0.0,0.0,0.18177497
nefer_19,2012-03-03,8600.0,4.42,14.98,0.13,0.0,0.0,0.19077151
nefer_19,2012-03-04,6740.0,4.43,15.18,4.68,0.0,0.0,0.19839563
nefer_19,2012-03-05,14220.0,0.27,9.2,0.07,0.0,0.0,0.20619833
nefer_19,2012-03-06,11120.0,-0.03,8.83,1.0,0.0,0.0,0.21001293
nefer_19,2012-03-07,15770.0,-1.67,11.78,0.24,0.0,0.0,0.21360104
nefer_19,2012-03-08,11880.0,-0.71,9.55,1.34,0.0,0.0,0.21777331
nefer_19,2012-03-09,17910.0,-1.54,12.27,0.0,0.0,0.0,0.22146534
nefer_19,2012-03-10,16690.0,-1.32,13.81,0.0,0.0,0.0,0.22600014
nefer_19,2012-03-11,16590.0,1.41,14.03,0.01,0.0,0.0,0.2313411
nefer_19,2012-03-12,17290.0,3.83,15.67,0.01,0.0,0.0,0.2380208
nefer_19,2012-03-13,18360.0,3.0,19.07,0.0,0.0,0.0,0.24655479
nefer_19,2012-03-14,18480.0,7.46,22.25,0.0,0.0,0.0,0.25632451
nefer_19,2012-03-15,18910.0,7.33,22.75,0.01,0.0,0.0,0.26962598
nefer_19,2012-03-16,18790.0,5.15,21.32,0.04,0.0,0.0,0.28324505
nefer_19,2012-03-17,17290.0,5.62,18.35,0.61,0.0,0.0,0.29536365
nefer_19,2012-03-18,8620.0,5.3,11.09,4.53,0.0,0.0,0.30645925
nefer_19,2012-03-19,10330.0,2.66,9.58,2.12,0.0,0.0,0.31412937
nefer_19,2012-03-20,14330.0,0.21,12.21,1.4,0.0,0.0,0.3199197
nefer_19,2012-03-21,5680.0,4.92,13.31,2.95,0.0,0.0,0.32585848
nefer_19,2012-03-22,6090.0,7.15,13.16,5.58,0.0,0.0,0.33466845
nefer_19,2012-03-23,19470.0,6.25,17.42,0.51,0.0,0.0,0.34458743
nefer_19,2012-03-24,20580.0,4.84,21.32,0.0,0.0,0.0,0.35626852
nefer_19,2012-03-25,19900.0,9.08,22.17,0.0,0.0,0.0,0.36931246
nefer_19,2012-03-26,19410.0,7.26,20.8,0.0,0.0,0.0,0.38505467
nefer_19,2012-03-27,20010.0,6.3,22.48,0.0,0.0,0.0,0.39933397
nefer_19,2012-03-28,20800.0,8.58,22.79,0.0,0.0,0.0,0.41412754
nefer_19,2012-03-29,20480.0,10.62,22.71,0.0,0.0,0.0,0.4304137
nefer_19,2012-03-30,21850.0,5.37,21.91,0.0,0.0,0.0,0.44788887
nefer_19,2012-03-31,22230.0,6.17,21.71,0.0,0.0,0.0,0.46233238
nefer_19,2012-04-01,21310.0,7.19,20.14,0.0,0.0,0.0,0.47723708
nefer_19,2012-04-02,18580.0,9.03,19.26,0.11,0.0,0.0,0.49198847
nefer_19,2012-04-03,5170.0,8.15,13.55,2.8,0.0,0.0,0.50740368
nefer_19,2012-04-04,11990.0,6.69,13.53,0.77,0.0,0.0,0.51933974
nefer_19,2012-04-05,16840.0,4.67,17.72,1.23,0.0,0.0,0.5305658
nefer_19,2012-04-06,16490.0,7.04,19.3,6.37,0.0,0.0,0.54311185
nefer_19,2012-04-07,13310.0,5.33,15.05,6.84,0.0,0.0,0.55800673
nefer_19,2012-04-08,9070.0,6.58,14.68,1.75,0.0,0.0,0.56963606
nefer_19,2012-04-09,17630.0,5.44,17.23,0.5,0.0,0.0,0.58187672
nefer_19,2012-04-10,13910.0,6.93,20.35,7.22,0.0,0.0,0.59504551
nefer_19,2012-04-11,14090.0,5.87,12.25,2.94,0.0,0.0,0.61103202
nefer_19,2012-04-12,9760.0,5.8,12.57,5.48,0.0,0.0,0.62174335
nefer_19,2012-04-13,18990.0,4.31,12.75,2.17,0.0,0.0,0.63269635
nefer_19,2012-04-14,17620.0,5.65,13.05,2.57,0.0,0.0,0.6429553
nefer_19,2012-04-15,10340.0,5.11,9.73,6.89,0.0,0.0,0.65429568
nefer_19,2012-04-16,11070.0,1.46,10.84,0.56,0.0,0.0,0.66337061
nefer_19,2012-04-17,21860.0,-1.42,14.65,1.73,0.0,0.0,0.67095465
nefer_19,2012-04-18,16460.0,5.8,13.09,3.51,0.0,0.0,0.67917901
nefer_19,2012-04-19,14760.0,5.82,10.67,8.95,0.0,0.0,0.69101714
nefer_19,2012-04-20,15200.0,5.34,13.05,4.91,0.0,0.0,0.70143413
nefer_19,2012-04-21,14430.0,6.58,18.33,4.38,0.0,0.0,0.71314354
nefer_19,2012-04-22,17550.0,5.17,12.62,1.33,0.0,0.0,0.72912879
nefer_19,2012-04-23,13470.0,4.36,14.75,6.24,0.0,0.0,0.74063349
nefer_19,2012-04-24,17610.0,3.71,11.17,5.58,0.0,0.0,0.75308651
nefer_19,2012-04-25,14290.0,4.74,21.4,0.1,0.0,0.0,0.76285644
nefer_19,2012-04-26,14440.0,10.04,21.12,0.54,0.0,0.0,0.78014779
nefer_19,2012-04-27,14580.0,8.37,22.8,1.7,0.0,0.0,0.80091203
nefer_19,2012-04-28,12480.0,8.28,23.49,7.15,0.0,0.0,0.82183434
nefer_19,2012-04-29,23320.0,6.36,17.56,8.1,0.0,0.0,0.84331284
nefer_19,2012-04-30,12710.0,5.9,12.79,11.26,0.0,0.0,0.85959906
nefer_19,2012-05-01,25830.0,3.99,18.65,0.24,0.0,0.0,0.8724135
nefer_19,2012-05-02,26860.0,7.69,20.4,0.13,0.0,0.0,0.8880434
nefer_19,2012-05-03,26720.0,8.37,22.71,0.07,0.0,0.0,0.90756781
nefer_19,2012-05-04,14660.0,9.51,17.68,4.33,0.0,0.0,0.92931541
nefer_19,2012-05-05,20460.0,7.83,18.87,1.61,0.0,0.0,0.94846679
nefer_19,2012-05-06,20700.0,8.98,16.73,1.73,0.0,0.0,0.96739542
nefer_19,2012-05-07,26750.0,6.86,20.96,0.05,0.0,0.0,0.98573892
nefer_19,2012-05-08,17430.0,12.48,20.69,3.1,0.0,0.0,1.0
nefer_19,2012-05-09,26860.0,13.8,26.0,2.92,0.0,0.0,1.01381652
nefer_19,2012-05-10,24430.0,14.02,26.78,0.0,0.0,0.0,1.03039468
nefer_19,2012-05-11,27660.0,14.55,30.14,0.0,0.0,0.0,1.04738937
nefer_19,2012-05-12,8700.0,15.01,24.44,0.29,0.0,0.0,1.06600439
nefer_19,2012-05-13,21420.0,9.67,21.48,0.11,0.0,0.0,1.08243676
nefer_19,2012-05-14,28680.0,7.53,21.73,0.0,0.0,0.0,1.09541188
nefer_19,2012-05-15,23040.0,8.58,19.21,0.07,0.0,0.0,1.10759974
nefer_19,2012-05-16,30260.0,5.65,18.6,0.0,0.0,0.0,1.11917529
nefer_19,2012-05-17,18460.0,7.09,23.89,0.18,0.0,0.0,1.12927631
nefer_19,2012-05-18,9020.0,10.3,20.14,2.36,0.0,0.0,1.14218061
nefer_19,2012-05-19,15080.0,9.72,23.69,9.92,0.0,0.0,1.15485999
nefer_19,2012-05-20,9310.0,9.19,15.07,18.42,0.0,0.0,1.16877647
nefer_19,2012-05-21,5880.0,8.52,11.82,23.67,0.0,0.0,1.17888165
nefer_19,2012-05-22,12900.0,10.27,17.89,5.63,0.0,0.0,1.18735401
nefer_19,2012-05-23,11830.0,11.28,20.29,0.11,0.0,0.0,1.19908368
nefer_19,2012-05-24,25550.0,13.15,25.58,0.02,0.0,0.0,1.21223374
nefer_19,2012-05-25,28410.0,14.76,28.03,0.02,0.0,0.0,1.2283662
nefer_19,2012-05-26,14610.0,15.69,22.25,0.12,0.0,0.0,1.24618981
nefer_19,2012-05-27,23620.0,12.96,24.65,0.52,0.0,0.0,1.26199321
nefer_19,2012-05-28,26020.0,13.94,25.15,0.21,0.0,0.0,1.27765915
nefer_19,2012-05-29,28590.0,14.61,27.82,0.0,0.0,0.0,1.29394156
nefer_19,2012-05-30,22900.0,15.15,26.51,0.01,0.0,0.0,1.31161521
nefer_19,2012-05-31,21450.0,14.27,26.29,0.01,0.0,0.0,1.32896813
nefer_19,2012-06-01,28610.0,16.05,30.6,0.01,0.0,0.0,1.34586285
nefer_19,2012-06-02,23630.0,18.02,33.58,1.46,0.0,0.0,1.36529429
nefer_19,2012-06-03,9510.0,14.47,20.51,9.73,0.0,0.0,1.38678758
nefer_19,2012-06-04,24430.0,12.67,22.26,0.21,0.0,0.0,1.40135803
nefer_19,2012-06-05,29360.0,11.4,26.42,0.0,0.0,0.0,1.41590765
nefer_19,2012-06-06,20350.0,15.92,24.03,0.05,0.0,0.0,1.43166107
nefer_19,2012-06-07,20890.0,16.71,31.0,2.47,0.0,0.0,1.44830171
nefer_19,2012-06-08,11670.0,12.69,21.4,2.3,0.0,0.0,1.46817467
nefer_19,2012-06-09,18550.0,9.34,22.01,0.4,0.0,0.0,1.4823744
nefer_19,2012-06-10,10900.0,14.3,22.87,7.79,0.0,0.0,1.49543282
nefer_19,2012-06-11,17630.0,10.94,21.08,9.35,0.0,0.0,1.51091549
nefer_19,2012-06-12,19660.0,10.33,18.64,11.02,0.0,0.0,1.52425299
nefer_19,2012-06-13,20770.0,11.15,20.0,2.3,0.0,0.0,1.53632006
nefer_19,2012-06-14,29770.0,10.69,28.06,0.0,0.0,0.0,1.54929518
nefer_19,2012-06-15,27040.0,13.53,29.13,0.0,0.0,0.0,1.56543597
nefer_19,2012-06-16,29430.0,15.45,30.08,0.03,0.0,0.0,1.58320542
nefer_19,2012-06-17,28820.0,14.25,30.16,0.07,0.0,0.0,1.60217033
nefer_19,2012-06-18,12100.0,17.3,24.9,0.16,0.0,0.0,1.62066873
nefer_19,2012-06-19,8820.0,15.48,24.99,10.21,0.0,0.0,1.63824657
nefer_19,2012-06-20,27650.0,15.44,30.32,0.87,0.0,0.0,1.65510381
nefer_19,2012-06-21,21900.0,14.33,29.98,1.09,0.0,0.0,1.67416452
nefer_19,2012-06-22,27750.0,11.27,24.41,0.0,0.0,0.0,1.69262126
nefer_19,2012-06-23,28470.0,11.98,27.13,0.0,0.0,0.0,1.70748329
nefer_19,2012-06-24,28410.0,14.71,29.92,0.0,0.0,0.0,1.72377404
nefer_19,2012-06-25,29470.0,14.29,29.82,0.0,0.0,0.0,1.74236407
nefer_19,2012-06-26,30100.0,17.56,31.64,0.0,0.0,0.0,1.7607375
nefer_19,2012-06-27,26700.0,18.35,36.51,0.03,0.0,0.0,1.7812311
nefer_19,2012-06-28,27450.0,21.12,34.53,1.69,0.0,0.0,1.8040823
nefer_19,2012-06-29,12220.0,17.98,30.09,0.14,0.0,0.0,1.82726256
nefer_19,2012-06-30,17680.0,16.84,30.3,0.68,0.0,0.0,1.84728548
nefer_19,2012-07-01,4650.0,13.23,20.71,9.79,0.0,0.0,1.86692101
nefer_19,2012-07-02,28240.0,11.33,25.06,0.0,0.0,0.0,1.88105827
nefer_19,2012-07-03,28770.0,13.7,30.99,0.08,0.0,0.0,1.89621603
nefer_19,2012-07-04,20350.0,17.26,26.14,2.35,0.0,0.0,1.91483105
nefer_19,2012-07-05,8400.0,14.18,21.56,9.82,0.0,0.0,1.93290874
nefer_19,2012-07-06,18800.0,12.7,23.08,0.38,0.0,0.0,1.94779576
nefer_19,2012-07-07,29190.0,14.68,31.55,6.04,0.0,0.0,1.96269944
nefer_19,2012-07-08,18730.0,14.41,26.5,1.47,0.0,0.0,1.98195593
nefer_19,2012-07-09,23080.0,14.28,28.1,0.03,0.0,0.0,1.99899644
nefer_19,2012-07-10,17500.0,15.3,27.33,0.2,0.0,0.0,2.0
nefer_19,2012-07-11,13420.0,14.24,22.82,0.62,0.0,0.0,2.0
nefer_19,2012-07-12,25320.0,12.33,26.19,0.03,0.0,0.0,2.0
nefer_19,2012-07-13,27240.0,13.39,31.25,0.09,0.0,0.0,2.0
nefer_19,2012-07-14,15270.0,14.15,24.93,0.56,0.0,0.0,2.0
nefer_19,2012-07-15,22430.0,13.01,24.05,0.22,0.0,0.0,2.0
nefer_19,2012-07-16,29710.0,10.09,26.55,0.0,0.0,0.0,2.0
nefer_19,2012-07-17,27640.0,13.77,31.58,0.0,0.0,0.0,2.0
nefer_19,2012-07-18,27700.0,18.72,36.14,0.0,0.0,0.0,2.0
nefer_19,2012-07-19,22390.0,16.28,27.32,0.01,0.0,0.0,2.0
nefer_19,2012-07-20,13340.0,14.19,25.1,0.36,0.0,0.0,2.0
nefer_19,2012-07-21,24530.0,13.97,27.04,0.0,0.0,0.0,2.0
nefer_19,2012-07-22,24930.0,13.9,27.23,0.0,0.0,0.0,2.0
nefer_19,2012-07-23,29820.0,11.27,29.83,0.0,0.0,0.0,2.0
nefer_19,2012-07-24,26800.0,14.38,32.66,0.0,0.0,0.0,2.0
nefer_19,2012-07-25,27950.0,17.4,34.93,0.0,0.0,0.0,2.0
nefer_19,2012-07-26,25140.0,21.78,37.05,1.14,0.0,0.0,2.0
nefer_19,2012-07-27,20580.0,19.89,33.36,2.19,0.0,0.0,2.0
nefer_19,2012-07-28,15300.0,17.82,27.65,5.79,0.0,0.0,2.0
nefer_19,2012-07-29,24530.0,14.83,27.48,0.05,0.0,0.0,2.0
nefer_19,2012-07-30,27410.0,13.83,31.03,0.0,0.0,0.0,2.0
nefer_19,2012-07-31,25730.0,14.66,33.65,0.0,0.0,0.0,2.0
nefer_19,2012-08-01,17410.0,19.57,30.8,0.0,0.0,0.0,2.0
nefer_19,2012-08-02,22620.0,17.66,30.26,0.04,0.0,0.0,2.0
nefer_19,2012-08-03,22620.0,17.66,30.26,0.04,0.0,0.0,2.0
nefer_19,2012-08-04,22620.0,17.66,30.26,0.04,0.0,0.0,2.0
nefer_19,2012-08-05,22620.0,17.66,30.26,0.04,0.0,0.0,2.0
nefer_19,2012-08-06,22620.0,17.66,30.26,0.04,0.0,0.0,2.0
nefer_19,2012-08-07,22620.0,17.66,30.26,0.04,0.0,0.0,2.0
nefer_19,2012-08-08,22620.0,17.66,30.26,0.04,0.0,0.0,2.0
nefer_19,2012-08-09,22620.0,17.66,30.26,0.04,0.0,0.0,2.0
nefer_19,2012-08-10,22620.0,17.66,30.26,0.04,0.0,0.0,2.0
nefer_19,2012-08-11,22620.0,17.66,30.26,0.04,0.0,0.0,2.0
nefer_19,2012-08-12,22620.0,17.66,30.26,0.04,0.0,0.0,2.0
nefer_19,2012-08-13,22620.0,17.66,30.26,0.04,0.0,0.0,2.0
nefer_19,2012-08-14,22620.0,17.66,30.26,0.04,0.0,0.0,2.0
nefer_19,2012-08-15,22620.0,17.66,30.26,0.04,0.0,0.0,2.0
nefer_19,2012-08-16,22620.0,17.66,30.26,0.04,0.0,0.0,2.0
nefer_19,2012-08-17,22620.0,17.66,30.26,0.04,0.0,0.0,2.0
nefer_19,2012-08-18,22620.0,17.66,30.26,0.04,0.0,0.0,2.0
nefer_19,2012-08-19,22620.0,17.66,30.26,0.04,0.0,0.0,2.0
nefer_19,2012-08-20,22620.0,17.66,30.26,0.04,0.0,0.0,2.0
nefer_19,2012-08-21,22620.0,17.66,30.26,0.04,0.0,0.0,2.0
nefer_19,2012-08-22,22620.0,17.66,30.26,0.04,0.0,0.0,2.0
nefer_19,2012-08-23,22620.0,17.66,30.26,0.04,0.0,0.0,2.0
nefer_19,2012-08-24,22620.0,17.66,30.26,0.04,0.0,0.0,2.0
nefer_19,2012-08-25,22620.0,17.66,30.26,0.04,0.0,0.0,2.0
nefer_19,2012-08-26,22620.0,17.66,30.26,0.04,0.0,0.0,2.0
nefer_19,2012-08-27,22620.0,17.66,30.26,0.04,0.0,0.0,2.0
nefer_19,2012-08-28,22620.0,17.66,30.26,0.04,0.0,0.0,2.0
nefer_19,2012-08-29,22620.0,17.66,30.26,0.04,0.0,0.0,2.0
nefer_19,2012-08-30,22620.0,17.66,30.26,0.04,0.0,0.0,2.0
nefer_19,2012-08-31,22620.0,17.66,30.26,0.04,0.0,0.0,2.0
nefer_19,2012-09-01,22620.0,17.66,30.26,0.04,0.0,0.0,2.0
nefer_19,2012-09-02,22620.0,17.66,30.26,0.04,0.0,0.0,2.0
nefer_19,2012-09-03,22620.0,17.66,30.26,0.04,0.0,0.0,2.0
nefer_19,2012-09-04,22620.0,17.66,30.26,0.04,0.0,0.0,2.0
nefer_19,2012-09-05,22620.0,17.66,30.26,0.04,0.0,0.0,2.0
nefer_19,2012-09-06,22620.0,17.66,30.26,0.04,0.0,0.0,2.0
nefer_19,2012-09-07,22620.0,17.66,30.26,0.04,0.0,0.0,2.0
nefer_19,2012-09-08,22620.0,17.66,30.26,0.04,0.0,0.0,2.0
nefer_19,2012-09-09,22620.0,17.66,30.26,0.04,0.0,0.0,2.0
nefer_19,2012-09-10,22620.0,17.66,30.26,0.04,0.0,0.0,2.0
nefer_19,2012-09-11,22620.0,17.66,30.26,0.04,0.0,0.0,2.0
nefer_19,2012-09-12,22620.0,17.66,30.26,0.04,0.0,0.0,2.0
nefer_19,2012-09-13,22620.0,17.66,30.26,0.04,0.0,0.0,2.0
nefer_19,2012-09-14,22620.0,17.66,30.26,0.04,0.0,0.0,2.0
nefer_19,2012-09-15,22620.0,17.66,30.26,0.04,0.0,0.0,2.0
nefer_19,2012-09-16,22620.0,17.66,30.26,0.04,0.0,0.0,2.0
nefer_19,2012-09-17,22620.0,17.66,30.26,0.04,0.0,0.0,2.0
nefer_19,2012-09-18,22620.0,17.66,30.26,0.04,0.0,0.0,2.0
nefer_19,2012-09-19,22620.0,17.66,30.26,0.04,0.0,0.0,2.0
nefer_19,2012-09-20,22620.0,17.66,30.26,0.04,0.0,0.0,2.0
nefer_19,2012-09-21,22620.0,17.66,30.26,0.04,0.0,0.0,2.0
nefer_19,2012-09-22,22620.0,17.66,30.26,0.04,0.0,0.0,2.0
nefer_19,2012-09-23,22620.0,17.66,30.26,0.04,0.0,0.0,2.0
nefer_19,2012-09-24,22620.0,17.66,30.26,0.04,0.0,0.0,2.0
nefer_19,2012-09-25,22620.0,17.66,30.26,0.04,0.0,0.0,2.0
nefer_19,2012-09-26,22620.0,17.66,30.26,0.04,0.0,0.0,2.0
nefer_19,2012-09-27,22620.0,17.66,30.26,0.04,0.0,0.0,2.0
nefer_19,2012-09-28,22620.0,17.66,30.26,0.04,0.0,0.0,2.0
nefer_19,2012-09-29,22620.0,17.66,30.26,0.04,0.0,0.0,2.0
nefer_19,2012-09-30,22620.0,17.66,30.26,0.04,0.0,0.0,2.0
nefer_19,2012-10-01,22620.0,17.66,30.26,0.04,0.0,0.0,2.0
nefer_19,2012-10-02,22620.0,17.66,30.26,0.04,0.0,0.0,2.0
nefer_19,2012-10-03,22620.0,17.66,30.26,0.04,0.0,0.0,2.0
nefer_19,2012-10-04,22620.0,17.66,30.26,0.04,0.0,0.0,2.0
nefer_19,2012-10-05,22620.0,17.66,30.26,0.04,0.0,0.0,2.0
nefer_19,2012-10-06,22620.0,17.66,30.26,0.04,0.0,0.0,2.0
nefer_19,2012-10-07,22620.0,17.66,30.26,0.04,0.0,0.0,2.0
nefer_19,2012-10-08,22620.0,17.66,30.26,0.04,0.0,0.0,2.0
nefer_19,2012-10-09,22620.0,17.66,30.26,0.04,0.0,0.0,2.0
nefer_19,2012-10-10,22620.0,17.66,30.26,0.04,0.0,0.0,2.0
nefer_19,2012-10-11,22620.0,17.66,30.26,0.04,0.0,0.0,2.0
nefer_19,2012-10-12,22620.0,17.66,30.26,0.04,0.0,0.0,2.0
nefer_19,2012-10-13,22620.0,17.66,30.26,0.04,0.0,0.0,2.0
nefer_19,2012-10-14,22620.0,17.66,30.26,0.04,0.0,0.0,2.0
nefer_19,2012-10-15,22620.0,17.66,30.26,0.04,0.0,0.0,2.0
nefer_19,2012-10-16,22620.0,17.66,30.26,0.04,0.0,0.0,2.0
nefer_19,2012-10-17,22620.0,17.66,30.26,0.04,0.0,0.0,2.0
nefer_19,2012-10-18,22620.0,17.66,30.26,0.04,0.0,0.0,2.0
nefer_19,2012-10-19,22620.0,17.66,30.26,0.04,0.0,0.0,2.0
nefer_19,2012-10-20,22620.0,17.66,30.26,0.04,0.0,0.0,2.0
nefer_19,2012-10-21,22620.0,17.66,30.26,0.04,0.0,0.0,2.0
nefer_19,2012-10-22,22620.0,17.66,30.26,0.04,0.0,0.0,2.0
nefer_19,2012-10-23,22620.0,17.66,30.26,0.04,0.0,0.0,2.0
nefer_19,2012-10-24,22620.0,17.66,30.26,0.04,0.0,0.0,2.0
nefer_19,2012-10-25,22620.0,17.66,30.26,0.04,0.0,0.0,2.0
nefer_19,2012-10-26,22620.0,17.66,30.26,0.04,0.0,0.0,2.0
nefer_19,2012-10-27,22620.0,17.66,30.26,0.04,0.0,0.0,2.0
nefer_19,2012-10-28,22620.0,17.66,30.26,0.04,0.0,0.0,2.0
nefer_19,2012-10-29,22620.0,17.66,30.26,0.04,0.0,0.0,2.0
nefer_19,2012-10-30,22620.0,17.66,30.26,0.04,0.0,0.0,2.0
nefer_19,2012-10-31,22620.0,17.66,30.26,0.04,0.0,0.0,2.0
nefer_19,2012-11-01,22620.0,17.66,30.26,0.04,0.0,0.0,2.0
nefer_19,2012-11-02,22620.0,17.66,30.26,0.04,0.0,0.0,2.0
nefer_19,2012-11-03,22620.0,17.66,30.26,0.04,0.0,0.0,2.0
nefer_19,2012-11-04,22620.0,17.66,30.26,0.04,0.0,0.0,2.0
nefer_19,2012-11-05,22620.0,17.66,30.26,0.04,0.0,0.0,2.0
nefer_19,2012-11-06,22620.0,17.66,30.26,0.04,0.0,0.0,2.0
nefer_19,2012-11-07,22620.0,17.66,30.26,0.04,0.0,0.0,2.0
nefer_19,2012-11-08,22620.0,17.66,30.26,0.04,0.0,0.0,2.0
nefer_19,2012-11-09,22620.0,17.66,30.26,0.04,0.0,0.0,2.0
nefer_19,2012-11-10,22620.0,17.66,30.26,0.04,0.0,0.0,2.0
nefer_19,2012-11-11,22620.0,17.66,30.26,0.04,0.0,0.0,2.0
nefer_19,2012-11-12,22620.0,17.66,30.26,0.04,0.0,0.0,2.0
