uid,das,DVS,LAI,TWLV,TWST,WSO,TAGP
nefer_01,0,-0.1,0.2319,144.9397,105.0603,0.0,250.0
nefer_01,1,0.0,0.2319,144.9397,105.0603,0.0,250.0
nefer_01,2,0.0,0.2419,151.1648,109.5725,0.0,260.7373
nefer_01,3,0.0,0.2472,154.4993,111.9896,0.0,266.4889
nefer_01,4,0.0,0.2519,157.4343,114.117,0.0,271.5513
nefer_01,5,0.0,0.2605,162.8051,118.01,0.0,280.8151
nefer_01,6,0.0,0.2693,168.284,121.9815,0.0,290.2655
nefer_01,7,0.0,0.2798,174.8983,126.7758,0.0,301.6741
nefer_01,8,0.0,0.2879,179.96,130.4448,0.0,310.4048
nefer_01,9,0.0,0.2945,184.042,133.4037,0.0,317.4457
nefer_01,10,0.0,0.3038,189.9058,137.6541,0.0,327.56
nefer_01,11,0.0,0.311,194.3586,140.8818,0.0,335.2404
nefer_01,12,0.0,0.3186,199.0952,144.3151,0.0,343.4103
nefer_01,13,0.0,0.3236,202.223,146.5823,0.0,348.8053
nefer_01,14,0.0,0.3277,204.8266,148.4695,0.0,353.2961
nefer_01,15,0.0001,0.3401,212.5365,154.0581,0.0,366.5945
nefer_01,16,0.0003,0.3499,218.6773,158.5095,0.0,377.1867
nefer_01,17,0.0005,0.3539,221.1611,160.31,0.0,381.4712
nefer_01,18,0.0007,0.3601,225.0871,163.1563,0.0,388.2435
nefer_01,19,0.0011,0.3724,232.7471,168.7102,0.0,401.4572
nefer_01,20,0.0014,0.3788,236.7704,171.6276,0.0,408.398
nefer_01,21,0.0017,0.3864,241.5282,175.078,0.0,416.6062
nefer_01,22,0.0021,0.3945,246.5673,178.7328,0.0,425.3001
nefer_01,23,0.0027,0.4042,252.6484,183.1441,0.0,435.7925
nefer_01,24,0.0035,0.4116,257.2539,186.4857,0.0,443.7395
nefer_01,25,0.0045,0.422,263.7808,191.2227,0.0,455.0034
nefer_01,26,0.0057,0.4296,268.4719,194.6285,0.0,463.1004
nefer_01,27,0.007,0.4431,276.9184,200.7634,0.0,477.6818
nefer_01,28,0.0078,0.4512,281.9711,204.4351,0.0,486.4062
nefer_01,29,0.0087,0.4555,284.681,206.4049,0.0,491.0858
nefer_01,30,0.0096,0.4589,286.7865,207.9358,0.0,494.7223
nefer_01,31,0.0104,0.4663,291.4551,211.3314,0.0,502.7865
nefer_01,32,0.0112,0.4713,294.5476,213.5814,0.0,508.129
nefer_01,33,0.012,0.4785,299.0834,216.8824,0.0,515.9658
nefer_01,34,0.0131,0.486,303.7602,220.2871,0.0,524.0473
nefer_01,35,0.0138,0.4907,306.6643,222.4021,0.0,529.0664
nefer_01,36,0.0147,0.497,310.6308,225.2917,0.0,535.9226
nefer_01,37,0.0162,0.5046,315.3875,228.758,0.0,544.1455
nefer_01,38,0.0178,0.5118,319.8482,232.0104,0.0,551.8586
nefer_01,39,0.0188,0.5141,321.3183,233.0829,0.0,554.4012
nefer_01,40,0.0196,0.5166,322.8699,234.2154,0.0,557.0853
nefer_01,41,0.0197,0.5166,322.8699,234.2154,0.0,557.0853
nefer_01,42,0.0198,0.5166,322.8699,234.2154,0.0,557.0853
nefer_01,43,0.0199,0.5166,322.8699,234.2154,0.0,557.0853
nefer_01,44,0.0201,0.5166,322.8699,234.2154,0.0,557.0853
nefer_01,45,0.0206,0.5166,322.8699,234.2154,0.0,557.0853
nefer_01,46,0.0206,0.5166,322.8699,234.2154,0.0,557.0853
nefer_01,47,0.0206,0.5166,322.8699,234.2154,0.0,557.0853
nefer_01,48,0.0206,0.5166,322.8699,234.2154,0.0,557.0853
nefer_01,49,0.0224,0.5166,322.8699,234.2154,0.0,557.0853
nefer_01,50,0.024,0.5166,322.8699,234.2154,0.0,557.0853
nefer_01,51,0.0258,0.5166,322.8699,234.2154,0.0,557.0853
nefer_01,52,0.0284,0.5166,322.8699,234.2154,0.0,557.0853
nefer_01,53,0.0321,0.5177,323.5325,234.7008,0.0,558.2333
nefer_01,54,0.0355,0.5223,326.4418,236.8352,0.0,563.277
nefer_01,55,0.0381,0.5318,332.3921,241.2068,0.0,573.5989
nefer_01,56,0.0411,0.5423,338.9261,246.0124,0.0,584.9385
nefer_01,57,0.0442,0.5477,342.3235,248.5143,0.0,590.8378
nefer_01,58,0.0477,0.5579,348.6927,253.2108,0.0,601.9035
nefer_01,59,0.0513,0.5703,356.4507,258.9399,0.0,615.3906
nefer_01,60,0.0549,0.5814,363.3842,264.0682,0.0,627.4524
nefer_01,61,0.0583,0.5887,367.9207,267.4289,0.0,635.3496
nefer_01,62,0.0629,0.6045,377.8418,274.7902,0.0,652.632
nefer_01,63,0.0667,0.6178,386.1281,280.9516,0.0,667.0797
nefer_01,64,0.0702,0.6302,393.8922,286.7352,0.0,680.6274
nefer_01,65,0.0746,0.6418,401.1323,292.1371,0.0,693.2694
nefer_01,66,0.0786,0.6545,409.05,298.0575,0.0,707.1076
nefer_01,67,0.0822,0.6641,415.0613,302.5611,0.0,717.6225
nefer_01,68,0.0858,0.6771,423.2024,308.6715,0.0,731.8739
nefer_01,69,0.0894,0.6899,431.1921,314.6794,0.0,745.8715
nefer_01,70,0.0936,0.7061,441.3428,322.3264,0.0,763.6692
nefer_01,71,0.0983,0.7231,451.9608,330.3436,0.0,782.3044
nefer_01,72,0.1034,0.7301,456.3127,333.6379,0.0,789.9507
nefer_01,73,0.1082,0.7423,463.9355,339.4243,0.0,803.3597
nefer_01,74,0.1119,0.7516,469.7393,343.8419,0.0,813.5812
nefer_01,75,0.1143,0.761,475.6031,348.3147,0.0,823.9178
nefer_01,76,0.1148,0.7624,476.5188,349.0141,0.0,825.533
nefer_01,77,0.115,0.7625,476.5543,349.0412,0.0,825.5955
nefer_01,78,0.115,0.7625,476.5543,349.0412,0.0,825.5955
nefer_01,79,0.115,0.7625,476.5543,349.0412,0.0,825.5955
nefer_01,80,0.115,0.7625,476.5543,349.0412,0.0,825.5955
nefer_01,81,0.1156,0.7625,476.5543,349.0412,0.0,825.5955
nefer_01,82,0.1163,0.7625,476.5543,349.0412,0.0,825.5955
nefer_01,83,0.1176,0.7625,476.5543,349.0412,0.0,825.5955
nefer_01,84,0.1187,0.7625,476.5543,349.0412,0.0,825.5955
nefer_01,85,0.1201,0.7625,476.5543,349.0412,0.0,825.5955
nefer_01,86,0.122,0.7625,476.5543,349.0412,0.0,825.5955
nefer_01,87,0.1249,0.7625,476.5543,349.0412,0.0,825.5955
nefer_01,88,0.1286,0.7625,476.5543,349.0412,0.0,825.5955
nefer_01,89,0.1332,0.7625,476.5543,349.0412,0.0,825.5955
nefer_01,90,0.1371,0.7652,478.2731,350.3694,0.0,828.6425
nefer_01,91,0.1412,0.7747,484.164,354.9328,0.0,839.0968
nefer_01,92,0.1458,0.7826,489.1159,358.7791,0.0,847.895
nefer_01,93,0.1496,0.7978,498.6422,366.2013,0.0,864.8435
nefer_01,94,0.1542,0.8156,509.7262,374.8591,0.0,884.5853
nefer_01,95,0.1609,0.8377,523.5842,385.7188,0.0,909.303
nefer_01,96,0.1667,0.8509,531.7929,392.1818,0.0,923.9747
nefer_01,97,0.1718,0.8715,544.7105,402.3956,0.0,947.1061
nefer_01,98,0.1793,0.8893,555.7828,411.1836,0.0,966.9665
nefer_01,99,0.1853,0.9127,570.4299,422.8751,0.0,993.305
nefer_01,100,0.1921,0.9395,587.17,436.3006,0.0,1023.4706
nefer_01,101,0.1981,0.9521,595.0522,442.6569,0.0,1037.7091
nefer_01,102,0.2021,0.9631,601.9178,448.2212,0.0,1050.139
nefer_01,103,0.2079,0.9867,616.6644,460.2136,0.0,1076.8781
nefer_01,104,0.2141,1.0109,631.8256,472.6048,0.0,1104.4304
nefer_01,105,0.2195,1.0248,640.5306,479.7587,0.0,1120.2894
nefer_01,106,0.2258,1.045,653.1079,490.1451,0.0,1143.253
nefer_01,107,0.2334,1.075,671.8655,505.7273,0.0,1177.5928
nefer_01,108,0.2403,1.0982,686.3961,517.8852,0.0,1204.2813
nefer_01,109,0.2467,1.1171,698.1795,527.8114,0.0,1225.9909
nefer_01,110,0.2533,0.7932,713.1718,540.523,0.0,1253.6948
nefer_01,111,0.2607,0.8117,724.7161,550.3791,0.0,1275.0952
nefer_01,112,0.2686,0.8294,735.8111,559.9263,0.0,1295.7374
nefer_01,113,0.2764,0.8511,749.348,571.6762,0.0,1321.0242
nefer_01,114,0.2864,0.8737,763.5013,584.0706,0.0,1347.5719
nefer_01,115,0.297,0.8937,775.9991,595.1445,0.0,1371.1436
nefer_01,116,0.3097,0.9263,796.3293,613.3915,0.0,1409.7208
nefer_01,117,0.3176,0.949,810.5345,626.3485,0.0,1436.883
nefer_01,118,0.3264,0.9682,822.51,637.3868,0.0,1459.8968
nefer_01,119,0.335,0.9874,834.5166,648.588,0.0,1483.1046
nefer_01,120,0.3415,1.0053,845.7164,659.1637,0.0,1504.8801
nefer_01,121,0.3485,1.0256,858.4141,671.2672,0.0,1529.6813
nefer_01,122,0.354,1.0419,868.617,681.0932,0.0,1549.7101
nefer_01,123,0.3598,1.0591,879.3763,691.5419,0.0,1570.9182
nefer_01,124,0.3675,1.0812,893.1687,705.0569,0.0,1598.2256
nefer_01,125,0.3761,1.104,907.4234,719.1961,0.0,1626.6195
nefer_01,126,0.3858,1.128,922.3875,734.248,0.0,1656.6355
nefer_01,127,0.3969,1.1594,942.0417,754.3409,0.0,1696.3826
nefer_01,128,0.4073,1.1859,960.4768,773.5525,0.0,1734.0293
nefer_01,129,0.416,1.2102,975.663,789.677,0.0,1765.34
nefer_01,130,0.425,1.2276,989.3292,804.4252,0.0,1793.7544
nefer_01,131,0.4298,1.2325,996.9245,812.7628,0.0,1809.6874
nefer_01,132,0.4327,1.2395,1001.2577,817.5637,0.0,1818.8215
nefer_01,133,0.4358,1.247,1005.9871,822.8338,0.0,1828.8209
nefer_01,134,0.4393,1.2408,1011.3152,828.8082,0.0,1840.1235
nefer_01,135,0.4436,1.2478,1015.677,833.7328,0.0,1849.4098
nefer_01,136,0.4489,1.2542,1019.6796,838.2913,0.0,1857.9709
nefer_01,137,0.4544,1.2549,1021.5794,840.4789,0.0,1862.0582
nefer_01,138,0.4626,1.2506,1025.3189,844.8342,0.0,1870.1531
nefer_01,139,0.4724,1.2542,1031.9177,852.6561,0.0,1884.5737
nefer_01,140,0.4816,1.2586,1041.602,864.3831,0.0,1905.9851
nefer_01,141,0.4899,1.2775,1053.4199,878.9915,0.0,1932.4113
nefer_01,142,0.4975,1.2901,1064.6819,893.1804,0.0,1957.8624
nefer_01,143,0.5052,1.2932,1074.727,906.0658,0.0,1980.7928
nefer_01,144,0.5166,1.3188,1090.7125,926.9536,0.0,2017.6661
nefer_01,145,0.5306,1.3447,1110.0056,952.875,0.0,2062.8806
nefer_01,146,0.543,1.3529,1126.3663,975.6523,0.0,2102.0186
nefer_01,147,0.5494,1.3627,1134.5766,987.4596,0.0,2122.0362
nefer_01,148,0.5579,1.3752,1145.5945,1003.5772,0.0,2149.1717
nefer_01,149,0.5696,1.3959,1160.2806,1025.5663,0.0,2185.8468
nefer_01,150,0.5834,1.4058,1177.576,1052.316,0.0,2229.8919
nefer_01,151,0.5979,1.4199,1195.0726,1080.4657,0.0,2275.5382
nefer_01,152,0.613,1.4378,1212.7068,1110.0765,0.0,2322.7833
nefer_01,153,0.629,1.4488,1230.7853,1141.8633,0.0,2372.6487
nefer_01,154,0.6448,1.4754,1247.8841,1173.4692,0.0,2421.3534
nefer_01,155,0.6598,1.4971,1261.8463,1200.6231,0.0,2462.4694
nefer_01,156,0.676,1.5118,1271.2954,1219.9368,0.0,2491.2322
nefer_01,157,0.692,1.5294,1282.9044,1245.0041,0.0,2527.9085
nefer_01,158,0.71,1.5452,1297.6169,1278.59,0.0,2576.207
nefer_01,159,0.729,1.5375,1309.912,1308.5203,0.0,2618.4323
nefer_01,160,0.7483,1.5497,1324.5852,1346.8134,0.0,2671.3987
nefer_01,161,0.7687,1.5571,1338.3644,1385.4707,0.0,2723.835
nefer_01,162,0.7893,1.5556,1351.1073,1424.1441,0.0,2775.2515
nefer_01,163,0.8119,1.5591,1362.3318,1461.0791,0.0,2823.4109
nefer_01,164,0.8348,1.543,1372.8,1498.8031,0.0,2871.6031
nefer_01,165,0.8591,1.536,1381.8751,1534.733,0.0,2916.6081
nefer_01,166,0.8844,1.5241,1389.7862,1569.4125,0.0,2959.1987
nefer_01,167,0.9117,1.502,1396.338,1601.4096,0.0,2997.7476
nefer_01,168,0.934,1.4922,1403.2921,1639.6453,0.0,3042.9374
nefer_01,169,0.9564,1.4796,1409.9179,1679.8554,0.0,3089.7733
nefer_01,170,0.9788,1.4831,1415.9175,1720.1039,0.0,3136.0214
nefer_01,171,1.0,1.4951,1424.2615,1782.03,0.0,3206.2915
nefer_01,172,1.0,1.5076,1433.9412,1861.1902,0.0,3295.1314
nefer_01,173,1.0133,1.4989,1445.5288,1955.953,0.0,3401.4818
nefer_01,174,1.0215,1.4688,1449.5134,1990.5928,0.0,3440.1062
nefer_01,175,1.0311,1.4677,1459.4946,2080.7261,0.0,3540.2207
nefer_01,176,1.0411,1.4718,1470.1838,2181.6504,0.0,3651.8342
nefer_01,177,1.0519,1.4647,1480.0754,2279.4585,0.0,3759.5339
nefer_01,178,1.0625,1.4604,1488.0155,2362.0313,0.0,3850.0469
nefer_01,179,1.0747,1.4539,1499.2926,2484.9218,0.3633,3984.5777
nefer_01,180,1.0866,1.4248,1506.6251,2568.5023,1.6433,4076.7707
nefer_01,181,1.0997,1.4029,1515.5698,2675.0908,4.5431,4195.2037
nefer_01,182,1.113,1.3798,1526.3196,2808.3828,11.2713,4345.9737
nefer_01,183,1.1294,1.3729,1535.7525,2927.4924,23.0095,4486.2544
nefer_01,184,1.1441,1.3134,1544.8283,3039.363,47.2877,4631.479
nefer_01,185,1.1588,1.301,1553.1188,3131.1147,88.9621,4773.1955
nefer_01,186,1.1763,1.2745,1560.166,3193.6747,148.1509,4901.9917
nefer_01,187,1.1866,1.2365,1564.7159,3219.3521,207.9431,4992.0111
nefer_01,188,1.1972,1.2249,1570.8119,3242.8536,304.8355,5118.501
nefer_01,189,1.2083,1.2303,1574.7784,3252.2066,377.9323,5204.9173
nefer_01,190,1.2207,1.1793,1577.8284,3255.8318,441.2105,5274.8708
nefer_01,191,1.2354,1.1659,1582.0741,3257.1973,539.5458,5378.8171
nefer_01,192,1.2504,1.1311,1583.8063,3257.1973,600.6858,5441.6893
nefer_01,193,1.2663,1.0789,1585.0279,3257.1973,695.2758,5537.501
nefer_01,194,1.2807,1.0341,1585.0279,3257.1973,806.5219,5648.7471
nefer_01,195,1.2958,1.0101,1585.0279,3257.1973,906.658,5748.8832
nefer_01,196,1.3136,0.9492,1585.0279,3257.1973,1005.9486,5848.1738
nefer_01,197,1.3324,0.903,1585.0279,3257.1973,1092.1623,5934.3875
nefer_01,198,1.3491,0.8544,1585.0279,3257.1973,1150.4374,5992.6626
nefer_01,199,1.3603,0.8454,1585.0279,3257.1973,1174.4269,6016.6521
nefer_01,200,1.372,0.8194,1585.0279,3257.1973,1255.0272,6097.2524
nefer_01,201,1.3813,0.7818,1585.0279,3257.1973,1313.9571,6156.1823
nefer_01,202,1.3918,0.7659,1585.0279,3257.1973,1376.4486,6218.6738
nefer_01,203,1.4057,0.7398,1585.0279,3257.1973,1452.2264,6294.4516
nefer_01,204,1.4188,0.6811,1585.0279,3257.1973,1486.2549,6328.4801
nefer_01,205,1.4298,0.652,1585.0279,3257.1973,1540.0031,6382.2283
nefer_01,206,1.4419,0.6289,1585.0279,3257.1973,1590.4134,6432.6386
nefer_01,207,1.4558,0.6012,1585.0279,3257.1973,1638.6051,6480.8303
nefer_01,208,1.4692,0.5735,1585.0279,3257.1973,1649.9744,6492.1996
nefer_01,209,1.4833,0.5154,1585.0279,3257.1973,1682.6223,6524.8475
nefer_01,210,1.498,0.4912,1585.0279,3257.1973,1701.6828,6543.908
nefer_01,211,1.5138,0.4697,1585.0279,3257.1973,1727.648,6569.8732
nefer_01,212,1.532,0.4362,1585.0279,3230.1626,1767.2589,6582.4494
nefer_01,213,1.5513,0.4145,1585.0279,3203.1278,1797.445,6585.6007
nefer_01,214,1.5699,0.3718,1585.0279,3176.0931,1825.1556,6586.2766
nefer_01,215,1.5872,0.3527,1585.0279,3149.0583,1856.3117,6590.3979
nefer_01,216,1.605,0.3334,1585.0279,3122.0236,1884.7008,6591.7523
nefer_01,217,1.624,0.3168,1585.0279,3094.9889,1910.3838,6590.4005
nefer_01,218,1.6427,0.2868,1585.0279,3067.9541,1936.0668,6589.0488
nefer_01,219,1.6588,0.2763,1585.0279,3040.9194,1961.7498,6587.6971
nefer_01,220,1.6746,0.2667,1585.0279,3013.8847,1987.4906,6586.4031
nefer_01,221,1.6925,0.2565,1585.0279,2986.8499,2013.1736,6585.0514
nefer_01,222,1.712,0.2469,1585.0279,2959.8152,2038.8566,6583.6997
nefer_01,223,1.7319,0.2382,1585.0279,2932.7804,2064.5396,6582.3479
nefer_01,224,1.7498,0.2116,1585.0279,2905.7457,2090.2226,6580.9962
nefer_01,225,1.7655,0.1895,1585.0279,2878.711,2115.9056,6579.6444
nefer_01,226,1.7802,0.1755,1585.0279,2851.6762,2141.5886,6578.2927
nefer_01,227,1.7948,0.1457,1585.0279,2824.6415,2167.2716,6576.941
nefer_01,228,1.812,0.1351,1585.0279,2797.6068,2192.9546,6575.5892
nefer_01,229,1.8253,0.119,1585.0279,2770.572,2218.6376,6574.2375
nefer_01,230,1.8389,0.1088,1585.0279,2743.5373,2244.3206,6572.8858
nefer_01,231,1.8519,0.0961,1585.0279,2716.5025,2270.0036,6571.534
nefer_01,232,1.8653,0.081,1585.0279,2689.4678,2295.6866,6570.1823
nefer_01,233,1.8806,0.0679,1585.0279,2662.4331,2321.3696,6568.8306
nefer_01,234,1.899,0.0552,1585.0279,2635.3983,2347.0526,6567.4788
nefer_01,235,1.9152,0.0437,1585.0279,2608.3636,2372.7356,6566.1271
nefer_01,236,1.9308,0.0277,1585.0279,2605.7578,2375.211,6565.9968
nefer_01,237,1.9479,0.0194,1585.0279,2605.7578,2375.211,6565.9968
nefer_01,238,1.9622,0.0098,1585.0279,2605.7578,2375.211,6565.9968
nefer_01,239,1.9778,0.004,1585.0279,2605.7578,2375.211,6565.9968
nefer_01,240,1.9958,0.0017,1585.0279,2605.7578,2375.211,6565.9968
nefer_01,241,2.0,0.0,1585.0279,2605.7578,2375.211,6565.9968
nefer_01,242,2.0,0.0,1585.0279,2605.7578,2375.211,6565.9968
nefer_01,243,2.0,0.0,1585.0279,2605.7578,2375.211,6565.9968
nefer_01,244,2.0,0.0,1585.0279,2605.7578,2375.211,6565.9968
nefer_01,245,2.0,0.0,1585.0279,2605.7578,2375.211,6565.9968
nefer_01,246,2.0,0.0,1585.0279,2605.7578,2375.211,6565.9968
nefer_01,247,2.0,0.0,1585.0279,2605.7578,2375.211,6565.9968
nefer_01,248,2.0,0.0,1585.0279,2605.7578,2375.211,6565.9968
nefer_01,249,2.0,0.0,1585.0279,2605.7578,2375.211,6565.9968
nefer_01,250,2.0,0.0,1585.0279,2605.7578,2375.211,6565.9968
nefer_01,251,2.0,0.0,1585.0279,2605.7578,2375.211,6565.9968
nefer_01,252,2.0,0.0,1585.0279,2605.7578,2375.211,6565.9968
nefer_01,253,2.0,0.0,1585.0279,2605.7578,2375.211,6565.9968
nefer_01,254,2.0,0.0,1585.0279,2605.7578,2375.211,6565.9968
nefer_01,255,2.0,0.0,1585.0279,2605.7578,2375.211,6565.9968
nefer_01,256,2.0,0.0,1585.0279,2605.7578,2375.211,6565.9968
nefer_01,257,2.0,0.0,1585.0279,2605.7578,2375.211,6565.9968
nefer_01,258,2.0,0.0,1585.0279,2605.7578,2375.211,6565.9968
nefer_01,259,2.0,0.0,1585.0279,2605.7578,2375.211,6565.9968
nefer_01,260,2.0,0.0,1585.0279,2605.7578,2375.211,6565.9968
nefer_01,261,2.0,0.0,1585.0279,2605.7578,2375.211,6565.9968
nefer_01,262,2.0,0.0,1585.0279,2605.7578,2375.211,6565.9968
nefer_01,263,2.0,0.0,1585.0279,2605.7578,2375.211,6565.9968
nefer_01,264,2.0,0.0,1585.0279,2605.7578,2375.211,6565.9968
nefer_01,265,2.0,0.0,1585.0279,2605.7578,2375.211,6565.9968
nefer_01,266,2.0,0.0,1585.0279,2605.7578,2375.211,6565.9968
nefer_01,267,2.0,0.0,1585.0279,2605.7578,2375.211,6565.9968
nefer_01,268,2.0,0.0,1585.0279,2605.7578,2375.211,6565.9968
nefer_01,269,2.0,0.0,1585.0279,2605.7578,2375.211,6565.9968
nefer_01,270,2.0,0.0,1585.0279,2605.7578,2375.211,6565.9968
nefer_01,271,2.0,0.0,1585.0279,2605.7578,2375.211,6565.9968
nefer_01,272,2.0,0.0,1585.0279,2605.7578,2375.211,6565.9968
nefer_01,273,2.0,0.0,1585.0279,2605.7578,2375.211,6565.9968
nefer_01,274,2.0,0.0,1585.0279,2605.7578,2375.211,6565.9968
nefer_01,275,2.0,0.0,1585.0279,2605.7578,2375.211,6565.9968
nefer_01,276,2.0,0.0,1585.0279,2605.7578,2375.211,6565.9968
nefer_01,277,2.0,0.0,1585.0279,2605.7578,2375.211,6565.9968
nefer_01,278,2.0,0.0,1585.0279,2605.7578,2375.211,6565.9968
nefer_01,279,2.0,0.0,1585.0279,2605.7578,2375.211,6565.9968
nefer_01,280,2.0,0.0,1585.0279,2605.7578,2375.211,6565.9968
nefer_01,281,2.0,0.0,1585.0279,2605.7578,2375.211,6565.9968
nefer_01,282,2.0,0.0,1585.0279,2605.7578,2375.211,6565.9968
nefer_01,283,2.0,0.0,1585.0279,2605.7578,2375.211,6565.9968
nefer_01,284,2.0,0.0,1585.0279,2605.7578,2375.211,6565.9968
nefer_01,285,2.0,0.0,1585.0279,2605.7578,2375.211,6565.9968
nefer_01,286,2.0,0.0,1585.0279,2605.7578,2375.211,6565.9968
nefer_01,287,2.0,0.0,1585.0279,2605.7578,2375.211,6565.9968
nefer_01,288,2.0,0.0,1585.0279,2605.7578,2375.211,6565.9968
nefer_01,289,2.0,0.0,1585.0279,2605.7578,2375.211,6565.9968
nefer_01,290,2.0,0.0,1585.0279,2605.7578,2375.211,6565.9968
nefer_01,291,2.0,0.0,1585.0279,2605.7578,2375.211,6565.9968
nefer_01,292,2.0,0.0,1585.0279,2605.7578,2375.211,6565.9968
nefer_01,293,2.0,0.0,1585.0279,2605.7578,2375.211,6565.9968
nefer_01,294,2.0,0.0,1585.0279,2605.7578,2375.211,6565.9968
nefer_01,295,2.0,0.0,1585.0279,2605.7578,2375.211,6565.9968
nefer_01,296,2.0,0.0,1585.0279,2605.7578,2375.211,6565.9968
nefer_01,297,2.0,0.0,1585.0279,2605.7578,2375.211,6565.9968
nefer_01,298,2.0,0.0,1585.0279,2605.7578,2375.211,6565.9968
nefer_01,299,2.0,0.0,1585.0279,2605.7578,2375.211,6565.9968
nefer_01,300,2.0,0.0,1585.0279,2605.7578,2375.211,6565.9968
nefer_01,301,2.0,0.0,1585.0279,2605.7578,2375.211,6565.9968
nefer_01,302,2.0,0.0,1585.0279,2605.7578,2375.211,6565.9968
nefer_01,303,2.0,0.0,1585.0279,2605.7578,2375.211,6565.9968
nefer_01,304,2.0,0.0,1585.0279,2605.7578,2375.211,6565.9968
nefer_01,305,2.0,0.0,1585.0279,2605.7578,2375.211,6565.9968
nefer_01,306,2.0,0.0,1585.0279,2605.7578,2375.211,6565.9968
nefer_01,307,2.0,0.0,1585.0279,2605.7578,2375.211,6565.9968
nefer_01,308,2.0,0.0,1585.0279,2605.7578,2375.211,6565.9968
nefer_01,309,2.0,0.0,1585.0279,2605.7578,2375.211,6565.9968
nefer_01,310,2.0,0.0,1585.0279,2605.7578,2375.211,6565.9968
nefer_01,311,2.0,0.0,1585.0279,2605.7578,2375.211,6565.9968
nefer_01,312,2.0,0.0,1585.0279,2605.7578,2375.211,6565.9968
nefer_01,313,2.0,0.0,1585.0279,2605.7578,2375.211,6565.9968
nefer_01,314,2.0,0.0,1585.0279,2605.7578,2375.211,6565.9968
nefer_01,315,2.0,0.0,1585.0279,2605.7578,2375.211,6565.9968
nefer_01,316,2.0,0.0,1585.0279,2605.7578,2375.211,6565.9968
nefer_01,317,2.0,0.0,1585.0279,2605.7578,2375.211,6565.9968
nefer_01,318,2.0,0.0,1585.0279,2605.7578,2375.211,6565.9968
nefer_01,319,2.0,0.0,1585.0279,2605.7578,2375.211,6565.9968
nefer_01,320,2.0,0.0,1585.0279,2605.7578,2375.211,6565.9968
nefer_01,321,2.0,0.0,1585.0279,2605.7578,2375.211,6565.9968
nefer_01,322,2.0,0.0,1585.0279,2605.7578,2375.211,6565.9968
nefer_01,323,2.0,0.0,1585.0279,2605.7578,2375.211,6565.9968
nefer_01,324,2.0,0.0,1585.0279,2605.7578,2375.211,6565.9968
nefer_01,325,2.0,0.0,1585.0279,2605.7578,2375.211,6565.9968
nefer_01,326,2.0,0.0,1585.0279,2605.7578,2375.211,6565.9968
nefer_01,327,2.0,0.0,1585.0279,2605.7578,2375.211,6565.9968
nefer_01,328,2.0,0.0,1585.0279,2605.7578,2375.211,6565.9968
nefer_01,329,2.0,0.0,1585.0279,2605.7578,2375.211,6565.9968
nefer_01,330,2.0,0.0,1585.0279,2605.7578,2375.211,6565.9968
nefer_01,331,2.0,0.0,1585.0279,2605.7578,2375.211,6565.9968
nefer_01,332,2.0,0.0,1585.0279,2605.7578,2375.211,6565.9968
nefer_01,333,2.0,0.0,1585.0279,2605.7578,2375.211,6565.9968
nefer_01,334,2.0,0.0,1585.0279,2605.7578,2375.211,6565.9968
nefer_01,335,2.0,0.0,1585.0279,2605.7578,2375.211,6565.9968
nefer_01,336,2.0,0.0,1585.0279,2605.7578,2375.211,6565.9968
nefer_01,337,2.0,0.0,1585.0279,2605.7578,2375.211,6565.9968
nefer_01,338,2.0,0.0,1585.0279,2605.7578,2375.211,6565.9968
nefer_01,339,2.0,0.0,1585.0279,2605.7578,2375.211,6565.9968
nefer_01,340,2.0,0.0,1585.0279,2605.7578,2375.211,6565.9968
nefer_01,341,2.0,0.0,1585.0279,2605.7578,2375.211,6565.9968
nefer_01,342,2.0,0.0,1585.0279,2605.7578,2375.211,6565.9968
nefer_01,343,2.0,0.0,1585.0279,2605.7578,2375.211,6565.9968
nefer_01,344,2.0,0.0,1585.0279,2605.7578,2375.211,6565.9968
nefer_01,345,2.0,0.0,1585.0279,2605.7578,2375.211,6565.9968
nefer_01,346,2.0,0.0,1585.0279,2605.7578,2375.211,6565.9968
nefer_01,347,2.0,0.0,1585.0279,2605.7578,2375.211,6565.9968
nefer_01,348,2.0,0.0,1585.0279,2605.7578,2375.211,6565.9968
nefer_01,349,2.0,0.0,1585.0279,2605.7578,2375.211,6565.9968
nefer_01,350,2.0,0.0,1585.0279,2605.7578,2375.211,6565.9968
nefer_01,351,2.0,0.0,1585.0279,2605.7578,2375.211,6565.9968
nefer_01,352,2.0,0.0,1585.0279,2605.7578,2375.211,6565.9968
nefer_01,353,2.0,0.0,1585.0279,2605.7578,2375.211,6565.9968
nefer_01,354,2.0,0.0,1585.0279,2605.7578,2375.211,6565.9968
nefer_01,355,2.0,0.0,1585.0279,2605.7578,2375.211,6565.9968
nefer_01,356,2.0,0.0,1585.0279,2605.7578,2375.211,6565.9968
nefer_01,357,2.0,0.0,1585.0279,2605.7578,2375.211,6565.9968
nefer_01,358,2.0,0.0,1585.0279,2605.7578,2375.211,6565.9968
nefer_01,359,2.0,0.0,1585.0279,2605.7578,2375.211,6565.9968
nefer_01,360,2.0,0.0,1585.0279,2605.7578,2375.211,6565.9968
nefer_01,361,2.0,0.0,1585.0279,2605.7578,2375.211,6565.9968
nefer_01,362,2.0,0.0,1585.0279,2605.7578,2375.211,6565.9968
nefer_01,363,2.0,0.0,1585.0279,2605.7578,2375.211,6565.9968
nefer_01,364,2.0,0.0,1585.0279,2605.7578,2375.211,6565.9968
nefer_02,0,-0.1,0.2319,144.9397,105.0603,0.0,250.0
nefer_02,1,0.0,0.2319,144.9397,105.0603,0.0,250.0
nefer_02,2,0.0,0.2419,151.1648,109.5725,0.0,260.7373
nefer_02,3,0.0,0.2472,154.4993,111.9896,0.0,266.4889
nefer_02,4,0.0,0.2519,157.4343,114.117,0.0,271.5513
nefer_02,5,0.0,0.2605,162.8051,118.01,0.0,280.8151
nefer_02,6,0.0,0.2693,168.284,121.9815,0.0,290.2655
nefer_02,7,0.0,0.2798,174.8983,126.7758,0.0,301.6741
nefer_02,8,0.0,0.2879,179.96,130.4448,0.0,310.4048
nefer_02,9,0.0,0.2945,184.042,133.4037,0.0,317.4457
nefer_02,10,0.0,0.3038,189.9058,137.6541,0.0,327.56
nefer_02,11,0.0,0.311,194.3586,140.8818,0.0,335.2404
nefer_02,12,0.0,0.3186,199.0952,144.3151,0.0,343.4103
nefer_02,13,0.0,0.3236,202.223,146.5823,0.0,348.8053
nefer_02,14,0.0,0.3277,204.8266,148.4695,0.0,353.2961
nefer_02,15,0.0001,0.3401,212.5365,154.0581,0.0,366.5945
nefer_02,16,0.0003,0.3499,218.6773,158.5095,0.0,377.1867
nefer_02,17,0.0005,0.3539,221.1611,160.31,0.0,381.4712
nefer_02,18,0.0007,0.3601,225.0871,163.1563,0.0,388.2435
nefer_02,19,0.0011,0.3724,232.7471,168.7102,0.0,401.4572
nefer_02,20,0.0014,0.3788,236.7704,171.6276,0.0,408.398
nefer_02,21,0.0017,0.3864,241.5282,175.078,0.0,416.6062
nefer_02,22,0.0021,0.3945,246.5673,178.7328,0.0,425.3001
nefer_02,23,0.0027,0.4042,252.6484,183.1441,0.0,435.7925
nefer_02,24,0.0035,0.4116,257.2539,186.4857,0.0,443.7395
nefer_02,25,0.0045,0.422,263.7808,191.2227,0.0,455.0034
nefer_02,26,0.0057,0.4296,268.4719,194.6285,0.0,463.1004
nefer_02,27,0.007,0.4431,276.9184,200.7634,0.0,477.6818
nefer_02,28,0.0078,0.4512,281.9711,204.4351,0.0,486.4062
nefer_02,29,0.0087,0.4555,284.681,206.4049,0.0,491.0858
nefer_02,30,0.0096,0.4589,286.7865,207.9358,0.0,494.7223
nefer_02,31,0.0104,0.4663,291.4551,211.3314,0.0,502.7865
nefer_02,32,0.0112,0.4713,294.5476,213.5814,0.0,508.129
nefer_02,33,0.012,0.4785,299.0834,216.8824,0.0,515.9658
nefer_02,34,0.0131,0.486,303.7602,220.2871,0.0,524.0473
nefer_02,35,0.0138,0.4907,306.6643,222.4021,0.0,529.0664
nefer_02,36,0.0147,0.497,310.6308,225.2917,0.0,535.9226
nefer_02,37,0.0162,0.5046,315.3875,228.758,0.0,544.1455
nefer_02,38,0.0178,0.5118,319.8482,232.0104,0.0,551.8586
nefer_02,39,0.0188,0.5141,321.3183,233.0829,0.0,554.4012
nefer_02,40,0.0196,0.5166,322.8699,234.2154,0.0,557.0853
nefer_02,41,0.0197,0.5166,322.8699,234.2154,0.0,557.0853
nefer_02,42,0.0198,0.5166,322.8699,234.2154,0.0,557.0853
nefer_02,43,0.0199,0.5166,322.8699,234.2154,0.0,557.0853
nefer_02,44,0.0201,0.5166,322.8699,234.2154,0.0,557.0853
nefer_02,45,0.0206,0.5166,322.8699,234.2154,0.0,557.0853
nefer_02,46,0.0206,0.5166,322.8699,234.2154,0.0,557.0853
nefer_02,47,0.0206,0.5166,322.8699,234.2154,0.0,557.0853
nefer_02,48,0.0206,0.5166,322.8699,234.2154,0.0,557.0853
nefer_02,49,0.0224,0.5166,322.8699,234.2154,0.0,557.0853
nefer_02,50,0.024,0.5166,322.8699,234.2154,0.0,557.0853
nefer_02,51,0.0258,0.5166,322.8699,234.2154,0.0,557.0853
nefer_02,52,0.0284,0.5166,322.8699,234.2154,0.0,557.0853
nefer_02,53,0.0321,0.5177,323.5325,234.7008,0.0,558.2333
nefer_02,54,0.0355,0.5223,326.4418,236.8352,0.0,563.277
nefer_02,55,0.0381,0.5318,332.3921,241.2068,0.0,573.5989
nefer_02,56,0.0411,0.5423,338.9261,246.0124,0.0,584.9385
nefer_02,57,0.0442,0.5477,342.3235,248.5143,0.0,590.8378
nefer_02,58,0.0477,0.5579,348.6927,253.2108,0.0,601.9035
nefer_02,59,0.0513,0.5703,356.4507,258.9399,0.0,615.3906
nefer_02,60,0.0549,0.5814,363.3842,264.0682,0.0,627.4524
nefer_02,61,0.0583,0.5887,367.9207,267.4289,0.0,635.3496
nefer_02,62,0.0629,0.6045,377.8418,274.7902,0.0,652.632
nefer_02,63,0.0667,0.6178,386.1281,280.9516,0.0,667.0797
nefer_02,64,0.0702,0.6302,393.8922,286.7352,0.0,680.6274
nefer_02,65,0.0746,0.6418,401.1323,292.1371,0.0,693.2694
nefer_02,66,0.0786,0.6545,409.05,298.0575,0.0,707.1076
nefer_02,67,0.0822,0.6641,415.0613,302.5611,0.0,717.6225
nefer_02,68,0.0858,0.6771,423.2024,308.6715,0.0,731.8739
nefer_02,69,0.0894,0.6899,431.1921,314.6794,0.0,745.8715
nefer_02,70,0.0936,0.7061,441.3428,322.3264,0.0,763.6692
nefer_02,71,0.0983,0.7231,451.9608,330.3436,0.0,782.3044
nefer_02,72,0.1034,0.7301,456.3127,333.6379,0.0,789.9507
nefer_02,73,0.1082,0.7423,463.9355,339.4243,0.0,803.3597
nefer_02,74,0.1119,0.7516,469.7393,343.8419,0.0,813.5812
nefer_02,75,0.1143,0.761,475.6031,348.3147,0.0,823.9178
nefer_02,76,0.1148,0.7624,476.5188,349.0141,0.0,825.533
nefer_02,77,0.115,0.7625,476.5543,349.0412,0.0,825.5955
nefer_02,78,0.115,0.7625,476.5543,349.0412,0.0,825.5955
nefer_02,79,0.115,0.7625,476.5543,349.0412,0.0,825.5955
nefer_02,80,0.115,0.7625,476.5543,349.0412,0.0,825.5955
nefer_02,81,0.1156,0.7625,476.5543,349.0412,0.0,825.5955
nefer_02,82,0.1163,0.7625,476.5543,349.0412,0.0,825.5955
nefer_02,83,0.1176,0.7625,476.5543,349.0412,0.0,825.5955
nefer_02,84,0.1187,0.7625,476.5543,349.0412,0.0,825.5955
nefer_02,85,0.1201,0.7625,476.5543,349.0412,0.0,825.5955
nefer_02,86,0.122,0.7625,476.5543,349.0412,0.0,825.5955
nefer_02,87,0.1249,0.7625,476.5543,349.0412,0.0,825.5955
nefer_02,88,0.1286,0.7625,476.5543,349.0412,0.0,825.5955
nefer_02,89,0.1332,0.7625,476.5543,349.0412,0.0,825.5955
nefer_02,90,0.1371,0.7652,478.2731,350.3694,0.0,828.6425
nefer_02,91,0.1412,0.7747,484.164,354.9328,0.0,839.0968
nefer_02,92,0.1458,0.7826,489.1159,358.7791,0.0,847.895
nefer_02,93,0.1496,0.7978,498.6422,366.2013,0.0,864.8435
nefer_02,94,0.1542,0.8156,509.7262,374.8591,0.0,884.5853
nefer_02,95,0.1609,0.8377,523.5842,385.7188,0.0,909.303
nefer_02,96,0.1667,0.8509,531.7929,392.1818,0.0,923.9747
nefer_02,97,0.1718,0.8715,544.7105,402.3956,0.0,947.1061
nefer_02,98,0.1793,0.8893,555.7828,411.1836,0.0,966.9665
nefer_02,99,0.1853,0.9127,570.4299,422.8751,0.0,993.305
nefer_02,100,0.1921,0.9395,587.17,436.3006,0.0,1023.4706
nefer_02,101,0.1981,0.9521,595.0522,442.6569,0.0,1037.7091
nefer_02,102,0.2021,0.9631,601.9178,448.2212,0.0,1050.139
nefer_02,103,0.2079,0.9867,616.6644,460.2136,0.0,1076.8781
nefer_02,104,0.2141,1.0109,631.8256,472.6048,0.0,1104.4304
nefer_02,105,0.2195,1.0248,640.5306,479.7587,0.0,1120.2894
nefer_02,106,0.2258,1.045,653.1079,490.1451,0.0,1143.253
nefer_02,107,0.2334,1.075,671.8655,505.7273,0.0,1177.5928
nefer_02,108,0.2403,1.0982,686.3961,517.8852,0.0,1204.2813
nefer_02,109,0.2467,1.1171,698.1795,527.8114,0.0,1225.9909
nefer_02,110,0.2533,0.7932,713.1718,540.523,0.0,1253.6948
nefer_02,111,0.2607,0.8117,724.7161,550.3791,0.0,1275.0952
nefer_02,112,0.2686,0.8294,735.8111,559.9263,0.0,1295.7374
nefer_02,113,0.2764,0.8511,749.348,571.6762,0.0,1321.0242
nefer_02,114,0.2864,0.8737,763.5013,584.0706,0.0,1347.5719
nefer_02,115,0.297,0.8937,775.9991,595.1445,0.0,1371.1436
nefer_02,116,0.3097,0.9263,796.3293,613.3915,0.0,1409.7208
nefer_02,117,0.3176,0.949,810.5345,626.3485,0.0,1436.883
nefer_02,118,0.3264,0.9682,822.51,637.3868,0.0,1459.8968
nefer_02,119,0.335,0.9874,834.5166,648.588,0.0,1483.1046
nefer_02,120,0.3415,1.01,848.6716,661.9543,0.0,1510.626
nefer_02,121,0.3485,1.0412,868.1582,680.5288,0.0,1548.687
nefer_02,122,0.354,1.071,886.7833,698.466,0.0,1585.2493
nefer_02,123,0.3598,1.104,907.4029,718.4902,0.0,1625.8931
nefer_02,124,0.3675,1.1464,933.9333,744.4872,0.0,1678.4205
nefer_02,125,0.3761,1.1914,962.0505,772.3766,0.0,1734.4271
nefer_02,126,0.3858,1.2392,991.9258,802.427,0.0,1794.3528
nefer_02,127,0.3969,1.3013,1030.7508,842.1188,0.0,1872.8696
nefer_02,128,0.4073,1.3566,1066.9732,879.867,0.0,1946.8402
nefer_02,129,0.416,1.4117,1101.4403,916.4636,0.0,2017.9039
nefer_02,130,0.425,1.4518,1128.9637,946.166,0.0,2075.1296
nefer_02,131,0.4298,1.4764,1148.3035,967.396,0.0,2115.6995
nefer_02,132,0.4327,1.4994,1162.664,983.3064,0.0,2145.9704
nefer_02,133,0.4358,1.5241,1178.0818,1000.4869,0.0,2178.5687
nefer_02,134,0.4393,1.5399,1195.1859,1019.6656,0.0,2214.8515
nefer_02,135,0.4436,1.5636,1209.9949,1036.3853,0.0,2246.3802
nefer_02,136,0.4489,1.5835,1222.4111,1050.5264,0.0,2272.9375
nefer_02,137,0.4544,1.591,1231.1147,1060.5483,0.0,2291.663
nefer_02,138,0.4626,1.6057,1245.1009,1076.8374,0.0,2321.9383
nefer_02,139,0.4724,1.631,1265.9501,1101.5511,0.0,2367.5011
nefer_02,140,0.4816,1.6611,1290.8325,1131.6818,0.0,2422.5143
nefer_02,141,0.4899,1.7149,1324.4698,1173.2618,0.0,2497.7316
nefer_02,142,0.4975,1.7602,1357.3912,1214.7392,0.0,2572.1304
nefer_02,143,0.5052,1.7931,1384.4446,1249.4421,0.0,2633.8867
nefer_02,144,0.5166,1.8633,1428.3791,1306.85,0.0,2735.2291
nefer_02,145,0.5306,1.933,1476.8188,1371.9316,0.0,2848.7504
nefer_02,146,0.543,1.9901,1521.1926,1433.7089,0.0,2954.9015
nefer_02,147,0.5494,2.0305,1551.7803,1477.6968,0.0,3029.4771
nefer_02,148,0.5579,2.0873,1590.361,1534.1352,0.0,3124.4962
nefer_02,149,0.5696,2.1624,1640.0157,1608.4818,0.0,3248.4974
nefer_02,150,0.5834,2.2392,1696.7188,1696.1807,0.0,3392.8994
nefer_02,151,0.5979,2.3162,1755.4317,1790.6421,0.0,3546.0738
nefer_02,152,0.613,2.3996,1815.7169,1891.871,0.0,3707.588
nefer_02,153,0.629,2.4761,1874.6053,1995.4125,0.0,3870.0178
nefer_02,154,0.6448,2.5651,1934.0038,2105.2063,0.0,4039.2101
nefer_02,155,0.6598,2.6303,1975.9985,2186.8781,0.0,4162.8766
nefer_02,156,0.676,2.6626,1996.8447,2229.4873,0.0,4226.332
nefer_02,157,0.692,2.7077,2026.5092,2293.5416,0.0,4320.0508
nefer_02,158,0.71,2.7665,2068.3537,2389.065,0.0,4457.4188
nefer_02,159,0.729,2.7916,2100.1359,2466.4335,0.0,4566.5694
nefer_02,160,0.7483,2.854,2150.0465,2596.6863,0.0,4746.7329
nefer_02,161,0.7687,2.919,2200.8717,2739.2761,0.0,4940.1478
nefer_02,162,0.7893,2.9762,2252.0987,2894.7441,0.0,5146.8428
nefer_02,163,0.8119,3.0331,2299.7768,3051.6326,0.0,5351.4094
nefer_02,164,0.8348,3.0711,2344.637,3213.2948,0.0,5557.9319
nefer_02,165,0.8591,3.11,2386.0412,3377.2204,0.0,5763.2616
nefer_02,166,0.8844,3.1436,2423.9775,3543.5201,0.0,5967.4976
nefer_02,167,0.9117,3.1625,2457.8944,3709.1605,0.0,6167.0548
nefer_02,168,0.934,3.1813,2485.2884,3859.78,0.0,6345.0684
nefer_02,169,0.9564,3.2028,2514.6347,4037.8752,0.0,6552.5098
nefer_02,170,0.9788,3.2337,2541.1605,4215.8253,0.0,6756.9858
nefer_02,171,1.0,3.2719,2567.6171,4412.1767,0.0,6979.7938
nefer_02,172,1.0,3.3049,2591.4787,4607.3153,0.0,7198.794
nefer_02,173,1.0133,3.3173,2615.8773,4806.8458,0.0,7422.723
nefer_02,174,1.0215,3.2887,2621.9417,4859.5655,0.0,7481.5071
nefer_02,175,1.0311,3.2973,2639.644,5019.4229,0.0,7659.0669
nefer_02,176,1.0411,3.3107,2657.4418,5187.4652,0.0,7844.907
nefer_02,177,1.0519,3.3084,2672.84,5339.7221,0.0,8012.5621
nefer_02,178,1.0625,3.31,2684.6116,5462.1397,0.0,8146.7513
nefer_02,179,1.0747,3.3071,2701.5865,5647.1212,0.5468,8349.2545
nefer_02,180,1.0866,3.2773,2712.1924,5768.0156,2.3983,8482.6062
nefer_02,181,1.0997,3.2658,2725.6015,5927.8031,6.7454,8660.15
nefer_02,182,1.113,3.2469,2741.773,6128.3221,16.867,8886.9622
nefer_02,183,1.1294,3.2554,2755.5912,6302.8042,34.0622,9092.4576
nefer_02,184,1.1441,3.1751,2769.2795,6471.5305,70.6792,9311.4892
nefer_02,185,1.1588,3.1928,2781.9959,6612.2636,134.6014,9528.861
nefer_02,186,1.1763,3.1645,2792.7601,6707.8204,225.0088,9725.5893
nefer_02,187,1.1866,3.1298,2800.1416,6749.478,322.0123,9871.6319
nefer_02,188,1.1972,3.135,2810.152,6788.0701,481.1206,10079.3427
nefer_02,189,1.2083,3.1439,2816.6195,6803.3207,600.31,10220.2502
nefer_02,190,1.2207,3.0732,2821.326,6808.9146,697.9524,10328.1931
nefer_02,191,1.2354,3.0826,2828.2426,6811.1392,858.1499,10497.5316
nefer_02,192,1.2504,3.0328,2830.9359,6811.1392,953.2149,10595.29
nefer_02,193,1.2663,2.9224,2832.9454,6811.1392,1108.8079,10752.8925
nefer_02,194,1.2807,2.847,2832.9454,6811.1392,1294.0102,10938.0947
nefer_02,195,1.2958,2.8122,2832.9454,6811.1392,1461.4141,11105.4986
nefer_02,196,1.3136,2.6516,2832.9454,6811.1392,1612.9446,11257.0292
nefer_02,197,1.3324,2.5816,2832.9454,6811.1392,1738.9897,11383.0742
nefer_02,198,1.3491,2.3944,2832.9454,6811.1392,1836.378,11480.4626
nefer_02,199,1.3603,2.3944,2832.9454,6811.1392,1876.5953,11520.6799
nefer_02,200,1.372,2.3219,2832.9454,6811.1392,2006.4498,11650.5344
nefer_02,201,1.3813,2.1993,2832.9454,6811.1392,2099.9461,11744.0306
nefer_02,202,1.3918,2.1936,2832.9454,6811.1392,2196.1718,11840.2564
nefer_02,203,1.4057,2.093,2832.9454,6811.1392,2300.654,11944.7385
nefer_02,204,1.4188,1.9231,2832.9454,6811.1392,2355.7314,11999.8159
nefer_02,205,1.4298,1.8419,2832.9454,6811.1392,2431.1594,12075.244
nefer_02,206,1.4419,1.7647,2832.9454,6811.1392,2501.8699,12145.9545
nefer_02,207,1.4558,1.6696,2832.9454,6811.1392,2561.3336,12205.4181
nefer_02,208,1.4692,1.5786,2832.9454,6811.1392,2577.0944,12221.179
nefer_02,209,1.4833,1.3482,2832.9454,6811.1392,2615.073,12259.1575
nefer_02,210,1.498,1.3192,2832.9454,6811.1392,2630.8071,12274.8916
nefer_02,211,1.5138,1.2375,2832.9454,6811.1392,2645.4134,12289.4979
nefer_02,212,1.532,1.1613,2832.9454,6754.6067,2699.1192,12286.6713
nefer_02,213,1.5513,1.1024,2832.9454,6698.0743,2752.825,12283.8447
nefer_02,214,1.5699,0.9484,2832.9454,6641.5418,2806.5309,12281.0181
nefer_02,215,1.5872,0.9055,2832.9454,6585.0093,2860.2367,12278.1914
nefer_02,216,1.605,0.813,2832.9454,6528.4769,2913.9425,12275.3648
nefer_02,217,1.624,0.7505,2832.9454,6471.9444,2967.6483,12272.5382
nefer_02,218,1.6427,0.5933,2832.9454,6415.412,3021.3542,12269.7116
nefer_02,219,1.6588,0.5802,2832.9454,6358.8795,3075.06,12266.8849
nefer_02,220,1.6746,0.5146,2832.9454,6302.3471,3128.7658,12264.0583
nefer_02,221,1.6925,0.4852,2832.9454,6245.8146,3182.4717,12261.2317
nefer_02,222,1.712,0.4368,2832.9454,6189.2822,3236.1775,12258.4051
nefer_02,223,1.7319,0.4025,2832.9454,6132.7497,3289.8833,12255.5785
nefer_02,224,1.7498,0.3142,2832.9454,6076.2173,3343.5892,12252.7518
nefer_02,225,1.7655,0.2889,2832.9454,6019.6848,3397.295,12249.9252
nefer_02,226,1.7802,0.2636,2832.9454,5963.1523,3451.0008,12247.0986
nefer_02,227,1.7948,0.2073,2832.9454,5906.6199,3504.7067,12244.272
nefer_02,228,1.812,0.2067,2832.9454,5850.0874,3558.4125,12241.4453
nefer_02,229,1.8253,0.1731,2832.9454,5793.555,3612.1183,12238.6187
nefer_02,230,1.8389,0.1657,2832.9454,5737.0225,3665.8242,12235.7921
nefer_02,231,1.8519,0.1421,2832.9454,5680.4901,3719.53,12232.9655
nefer_02,232,1.8653,0.1198,2832.9454,5623.9576,3773.2358,12230.1388
nefer_02,233,1.8806,0.1016,2832.9454,5567.4252,3826.9417,12227.3122
nefer_02,234,1.899,0.0821,2832.9454,5510.8927,3880.6475,12224.4856
nefer_02,235,1.9152,0.0652,2832.9454,5454.3602,3934.3533,12221.659
nefer_02,236,1.9308,0.0368,2832.9454,5448.9113,3939.5298,12221.3865
nefer_02,237,1.9479,0.0289,2832.9454,5448.9113,3939.5298,12221.3865
nefer_02,238,1.9622,0.0106,2832.9454,5448.9113,3939.5298,12221.3865
nefer_02,239,1.9778,0.0047,2832.9454,5448.9113,3939.5298,12221.3865
nefer_02,240,1.9958,0.0019,2832.9454,5448.9113,3939.5298,12221.3865
nefer_02,241,2.0,0.0,2832.9454,5448.9113,3939.5298,12221.3865
nefer_02,242,2.0,0.0,2832.9454,5448.9113,3939.5298,12221.3865
nefer_02,243,2.0,0.0,2832.9454,5448.9113,3939.5298,12221.3865
nefer_02,244,2.0,0.0,2832.9454,5448.9113,3939.5298,12221.3865
nefer_02,245,2.0,0.0,2832.9454,5448.9113,3939.5298,12221.3865
nefer_02,246,2.0,0.0,2832.9454,5448.9113,3939.5298,12221.3865
nefer_02,247,2.0,0.0,2832.9454,5448.9113,3939.5298,12221.3865
nefer_02,248,2.0,0.0,2832.9454,5448.9113,3939.5298,12221.3865
nefer_02,249,2.0,0.0,2832.9454,5448.9113,3939.5298,12221.3865
nefer_02,250,2.0,0.0,2832.9454,5448.9113,3939.5298,12221.3865
nefer_02,251,2.0,0.0,2832.9454,5448.9113,3939.5298,12221.3865
nefer_02,252,2.0,0.0,2832.9454,5448.9113,3939.5298,12221.3865
nefer_02,253,2.0,0.0,2832.9454,5448.9113,3939.5298,12221.3865
nefer_02,254,2.0,0.0,2832.9454,5448.9113,3939.5298,12221.3865
nefer_02,255,2.0,0.0,2832.9454,5448.9113,3939.5298,12221.3865
nefer_02,256,2.0,0.0,2832.9454,5448.9113,3939.5298,12221.3865
nefer_02,257,2.0,0.0,2832.9454,5448.9113,3939.5298,12221.3865
nefer_02,258,2.0,0.0,2832.9454,5448.9113,3939.5298,12221.3865
nefer_02,259,2.0,0.0,2832.9454,5448.9113,3939.5298,12221.3865
nefer_02,260,2.0,0.0,2832.9454,5448.9113,3939.5298,12221.3865
nefer_02,261,2.0,0.0,2832.9454,5448.9113,3939.5298,12221.3865
nefer_02,262,2.0,0.0,2832.9454,5448.9113,3939.5298,12221.3865
nefer_02,263,2.0,0.0,2832.9454,5448.9113,3939.5298,12221.3865
nefer_02,264,2.0,0.0,2832.9454,5448.9113,3939.5298,12221.3865
nefer_02,265,2.0,0.0,2832.9454,5448.9113,3939.5298,12221.3865
nefer_02,266,2.0,0.0,2832.9454,5448.9113,3939.5298,12221.3865
nefer_02,267,2.0,0.0,2832.9454,5448.9113,3939.5298,12221.3865
nefer_02,268,2.0,0.0,2832.9454,5448.9113,3939.5298,12221.3865
nefer_02,269,2.0,0.0,2832.9454,5448.9113,3939.5298,12221.3865
nefer_02,270,2.0,0.0,2832.9454,5448.9113,3939.5298,12221.3865
nefer_02,271,2.0,0.0,2832.9454,5448.9113,3939.5298,12221.3865
nefer_02,272,2.0,0.0,2832.9454,5448.9113,3939.5298,12221.3865
nefer_02,273,2.0,0.0,2832.9454,5448.9113,3939.5298,12221.3865
nefer_02,274,2.0,0.0,2832.9454,5448.9113,3939.5298,12221.3865
nefer_02,275,2.0,0.0,2832.9454,5448.9113,3939.5298,12221.3865
nefer_02,276,2.0,0.0,2832.9454,5448.9113,3939.5298,12221.3865
nefer_02,277,2.0,0.0,2832.9454,5448.9113,3939.5298,12221.3865
nefer_02,278,2.0,0.0,2832.9454,5448.9113,3939.5298,12221.3865
nefer_02,279,2.0,0.0,2832.9454,5448.9113,3939.5298,12221.3865
nefer_02,280,2.0,0.0,2832.9454,5448.9113,3939.5298,12221.3865
nefer_02,281,2.0,0.0,2832.9454,5448.9113,3939.5298,12221.3865
nefer_02,282,2.0,0.0,2832.9454,5448.9113,3939.5298,12221.3865
nefer_02,283,2.0,0.0,2832.9454,5448.9113,3939.5298,12221.3865
nefer_02,284,2.0,0.0,2832.9454,5448.9113,3939.5298,12221.3865
nefer_02,285,2.0,0.0,2832.9454,5448.9113,3939.5298,12221.3865
nefer_02,286,2.0,0.0,2832.9454,5448.9113,3939.5298,12221.3865
nefer_02,287,2.0,0.0,2832.9454,5448.9113,3939.5298,12221.3865
nefer_02,288,2.0,0.0,2832.9454,5448.9113,3939.5298,12221.3865
nefer_02,289,2.0,0.0,2832.9454,5448.9113,3939.5298,12221.3865
nefer_02,290,2.0,0.0,2832.9454,5448.9113,3939.5298,12221.3865
nefer_02,291,2.0,0.0,2832.9454,5448.9113,3939.5298,12221.3865
nefer_02,292,2.0,0.0,2832.9454,5448.9113,3939.5298,12221.3865
nefer_02,293,2.0,0.0,2832.9454,5448.9113,3939.5298,12221.3865
nefer_02,294,2.0,0.0,2832.9454,5448.9113,3939.5298,12221.3865
nefer_02,295,2.0,0.0,2832.9454,5448.9113,3939.5298,12221.3865
nefer_02,296,2.0,0.0,2832.9454,5448.9113,3939.5298,12221.3865
nefer_02,297,2.0,0.0,2832.9454,5448.9113,3939.5298,12221.3865
nefer_02,298,2.0,0.0,2832.9454,5448.9113,3939.5298,12221.3865
nefer_02,299,2.0,0.0,2832.9454,5448.9113,3939.5298,12221.3865
nefer_02,300,2.0,0.0,2832.9454,5448.9113,3939.5298,12221.3865
nefer_02,301,2.0,0.0,2832.9454,5448.9113,3939.5298,12221.3865
nefer_02,302,2.0,0.0,2832.9454,5448.9113,3939.5298,12221.3865
nefer_02,303,2.0,0.0,2832.9454,5448.9113,3939.5298,12221.3865
nefer_02,304,2.0,0.0,2832.9454,5448.9113,3939.5298,12221.3865
nefer_02,305,2.0,0.0,2832.9454,5448.9113,3939.5298,12221.3865
nefer_02,306,2.0,0.0,2832.9454,5448.9113,3939.5298,12221.3865
nefer_02,307,2.0,0.0,2832.9454,5448.9113,3939.5298,12221.3865
nefer_02,308,2.0,0.0,2832.9454,5448.9113,3939.5298,12221.3865
nefer_02,309,2.0,0.0,2832.9454,5448.9113,3939.5298,12221.3865
nefer_02,310,2.0,0.0,2832.9454,5448.9113,3939.5298,12221.3865
nefer_02,311,2.0,0.0,2832.9454,5448.9113,3939.5298,12221.3865
nefer_02,312,2.0,0.0,2832.9454,5448.9113,3939.5298,12221.3865
nefer_02,313,2.0,0.0,2832.9454,5448.9113,3939.5298,12221.3865
nefer_02,314,2.0,0.0,2832.9454,5448.9113,3939.5298,12221.3865
nefer_02,315,2.0,0.0,2832.9454,5448.9113,3939.5298,12221.3865
nefer_02,316,2.0,0.0,2832.9454,5448.9113,3939.5298,12221.3865
nefer_02,317,2.0,0.0,2832.9454,5448.9113,3939.5298,12221.3865
nefer_02,318,2.0,0.0,2832.9454,5448.9113,3939.5298,12221.3865
nefer_02,319,2.0,0.0,2832.9454,5448.9113,3939.5298,12221.3865
nefer_02,320,2.0,0.0,2832.9454,5448.9113,3939.5298,12221.3865
nefer_02,321,2.0,0.0,2832.9454,5448.9113,3939.5298,12221.3865
nefer_02,322,2.0,0.0,2832.9454,5448.9113,3939.5298,12221.3865
nefer_02,323,2.0,0.0,2832.9454,5448.9113,3939.5298,12221.3865
nefer_02,324,2.0,0.0,2832.9454,5448.9113,3939.5298,12221.3865
nefer_02,325,2.0,0.0,2832.9454,5448.9113,3939.5298,12221.3865
nefer_02,326,2.0,0.0,2832.9454,5448.9113,3939.5298,12221.3865
nefer_02,327,2.0,0.0,2832.9454,5448.9113,3939.5298,12221.3865
nefer_02,328,2.0,0.0,2832.9454,5448.9113,3939.5298,12221.3865
nefer_02,329,2.0,0.0,2832.9454,5448.9113,3939.5298,12221.3865
nefer_02,330,2.0,0.0,2832.9454,5448.9113,3939.5298,12221.3865
nefer_02,331,2.0,0.0,2832.9454,5448.9113,3939.5298,12221.3865
nefer_02,332,2.0,0.0,2832.9454,5448.9113,3939.5298,12221.3865
nefer_02,333,2.0,0.0,2832.9454,5448.9113,3939.5298,12221.3865
nefer_02,334,2.0,0.0,2832.9454,5448.9113,3939.5298,12221.3865
nefer_02,335,2.0,0.0,2832.9454,5448.9113,3939.5298,12221.3865
nefer_02,336,2.0,0.0,2832.9454,5448.9113,3939.5298,12221.3865
nefer_02,337,2.0,0.0,2832.9454,5448.9113,3939.5298,12221.3865
nefer_02,338,2.0,0.0,2832.9454,5448.9113,3939.5298,12221.3865
nefer_02,339,2.0,0.0,2832.9454,5448.9113,3939.5298,12221.3865
nefer_02,340,2.0,0.0,2832.9454,5448.9113,3939.5298,12221.3865
nefer_02,341,2.0,0.0,2832.9454,5448.9113,3939.5298,12221.3865
nefer_02,342,2.0,0.0,2832.9454,5448.9113,3939.5298,12221.3865
nefer_02,343,2.0,0.0,2832.9454,5448.9113,3939.5298,12221.3865
nefer_02,344,2.0,0.0,2832.9454,5448.9113,3939.5298,12221.3865
nefer_02,345,2.0,0.0,2832.9454,5448.9113,3939.5298,12221.3865
nefer_02,346,2.0,0.0,2832.9454,5448.9113,3939.5298,12221.3865
nefer_02,347,2.0,0.0,2832.9454,5448.9113,3939.5298,12221.3865
nefer_02,348,2.0,0.0,2832.9454,5448.9113,3939.5298,12221.3865
nefer_02,349,2.0,0.0,2832.9454,5448.9113,3939.5298,12221.3865
nefer_02,350,2.0,0.0,2832.9454,5448.9113,3939.5298,12221.3865
nefer_02,351,2.0,0.0,2832.9454,5448.9113,3939.5298,12221.3865
nefer_02,352,2.0,0.0,2832.9454,5448.9113,3939.5298,12221.3865
nefer_02,353,2.0,0.0,2832.9454,5448.9113,3939.5298,12221.3865
nefer_02,354,2.0,0.0,2832.9454,5448.9113,3939.5298,12221.3865
nefer_02,355,2.0,0.0,2832.9454,5448.9113,3939.5298,12221.3865
nefer_02,356,2.0,0.0,2832.9454,5448.9113,3939.5298,12221.3865
nefer_02,357,2.0,0.0,2832.9454,5448.9113,3939.5298,12221.3865
nefer_02,358,2.0,0.0,2832.9454,5448.9113,3939.5298,12221.3865
nefer_02,359,2.0,0.0,2832.9454,5448.9113,3939.5298,12221.3865
nefer_02,360,2.0,0.0,2832.9454,5448.9113,3939.5298,12221.3865
nefer_02,361,2.0,0.0,2832.9454,5448.9113,3939.5298,12221.3865
nefer_02,362,2.0,0.0,2832.9454,5448.9113,3939.5298,12221.3865
nefer_02,363,2.0,0.0,2832.9454,5448.9113,3939.5298,12221.3865
nefer_02,364,2.0,0.0,2832.9454,5448.9113,3939.5298,12221.3865
nefer_03,0,-0.1,0.2319,144.9397,105.0603,0.0,250.0
nefer_03,1,0.0,0.2319,144.9397,105.0603,0.0,250.0
nefer_03,2,0.0,0.2419,151.1648,109.5725,0.0,260.7373
nefer_03,3,0.0,0.2472,154.4993,111.9896,0.0,266.4889
nefer_03,4,0.0,0.2519,157.4343,114.117,0.0,271.5513
nefer_03,5,0.0,0.2605,162.8051,118.01,0.0,280.8151
nefer_03,6,0.0,0.2693,168.284,121.9815,0.0,290.2655
nefer_03,7,0.0,0.2798,174.8983,126.7758,0.0,301.6741
nefer_03,8,0.0,0.2879,179.96,130.4448,0.0,310.4048
nefer_03,9,0.0,0.2945,184.042,133.4037,0.0,317.4457
nefer_03,10,0.0,0.3038,189.9058,137.6541,0.0,327.56
nefer_03,11,0.0,0.311,194.3586,140.8818,0.0,335.2404
nefer_03,12,0.0,0.3186,199.0952,144.3151,0.0,343.4103
nefer_03,13,0.0,0.3236,202.223,146.5823,0.0,348.8053
nefer_03,14,0.0,0.3277,204.8266,148.4695,0.0,353.2961
nefer_03,15,0.0001,0.3401,212.5365,154.0581,0.0,366.5945
nefer_03,16,0.0003,0.3499,218.6773,158.5095,0.0,377.1867
nefer_03,17,0.0005,0.3539,221.1611,160.31,0.0,381.4712
nefer_03,18,0.0007,0.3601,225.0871,163.1563,0.0,388.2435
nefer_03,19,0.0011,0.3724,232.7471,168.7102,0.0,401.4572
nefer_03,20,0.0014,0.3788,236.7704,171.6276,0.0,408.398
nefer_03,21,0.0017,0.3864,241.5282,175.078,0.0,416.6062
nefer_03,22,0.0021,0.3945,246.5673,178.7328,0.0,425.3001
nefer_03,23,0.0027,0.4042,252.6484,183.1441,0.0,435.7925
nefer_03,24,0.0035,0.4116,257.2539,186.4857,0.0,443.7395
nefer_03,25,0.0045,0.422,263.7808,191.2227,0.0,455.0034
nefer_03,26,0.0057,0.4296,268.4719,194.6285,0.0,463.1004
nefer_03,27,0.007,0.4431,276.9184,200.7634,0.0,477.6818
nefer_03,28,0.0078,0.4512,281.9711,204.4351,0.0,486.4062
nefer_03,29,0.0087,0.4555,284.681,206.4049,0.0,491.0858
nefer_03,30,0.0096,0.4589,286.7865,207.9358,0.0,494.7223
nefer_03,31,0.0104,0.4663,291.4551,211.3314,0.0,502.7865
nefer_03,32,0.0112,0.4713,294.5476,213.5814,0.0,508.129
nefer_03,33,0.012,0.4785,299.0834,216.8824,0.0,515.9658
nefer_03,34,0.0131,0.486,303.7602,220.2871,0.0,524.0473
nefer_03,35,0.0138,0.4907,306.6643,222.4021,0.0,529.0664
nefer_03,36,0.0147,0.497,310.6308,225.2917,0.0,535.9226
nefer_03,37,0.0162,0.5046,315.3875,228.758,0.0,544.1455
nefer_03,38,0.0178,0.5118,319.8482,232.0104,0.0,551.8586
nefer_03,39,0.0188,0.5141,321.3183,233.0829,0.0,554.4012
nefer_03,40,0.0196,0.5166,322.8699,234.2154,0.0,557.0853
nefer_03,41,0.0197,0.5166,322.8699,234.2154,0.0,557.0853
nefer_03,42,0.0198,0.5166,322.8699,234.2154,0.0,557.0853
nefer_03,43,0.0199,0.5166,322.8699,234.2154,0.0,557.0853
nefer_03,44,0.0201,0.5166,322.8699,234.2154,0.0,557.0853
nefer_03,45,0.0206,0.5166,322.8699,234.2154,0.0,557.0853
nefer_03,46,0.0206,0.5166,322.8699,234.2154,0.0,557.0853
nefer_03,47,0.0206,0.5166,322.8699,234.2154,0.0,557.0853
nefer_03,48,0.0206,0.5166,322.8699,234.2154,0.0,557.0853
nefer_03,49,0.0224,0.5166,322.8699,234.2154,0.0,557.0853
nefer_03,50,0.024,0.5166,322.8699,234.2154,0.0,557.0853
nefer_03,51,0.0258,0.5166,322.8699,234.2154,0.0,557.0853
nefer_03,52,0.0284,0.5166,322.8699,234.2154,0.0,557.0853
nefer_03,53,0.0321,0.5177,323.5325,234.7008,0.0,558.2333
nefer_03,54,0.0355,0.5223,326.4418,236.8352,0.0,563.277
nefer_03,55,0.0381,0.5318,332.3921,241.2068,0.0,573.5989
nefer_03,56,0.0411,0.5423,338.9261,246.0124,0.0,584.9385
nefer_03,57,0.0442,0.5477,342.3235,248.5143,0.0,590.8378
nefer_03,58,0.0477,0.5579,348.6927,253.2108,0.0,601.9035
nefer_03,59,0.0513,0.5703,356.4507,258.9399,0.0,615.3906
nefer_03,60,0.0549,0.5814,363.3842,264.0682,0.0,627.4524
nefer_03,61,0.0583,0.5887,367.9207,267.4289,0.0,635.3496
nefer_03,62,0.0629,0.6045,377.8418,274.7902,0.0,652.632
nefer_03,63,0.0667,0.6178,386.1281,280.9516,0.0,667.0797
nefer_03,64,0.0702,0.6302,393.8922,286.7352,0.0,680.6274
nefer_03,65,0.0746,0.6418,401.1323,292.1371,0.0,693.2694
nefer_03,66,0.0786,0.6545,409.05,298.0575,0.0,707.1076
nefer_03,67,0.0822,0.6641,415.0613,302.5611,0.0,717.6225
nefer_03,68,0.0858,0.6771,423.2024,308.6715,0.0,731.8739
nefer_03,69,0.0894,0.6899,431.1921,314.6794,0.0,745.8715
nefer_03,70,0.0936,0.7061,441.3428,322.3264,0.0,763.6692
nefer_03,71,0.0983,0.7231,451.9608,330.3436,0.0,782.3044
nefer_03,72,0.1034,0.7301,456.3127,333.6379,0.0,789.9507
nefer_03,73,0.1082,0.7423,463.9355,339.4243,0.0,803.3597
nefer_03,74,0.1119,0.7516,469.7393,343.8419,0.0,813.5812
nefer_03,75,0.1143,0.761,475.6031,348.3147,0.0,823.9178
nefer_03,76,0.1148,0.7624,476.5188,349.0141,0.0,825.533
nefer_03,77,0.115,0.7625,476.5543,349.0412,0.0,825.5955
nefer_03,78,0.115,0.7625,476.5543,349.0412,0.0,825.5955
nefer_03,79,0.115,0.7625,476.5543,349.0412,0.0,825.5955
nefer_03,80,0.115,0.7625,476.5543,349.0412,0.0,825.5955
nefer_03,81,0.1156,0.7625,476.5543,349.0412,0.0,825.5955
nefer_03,82,0.1163,0.7625,476.5543,349.0412,0.0,825.5955
nefer_03,83,0.1176,0.7625,476.5543,349.0412,0.0,825.5955
nefer_03,84,0.1187,0.7625,476.5543,349.0412,0.0,825.5955
nefer_03,85,0.1201,0.7625,476.5543,349.0412,0.0,825.5955
nefer_03,86,0.122,0.7625,476.5543,349.0412,0.0,825.5955
nefer_03,87,0.1249,0.7625,476.5543,349.0412,0.0,825.5955
nefer_03,88,0.1286,0.7625,476.5543,349.0412,0.0,825.5955
nefer_03,89,0.1332,0.7625,476.5543,349.0412,0.0,825.5955
nefer_03,90,0.1371,0.7652,478.2731,350.3694,0.0,828.6425
nefer_03,91,0.1412,0.7747,484.164,354.9328,0.0,839.0968
nefer_03,92,0.1458,0.7826,489.1159,358.7791,0.0,847.895
nefer_03,93,0.1496,0.7978,498.6422,366.2013,0.0,864.8435
nefer_03,94,0.1542,0.8156,509.7262,374.8591,0.0,884.5853
nefer_03,95,0.1609,0.8377,523.5842,385.7188,0.0,909.303
nefer_03,96,0.1667,0.8509,531.7929,392.1818,0.0,923.9747
nefer_03,97,0.1718,0.8715,544.7105,402.3956,0.0,947.1061
nefer_03,98,0.1793,0.8893,555.7828,411.1836,0.0,966.9665
nefer_03,99,0.1853,0.9127,570.4299,422.8751,0.0,993.305
nefer_03,100,0.1921,0.9395,587.17,436.3006,0.0,1023.4706
nefer_03,101,0.1981,0.9521,595.0522,442.6569,0.0,1037.7091
nefer_03,102,0.2021,0.9631,601.9178,448.2212,0.0,1050.139
nefer_03,103,0.2079,0.9867,616.6644,460.2136,0.0,1076.8781
nefer_03,104,0.2141,1.0109,631.8256,472.6048,0.0,1104.4304
nefer_03,105,0.2195,1.0248,640.5306,479.7587,0.0,1120.2894
nefer_03,106,0.2258,1.045,653.1079,490.1451,0.0,1143.253
nefer_03,107,0.2334,1.075,671.8655,505.7273,0.0,1177.5928
nefer_03,108,0.2403,1.0982,686.3961,517.8852,0.0,1204.2813
nefer_03,109,0.2467,1.1171,698.1795,527.8114,0.0,1225.9909
nefer_03,110,0.2533,0.7932,713.1718,540.523,0.0,1253.6948
nefer_03,111,0.2607,0.8117,724.7161,550.3791,0.0,1275.0952
nefer_03,112,0.2686,0.8294,735.8111,559.9263,0.0,1295.7374
nefer_03,113,0.2764,0.8511,749.348,571.6762,0.0,1321.0242
nefer_03,114,0.2864,0.8737,763.5013,584.0706,0.0,1347.5719
nefer_03,115,0.297,0.8937,775.9991,595.1445,0.0,1371.1436
nefer_03,116,0.3097,0.9263,796.3293,613.3915,0.0,1409.7208
nefer_03,117,0.3176,0.949,810.5345,626.3485,0.0,1436.883
nefer_03,118,0.3264,0.9682,822.51,637.3868,0.0,1459.8968
nefer_03,119,0.335,0.9874,834.5166,648.588,0.0,1483.1046
nefer_03,120,0.3415,1.01,848.6716,661.9543,0.0,1510.626
nefer_03,121,0.3485,1.0412,868.1582,680.5288,0.0,1548.687
nefer_03,122,0.354,1.071,886.7833,698.466,0.0,1585.2493
nefer_03,123,0.3598,1.104,907.4029,718.4902,0.0,1625.8931
nefer_03,124,0.3675,1.1464,933.9333,744.4872,0.0,1678.4205
nefer_03,125,0.3761,1.1914,962.0505,772.3766,0.0,1734.4271
nefer_03,126,0.3858,1.2392,991.9258,802.427,0.0,1794.3528
nefer_03,127,0.3969,1.3013,1030.7508,842.1188,0.0,1872.8696
nefer_03,128,0.4073,1.3566,1066.9732,879.867,0.0,1946.8402
nefer_03,129,0.416,1.4117,1101.4403,916.4636,0.0,2017.9039
nefer_03,130,0.425,1.4518,1128.9637,946.166,0.0,2075.1296
nefer_03,131,0.4298,1.4764,1148.3035,967.396,0.0,2115.6995
nefer_03,132,0.4327,1.4994,1162.664,983.3064,0.0,2145.9704
nefer_03,133,0.4358,1.5241,1178.0818,1000.4869,0.0,2178.5687
nefer_03,134,0.4393,1.5399,1195.1859,1019.6656,0.0,2214.8515
nefer_03,135,0.4436,1.5636,1209.9949,1036.3853,0.0,2246.3802
nefer_03,136,0.4489,1.5835,1222.4111,1050.5264,0.0,2272.9375
nefer_03,137,0.4544,1.591,1231.1147,1060.5483,0.0,2291.663
nefer_03,138,0.4626,1.6057,1245.1009,1076.8374,0.0,2321.9383
nefer_03,139,0.4724,1.631,1265.9501,1101.5511,0.0,2367.5011
nefer_03,140,0.4816,1.6611,1290.8325,1131.6818,0.0,2422.5143
nefer_03,141,0.4899,1.7149,1324.4698,1173.2618,0.0,2497.7316
nefer_03,142,0.4975,1.7602,1357.3912,1214.7392,0.0,2572.1304
nefer_03,143,0.5052,1.7931,1384.4446,1249.4421,0.0,2633.8867
nefer_03,144,0.5166,1.8633,1428.3791,1306.85,0.0,2735.2291
nefer_03,145,0.5306,1.933,1476.8188,1371.9316,0.0,2848.7504
nefer_03,146,0.543,1.9901,1521.1926,1433.7089,0.0,2954.9015
nefer_03,147,0.5494,2.0305,1551.7803,1477.6968,0.0,3029.4771
nefer_03,148,0.5579,2.0873,1590.361,1534.1352,0.0,3124.4962
nefer_03,149,0.5696,2.1624,1640.0157,1608.4818,0.0,3248.4974
nefer_03,150,0.5834,2.2392,1696.7188,1696.1807,0.0,3392.8994
nefer_03,151,0.5979,2.3162,1755.4317,1790.6421,0.0,3546.0738
nefer_03,152,0.613,2.3996,1815.7169,1891.871,0.0,3707.588
nefer_03,153,0.629,2.4761,1874.6053,1995.4125,0.0,3870.0178
nefer_03,154,0.6448,2.5651,1934.0038,2105.2063,0.0,4039.2101
nefer_03,155,0.6598,2.6303,1975.9985,2186.8781,0.0,4162.8766
nefer_03,156,0.676,2.6626,1996.8447,2229.4873,0.0,4226.332
nefer_03,157,0.692,2.7077,2026.5092,2293.5416,0.0,4320.0508
nefer_03,158,0.71,2.7665,2068.3537,2389.065,0.0,4457.4188
nefer_03,159,0.729,2.7916,2100.1359,2466.4335,0.0,4566.5694
nefer_03,160,0.7483,2.854,2150.0465,2596.6863,0.0,4746.7329
nefer_03,161,0.7687,2.919,2200.8717,2739.2761,0.0,4940.1478
nefer_03,162,0.7893,2.9762,2252.0987,2894.7441,0.0,5146.8428
nefer_03,163,0.8119,3.0331,2299.7768,3051.6326,0.0,5351.4094
nefer_03,164,0.8348,3.0711,2344.637,3213.2948,0.0,5557.9319
nefer_03,165,0.8591,3.11,2386.0412,3377.2204,0.0,5763.2616
nefer_03,166,0.8844,3.1436,2423.9775,3543.5201,0.0,5967.4976
nefer_03,167,0.9117,3.1625,2457.8944,3709.1605,0.0,6167.0548
nefer_03,168,0.934,3.1813,2485.2884,3859.78,0.0,6345.0684
nefer_03,169,0.9564,3.2028,2514.6347,4037.8752,0.0,6552.5098
nefer_03,170,0.9788,3.2337,2541.1605,4215.8253,0.0,6756.9858
nefer_03,171,1.0,3.272,2567.7155,4412.9074,0.0,6980.6229
nefer_03,172,1.0,3.3055,2591.7528,4609.4821,0.0,7201.2348
nefer_03,173,1.0133,3.3223,2616.4255,4811.255,0.0,7427.6805
nefer_03,174,1.0215,3.298,2622.5305,4864.3271,0.0,7486.8576
nefer_03,175,1.0311,3.3031,2640.5111,5026.6976,0.0,7667.2087
nefer_03,176,1.0411,3.3158,2658.6278,5197.7516,0.0,7856.3794
nefer_03,177,1.0519,3.3174,2674.2591,5352.3119,0.0,8026.571
nefer_03,178,1.0625,3.3166,2686.1938,5476.4268,0.0,8162.6206
nefer_03,179,1.0747,3.3177,2703.5086,5665.1124,0.5577,8369.1787
nefer_03,180,1.0866,3.2935,2714.2653,5787.7251,2.4356,8504.426
nefer_03,181,1.0997,3.2783,2727.948,5950.7723,6.8713,8685.5917
nefer_03,182,1.113,3.2636,2744.6693,6158.1088,17.3371,8920.1152
nefer_03,183,1.1294,3.2636,2759.0868,6340.1583,35.278,9134.5231
nefer_03,184,1.1441,3.2114,2773.3301,6515.7256,73.3797,9362.4353
nefer_03,185,1.1588,3.206,2786.6918,6663.6007,140.5458,9590.8384
nefer_03,186,1.1763,3.1855,2798.0344,6764.292,235.8111,9798.1375
nefer_03,187,1.1866,3.1518,2805.693,6807.5134,336.4559,9949.6623
nefer_03,188,1.1972,3.1465,2816.4036,6848.805,506.6941,10171.9027
nefer_03,189,1.2083,3.1558,2823.1711,6864.763,631.4119,10319.3461
nefer_03,190,1.2207,3.1073,2828.0628,6870.5771,732.897,10431.537
nefer_03,191,1.2354,3.0983,2835.5224,6872.9763,905.6708,10614.1695
nefer_03,192,1.2504,3.0603,2838.3837,6872.9763,1006.6629,10718.0228
nefer_03,193,1.2663,2.9694,2840.6023,6872.9763,1178.4538,10892.0324
nefer_03,194,1.2807,2.8819,2840.6023,6872.9763,1388.6092,11102.1879
nefer_03,195,1.2958,2.8341,2840.6023,6872.9763,1582.22,11295.7986
nefer_03,196,1.3136,2.7141,2840.6023,6872.9763,1773.1803,11486.7589
nefer_03,197,1.3324,2.6149,2840.6023,6872.9763,1947.6122,11661.1908
nefer_03,198,1.3491,2.4653,2840.6023,6872.9763,2074.1481,11787.7267
nefer_03,199,1.3603,2.4287,2840.6023,6872.9763,2123.9694,11837.548
nefer_03,200,1.372,2.355,2840.6023,6872.9763,2302.3086,12015.8872
nefer_03,201,1.3813,2.2464,2840.6023,6872.9763,2440.7986,12154.3772
nefer_03,202,1.3918,2.2045,2840.6023,6872.9763,2589.0213,12302.6
nefer_03,203,1.4057,2.1322,2840.6023,6872.9763,2764.6538,12478.2324
nefer_03,204,1.4188,1.9781,2840.6023,6872.9763,2848.4929,12562.0716
nefer_03,205,1.4298,1.8711,2840.6023,6872.9763,2988.0663,12701.6449
nefer_03,206,1.4419,1.7939,2840.6023,6872.9763,3120.6031,12834.1818
nefer_03,207,1.4558,1.7025,2840.6023,6872.9763,3248.945,12962.5236
nefer_03,208,1.4692,1.6093,2840.6023,6872.9763,3286.0718,12999.6504
nefer_03,209,1.4833,1.4131,2840.6023,6872.9763,3379.0911,13092.6698
nefer_03,210,1.498,1.331,2840.6023,6872.9763,3440.6663,13154.2449
nefer_03,211,1.5138,1.2675,2840.6023,6872.9763,3515.2602,13228.8389
nefer_03,212,1.532,1.1877,2840.6023,6815.9306,3617.7708,13274.3037
nefer_03,213,1.5513,1.125,2840.6023,6758.8849,3703.005,13302.4922
nefer_03,214,1.5699,0.9934,2840.6023,6701.8392,3782.5664,13325.0079
nefer_03,215,1.5872,0.9225,2840.6023,6644.7935,3865.4078,13350.8036
nefer_03,216,1.605,0.8445,2840.6023,6587.7478,3938.5629,13366.913
nefer_03,217,1.624,0.7736,2840.6023,6530.7021,3992.7563,13364.0607
nefer_03,218,1.6427,0.6395,2840.6023,6473.6564,4046.9497,13361.2084
nefer_03,219,1.6588,0.5909,2840.6023,6416.6107,4101.1432,13358.3562
nefer_03,220,1.6746,0.541,2840.6023,6359.565,4155.3366,13355.5039
nefer_03,221,1.6925,0.5018,2840.6023,6302.5193,4209.53,13352.6516
nefer_03,222,1.712,0.4588,2840.6023,6245.4736,4263.7234,13349.7993
nefer_03,223,1.7319,0.4208,2840.6023,6188.4279,4317.9168,13346.947
nefer_03,224,1.7498,0.3458,2840.6023,6131.3821,4372.1103,13344.0947
nefer_03,225,1.7655,0.3038,2840.6023,6074.3364,4426.3037,13341.2424
nefer_03,226,1.7802,0.2791,2840.6023,6017.2907,4480.4971,13338.3902
nefer_03,227,1.7948,0.2299,2840.6023,5960.245,4534.6905,13335.5379
nefer_03,228,1.812,0.2146,2840.6023,5903.1993,4588.8839,13332.6856
nefer_03,229,1.8253,0.1897,2840.6023,5846.1536,4643.0773,13329.8333
nefer_03,230,1.8389,0.175,2840.6023,5789.1079,4697.2708,13326.981
nefer_03,231,1.8519,0.1555,2840.6023,5732.0622,4751.4642,13324.1287
nefer_03,232,1.8653,0.1319,2840.6023,5675.0165,4805.6576,13321.2765
nefer_03,233,1.8806,0.1119,2840.6023,5617.9708,4859.851,13318.4242
nefer_03,234,1.899,0.0921,2840.6023,5560.9251,4914.0444,13315.5719
nefer_03,235,1.9152,0.0736,2840.6023,5503.8794,4968.2379,13312.7196
nefer_03,236,1.9308,0.0471,2840.6023,5498.381,4973.4613,13312.4447
nefer_03,237,1.9479,0.0328,2840.6023,5498.381,4973.4613,13312.4447
nefer_03,238,1.9622,0.0168,2840.6023,5498.381,4973.4613,13312.4447
nefer_03,239,1.9778,0.0068,2840.6023,5498.381,4973.4613,13312.4447
nefer_03,240,1.9958,0.003,2840.6023,5498.381,4973.4613,13312.4447
nefer_03,241,2.0,0.0,2840.6023,5498.381,4973.4613,13312.4447
nefer_03,242,2.0,0.0,2840.6023,5498.381,4973.4613,13312.4447
nefer_03,243,2.0,0.0,2840.6023,5498.381,4973.4613,13312.4447
nefer_03,244,2.0,0.0,2840.6023,5498.381,4973.4613,13312.4447
nefer_03,245,2.0,0.0,2840.6023,5498.381,4973.4613,13312.4447
nefer_03,246,2.0,0.0,2840.6023,5498.381,4973.4613,13312.4447
nefer_03,247,2.0,0.0,2840.6023,5498.381,4973.4613,13312.4447
nefer_03,248,2.0,0.0,2840.6023,5498.381,4973.4613,13312.4447
nefer_03,249,2.0,0.0,2840.6023,5498.381,4973.4613,13312.4447
nefer_03,250,2.0,0.0,2840.6023,5498.381,4973.4613,13312.4447
nefer_03,251,2.0,0.0,2840.6023,5498.381,4973.4613,13312.4447
nefer_03,252,2.0,0.0,2840.6023,5498.381,4973.4613,13312.4447
nefer_03,253,2.0,0.0,2840.6023,5498.381,4973.4613,13312.4447
nefer_03,254,2.0,0.0,2840.6023,5498.381,4973.4613,13312.4447
nefer_03,255,2.0,0.0,2840.6023,5498.381,4973.4613,13312.4447
nefer_03,256,2.0,0.0,2840.6023,5498.381,4973.4613,13312.4447
nefer_03,257,2.0,0.0,2840.6023,5498.381,4973.4613,13312.4447
nefer_03,258,2.0,0.0,2840.6023,5498.381,4973.4613,13312.4447
nefer_03,259,2.0,0.0,2840.6023,5498.381,4973.4613,13312.4447
nefer_03,260,2.0,0.0,2840.6023,5498.381,4973.4613,13312.4447
nefer_03,261,2.0,0.0,2840.6023,5498.381,4973.4613,13312.4447
nefer_03,262,2.0,0.0,2840.6023,5498.381,4973.4613,13312.4447
nefer_03,263,2.0,0.0,2840.6023,5498.381,4973.4613,13312.4447
nefer_03,264,2.0,0.0,2840.6023,5498.381,4973.4613,13312.4447
nefer_03,265,2.0,0.0,2840.6023,5498.381,4973.4613,13312.4447
nefer_03,266,2.0,0.0,2840.6023,5498.381,4973.4613,13312.4447
nefer_03,267,2.0,0.0,2840.6023,5498.381,4973.4613,13312.4447
nefer_03,268,2.0,0.0,2840.6023,5498.381,4973.4613,13312.4447
nefer_03,269,2.0,0.0,2840.6023,5498.381,4973.4613,13312.4447
nefer_03,270,2.0,0.0,2840.6023,5498.381,4973.4613,13312.4447
nefer_03,271,2.0,0.0,2840.6023,5498.381,4973.4613,13312.4447
nefer_03,272,2.0,0.0,2840.6023,5498.381,4973.4613,13312.4447
nefer_03,273,2.0,0.0,2840.6023,5498.381,4973.4613,13312.4447
nefer_03,274,2.0,0.0,2840.6023,5498.381,4973.4613,13312.4447
nefer_03,275,2.0,0.0,2840.6023,5498.381,4973.4613,13312.4447
nefer_03,276,2.0,0.0,2840.6023,5498.381,4973.4613,13312.4447
nefer_03,277,2.0,0.0,2840.6023,5498.381,4973.4613,13312.4447
nefer_03,278,2.0,0.0,2840.6023,5498.381,4973.4613,13312.4447
nefer_03,279,2.0,0.0,2840.6023,5498.381,4973.4613,13312.4447
nefer_03,280,2.0,0.0,2840.6023,5498.381,4973.4613,13312.4447
nefer_03,281,2.0,0.0,2840.6023,5498.381,4973.4613,13312.4447
nefer_03,282,2.0,0.0,2840.6023,5498.381,4973.4613,13312.4447
nefer_03,283,2.0,0.0,2840.6023,5498.381,4973.4613,13312.4447
nefer_03,284,2.0,0.0,2840.6023,5498.381,4973.4613,13312.4447
nefer_03,285,2.0,0.0,2840.6023,5498.381,4973.4613,13312.4447
nefer_03,286,2.0,0.0,2840.6023,5498.381,4973.4613,13312.4447
nefer_03,287,2.0,0.0,2840.6023,5498.381,4973.4613,13312.4447
nefer_03,288,2.0,0.0,2840.6023,5498.381,4973.4613,13312.4447
nefer_03,289,2.0,0.0,2840.6023,5498.381,4973.4613,13312.4447
nefer_03,290,2.0,0.0,2840.6023,5498.381,4973.4613,13312.4447
nefer_03,291,2.0,0.0,2840.6023,5498.381,4973.4613,13312.4447
nefer_03,292,2.0,0.0,2840.6023,5498.381,4973.4613,13312.4447
nefer_03,293,2.0,0.0,2840.6023,5498.381,4973.4613,13312.4447
nefer_03,294,2.0,0.0,2840.6023,5498.381,4973.4613,13312.4447
nefer_03,295,2.0,0.0,2840.6023,5498.381,4973.4613,13312.4447
nefer_03,296,2.0,0.0,2840.6023,5498.381,4973.4613,13312.4447
nefer_03,297,2.0,0.0,2840.6023,5498.381,4973.4613,13312.4447
nefer_03,298,2.0,0.0,2840.6023,5498.381,4973.4613,13312.4447
nefer_03,299,2.0,0.0,2840.6023,5498.381,4973.4613,13312.4447
nefer_03,300,2.0,0.0,2840.6023,5498.381,4973.4613,13312.4447
nefer_03,301,2.0,0.0,2840.6023,5498.381,4973.4613,13312.4447
nefer_03,302,2.0,0.0,2840.6023,5498.381,4973.4613,13312.4447
nefer_03,303,2.0,0.0,2840.6023,5498.381,4973.4613,13312.4447
nefer_03,304,2.0,0.0,2840.6023,5498.381,4973.4613,13312.4447
nefer_03,305,2.0,0.0,2840.6023,5498.381,4973.4613,13312.4447
nefer_03,306,2.0,0.0,2840.6023,5498.381,4973.4613,13312.4447
nefer_03,307,2.0,0.0,2840.6023,5498.381,4973.4613,13312.4447
nefer_03,308,2.0,0.0,2840.6023,5498.381,4973.4613,13312.4447
nefer_03,309,2.0,0.0,2840.6023,5498.381,4973.4613,13312.4447
nefer_03,310,2.0,0.0,2840.6023,5498.381,4973.4613,13312.4447
nefer_03,311,2.0,0.0,2840.6023,5498.381,4973.4613,13312.4447
nefer_03,312,2.0,0.0,2840.6023,5498.381,4973.4613,13312.4447
nefer_03,313,2.0,0.0,2840.6023,5498.381,4973.4613,13312.4447
nefer_03,314,2.0,0.0,2840.6023,5498.381,4973.4613,13312.4447
nefer_03,315,2.0,0.0,2840.6023,5498.381,4973.4613,13312.4447
nefer_03,316,2.0,0.0,2840.6023,5498.381,4973.4613,13312.4447
nefer_03,317,2.0,0.0,2840.6023,5498.381,4973.4613,13312.4447
nefer_03,318,2.0,0.0,2840.6023,5498.381,4973.4613,13312.4447
nefer_03,319,2.0,0.0,2840.6023,5498.381,4973.4613,13312.4447
nefer_03,320,2.0,0.0,2840.6023,5498.381,4973.4613,13312.4447
nefer_03,321,2.0,0.0,2840.6023,5498.381,4973.4613,13312.4447
nefer_03,322,2.0,0.0,2840.6023,5498.381,4973.4613,13312.4447
nefer_03,323,2.0,0.0,2840.6023,5498.381,4973.4613,13312.4447
nefer_03,324,2.0,0.0,2840.6023,5498.381,4973.4613,13312.4447
nefer_03,325,2.0,0.0,2840.6023,5498.381,4973.4613,13312.4447
nefer_03,326,2.0,0.0,2840.6023,5498.381,4973.4613,13312.4447
nefer_03,327,2.0,0.0,2840.6023,5498.381,4973.4613,13312.4447
nefer_03,328,2.0,0.0,2840.6023,5498.381,4973.4613,13312.4447
nefer_03,329,2.0,0.0,2840.6023,5498.381,4973.4613,13312.4447
nefer_03,330,2.0,0.0,2840.6023,5498.381,4973.4613,13312.4447
nefer_03,331,2.0,0.0,2840.6023,5498.381,4973.4613,13312.4447
nefer_03,332,2.0,0.0,2840.6023,5498.381,4973.4613,13312.4447
nefer_03,333,2.0,0.0,2840.6023,5498.381,4973.4613,13312.4447
nefer_03,334,2.0,0.0,2840.6023,5498.381,4973.4613,13312.4447
nefer_03,335,2.0,0.0,2840.6023,5498.381,4973.4613,13312.4447
nefer_03,336,2.0,0.0,2840.6023,5498.381,4973.4613,13312.4447
nefer_03,337,2.0,0.0,2840.6023,5498.381,4973.4613,13312.4447
nefer_03,338,2.0,0.0,2840.6023,5498.381,4973.4613,13312.4447
nefer_03,339,2.0,0.0,2840.6023,5498.381,4973.4613,13312.4447
nefer_03,340,2.0,0.0,2840.6023,5498.381,4973.4613,13312.4447
nefer_03,341,2.0,0.0,2840.6023,5498.381,4973.4613,13312.4447
nefer_03,342,2.0,0.0,2840.6023,5498.381,4973.4613,13312.4447
nefer_03,343,2.0,0.0,2840.6023,5498.381,4973.4613,13312.4447
nefer_03,344,2.0,0.0,2840.6023,5498.381,4973.4613,13312.4447
nefer_03,345,2.0,0.0,2840.6023,5498.381,4973.4613,13312.4447
nefer_03,346,2.0,0.0,2840.6023,5498.381,4973.4613,13312.4447
nefer_03,347,2.0,0.0,2840.6023,5498.381,4973.4613,13312.4447
nefer_03,348,2.0,0.0,2840.6023,5498.381,4973.4613,13312.4447
nefer_03,349,2.0,0.0,2840.6023,5498.381,4973.4613,13312.4447
nefer_03,350,2.0,0.0,2840.6023,5498.381,4973.4613,13312.4447
nefer_03,351,2.0,0.0,2840.6023,5498.381,4973.4613,13312.4447
nefer_03,352,2.0,0.0,2840.6023,5498.381,4973.4613,13312.4447
nefer_03,353,2.0,0.0,2840.6023,5498.381,4973.4613,13312.4447
nefer_03,354,2.0,0.0,2840.6023,5498.381,4973.4613,13312.4447
nefer_03,355,2.0,0.0,2840.6023,5498.381,4973.4613,13312.4447
nefer_03,356,2.0,0.0,2840.6023,5498.381,4973.4613,13312.4447
nefer_03,357,2.0,0.0,2840.6023,5498.381,4973.4613,13312.4447
nefer_03,358,2.0,0.0,2840.6023,5498.381,4973.4613,13312.4447
nefer_03,359,2.0,0.0,2840.6023,5498.381,4973.4613,13312.4447
nefer_03,360,2.0,0.0,2840.6023,5498.381,4973.4613,13312.4447
nefer_03,361,2.0,0.0,2840.6023,5498.381,4973.4613,13312.4447
nefer_03,362,2.0,0.0,2840.6023,5498.381,4973.4613,13312.4447
nefer_03,363,2.0,0.0,2840.6023,5498.381,4973.4613,13312.4447
nefer_03,364,2.0,0.0,2840.6023,5498.381,4973.4613,13312.4447
nefer_04,0,-0.1,0.2319,144.9397,105.0603,0.0,250.0
nefer_04,1,0.0,0.2319,144.9397,105.0603,0.0,250.0
nefer_04,2,0.0,0.2419,151.1648,109.5725,0.0,260.7373
nefer_04,3,0.0,0.2472,154.4993,111.9896,0.0,266.4889
nefer_04,4,0.0,0.2519,157.4343,114.117,0.0,271.5513
nefer_04,5,0.0,0.2605,162.8051,118.01,0.0,280.8151
nefer_04,6,0.0,0.2693,168.284,121.9815,0.0,290.2655
nefer_04,7,0.0,0.2798,174.8983,126.7758,0.0,301.6741
nefer_04,8,0.0,0.2879,179.96,130.4448,0.0,310.4048
nefer_04,9,0.0,0.2945,184.042,133.4037,0.0,317.4457
nefer_04,10,0.0,0.3038,189.9058,137.6541,0.0,327.56
nefer_04,11,0.0,0.311,194.3586,140.8818,0.0,335.2404
nefer_04,12,0.0,0.3186,199.0952,144.3151,0.0,343.4103
nefer_04,13,0.0,0.3236,202.223,146.5823,0.0,348.8053
nefer_04,14,0.0,0.3277,204.8266,148.4695,0.0,353.2961
nefer_04,15,0.0001,0.3401,212.5365,154.0581,0.0,366.5945
nefer_04,16,0.0003,0.3499,218.6773,158.5095,0.0,377.1867
nefer_04,17,0.0005,0.3539,221.1611,160.31,0.0,381.4712
nefer_04,18,0.0007,0.3601,225.0871,163.1563,0.0,388.2435
nefer_04,19,0.0011,0.3724,232.7471,168.7102,0.0,401.4572
nefer_04,20,0.0014,0.3788,236.7704,171.6276,0.0,408.398
nefer_04,21,0.0017,0.3864,241.5282,175.078,0.0,416.6062
nefer_04,22,0.0021,0.3945,246.5673,178.7328,0.0,425.3001
nefer_04,23,0.0027,0.4042,252.6484,183.1441,0.0,435.7925
nefer_04,24,0.0035,0.4116,257.2539,186.4857,0.0,443.7395
nefer_04,25,0.0045,0.422,263.7808,191.2227,0.0,455.0034
nefer_04,26,0.0057,0.4296,268.4719,194.6285,0.0,463.1004
nefer_04,27,0.007,0.4431,276.9184,200.7634,0.0,477.6818
nefer_04,28,0.0078,0.4512,281.9711,204.4351,0.0,486.4062
nefer_04,29,0.0087,0.4555,284.681,206.4049,0.0,491.0858
nefer_04,30,0.0096,0.4589,286.7865,207.9358,0.0,494.7223
nefer_04,31,0.0104,0.4663,291.4551,211.3314,0.0,502.7865
nefer_04,32,0.0112,0.4713,294.5476,213.5814,0.0,508.129
nefer_04,33,0.012,0.4785,299.0834,216.8824,0.0,515.9658
nefer_04,34,0.0131,0.486,303.7602,220.2871,0.0,524.0473
nefer_04,35,0.0138,0.4907,306.6643,222.4021,0.0,529.0664
nefer_04,36,0.0147,0.497,310.6308,225.2917,0.0,535.9226
nefer_04,37,0.0162,0.5046,315.3875,228.758,0.0,544.1455
nefer_04,38,0.0178,0.5118,319.8482,232.0104,0.0,551.8586
nefer_04,39,0.0188,0.5141,321.3183,233.0829,0.0,554.4012
nefer_04,40,0.0196,0.5166,322.8699,234.2154,0.0,557.0853
nefer_04,41,0.0197,0.5166,322.8699,234.2154,0.0,557.0853
nefer_04,42,0.0198,0.5166,322.8699,234.2154,0.0,557.0853
nefer_04,43,0.0199,0.5166,322.8699,234.2154,0.0,557.0853
nefer_04,44,0.0201,0.5166,322.8699,234.2154,0.0,557.0853
nefer_04,45,0.0206,0.5166,322.8699,234.2154,0.0,557.0853
nefer_04,46,0.0206,0.5166,322.8699,234.2154,0.0,557.0853
nefer_04,47,0.0206,0.5166,322.8699,234.2154,0.0,557.0853
nefer_04,48,0.0206,0.5166,322.8699,234.2154,0.0,557.0853
nefer_04,49,0.0224,0.5166,322.8699,234.2154,0.0,557.0853
nefer_04,50,0.024,0.5166,322.8699,234.2154,0.0,557.0853
nefer_04,51,0.0258,0.5166,322.8699,234.2154,0.0,557.0853
nefer_04,52,0.0284,0.5166,322.8699,234.2154,0.0,557.0853
nefer_04,53,0.0321,0.5177,323.5325,234.7008,0.0,558.2333
nefer_04,54,0.0355,0.5223,326.4418,236.8352,0.0,563.277
nefer_04,55,0.0381,0.5318,332.3921,241.2068,0.0,573.5989
nefer_04,56,0.0411,0.5423,338.9261,246.0124,0.0,584.9385
nefer_04,57,0.0442,0.5477,342.3235,248.5143,0.0,590.8378
nefer_04,58,0.0477,0.5579,348.6927,253.2108,0.0,601.9035
nefer_04,59,0.0513,0.5703,356.4507,258.9399,0.0,615.3906
nefer_04,60,0.0549,0.5814,363.3842,264.0682,0.0,627.4524
nefer_04,61,0.0583,0.5887,367.9207,267.4289,0.0,635.3496
nefer_04,62,0.0629,0.6045,377.8418,274.7902,0.0,652.632
nefer_04,63,0.0667,0.6178,386.1281,280.9516,0.0,667.0797
nefer_04,64,0.0702,0.6302,393.8922,286.7352,0.0,680.6274
nefer_04,65,0.0746,0.6418,401.1323,292.1371,0.0,693.2694
nefer_04,66,0.0786,0.6545,409.05,298.0575,0.0,707.1076
nefer_04,67,0.0822,0.6641,415.0613,302.5611,0.0,717.6225
nefer_04,68,0.0858,0.6771,423.2024,308.6715,0.0,731.8739
nefer_04,69,0.0894,0.6899,431.1921,314.6794,0.0,745.8715
nefer_04,70,0.0936,0.7061,441.3428,322.3264,0.0,763.6692
nefer_04,71,0.0983,0.7231,451.9608,330.3436,0.0,782.3044
nefer_04,72,0.1034,0.7301,456.3127,333.6379,0.0,789.9507
nefer_04,73,0.1082,0.7423,463.9355,339.4243,0.0,803.3597
nefer_04,74,0.1119,0.7516,469.7393,343.8419,0.0,813.5812
nefer_04,75,0.1143,0.761,475.6031,348.3147,0.0,823.9178
nefer_04,76,0.1148,0.7624,476.5188,349.0141,0.0,825.533
nefer_04,77,0.115,0.7625,476.5543,349.0412,0.0,825.5955
nefer_04,78,0.115,0.7625,476.5543,349.0412,0.0,825.5955
nefer_04,79,0.115,0.7625,476.5543,349.0412,0.0,825.5955
nefer_04,80,0.115,0.7625,476.5543,349.0412,0.0,825.5955
nefer_04,81,0.1156,0.7625,476.5543,349.0412,0.0,825.5955
nefer_04,82,0.1163,0.7625,476.5543,349.0412,0.0,825.5955
nefer_04,83,0.1176,0.7625,476.5543,349.0412,0.0,825.5955
nefer_04,84,0.1187,0.7625,476.5543,349.0412,0.0,825.5955
nefer_04,85,0.1201,0.7625,476.5543,349.0412,0.0,825.5955
nefer_04,86,0.122,0.7625,476.5543,349.0412,0.0,825.5955
nefer_04,87,0.1249,0.7625,476.5543,349.0412,0.0,825.5955
nefer_04,88,0.1286,0.7625,476.5543,349.0412,0.0,825.5955
nefer_04,89,0.1332,0.7625,476.5543,349.0412,0.0,825.5955
nefer_04,90,0.1371,0.7652,478.2731,350.3694,0.0,828.6425
nefer_04,91,0.1412,0.7747,484.164,354.9328,0.0,839.0968
nefer_04,92,0.1458,0.7826,489.1159,358.7791,0.0,847.895
nefer_04,93,0.1496,0.7978,498.6422,366.2013,0.0,864.8435
nefer_04,94,0.1542,0.8156,509.7262,374.8591,0.0,884.5853
nefer_04,95,0.1609,0.8377,523.5842,385.7188,0.0,909.303
nefer_04,96,0.1667,0.8509,531.7929,392.1818,0.0,923.9747
nefer_04,97,0.1718,0.8715,544.7105,402.3956,0.0,947.1061
nefer_04,98,0.1793,0.8893,555.7828,411.1836,0.0,966.9665
nefer_04,99,0.1853,0.9127,570.4299,422.8751,0.0,993.305
nefer_04,100,0.1921,0.9395,587.17,436.3006,0.0,1023.4706
nefer_04,101,0.1981,0.9521,595.0522,442.6569,0.0,1037.7091
nefer_04,102,0.2021,0.9631,601.9178,448.2212,0.0,1050.139
nefer_04,103,0.2079,0.9867,616.6644,460.2136,0.0,1076.8781
nefer_04,104,0.2141,1.0109,631.8256,472.6048,0.0,1104.4304
nefer_04,105,0.2195,1.0248,640.5306,479.7587,0.0,1120.2894
nefer_04,106,0.2258,1.045,653.1079,490.1451,0.0,1143.253
nefer_04,107,0.2334,1.075,671.8655,505.7273,0.0,1177.5928
nefer_04,108,0.2403,1.0982,686.3961,517.8852,0.0,1204.2813
nefer_04,109,0.2467,1.1171,698.1795,527.8114,0.0,1225.9909
nefer_04,110,0.2533,0.7932,713.1718,540.523,0.0,1253.6948
nefer_04,111,0.2607,0.8117,724.7161,550.3791,0.0,1275.0952
nefer_04,112,0.2686,0.8294,735.8111,559.9263,0.0,1295.7374
nefer_04,113,0.2764,0.8511,749.348,571.6762,0.0,1321.0242
nefer_04,114,0.2864,0.8737,763.5013,584.0706,0.0,1347.5719
nefer_04,115,0.297,0.8937,775.9991,595.1445,0.0,1371.1436
nefer_04,116,0.3097,0.9263,796.3293,613.3915,0.0,1409.7208
nefer_04,117,0.3176,0.949,810.5345,626.3485,0.0,1436.883
nefer_04,118,0.3264,0.9682,822.51,637.3868,0.0,1459.8968
nefer_04,119,0.335,0.9874,834.5166,648.588,0.0,1483.1046
nefer_04,120,0.3415,1.0053,845.7164,659.1637,0.0,1504.8801
nefer_04,121,0.3485,1.0256,858.4141,671.2672,0.0,1529.6813
nefer_04,122,0.354,1.0419,868.617,681.0932,0.0,1549.7101
nefer_04,123,0.3598,1.0591,879.3763,691.5419,0.0,1570.9182
nefer_04,124,0.3675,1.0812,893.1687,705.0569,0.0,1598.2256
nefer_04,125,0.3761,1.104,907.4234,719.1961,0.0,1626.6195
nefer_04,126,0.3858,1.128,922.3875,734.248,0.0,1656.6355
nefer_04,127,0.3969,1.1594,942.0417,754.3409,0.0,1696.3826
nefer_04,128,0.4073,1.1859,960.4768,773.5525,0.0,1734.0293
nefer_04,129,0.416,1.2102,975.663,789.677,0.0,1765.34
nefer_04,130,0.425,1.2276,989.3292,804.4252,0.0,1793.7544
nefer_04,131,0.4298,1.2325,996.9245,812.7628,0.0,1809.6874
nefer_04,132,0.4327,1.2395,1001.2577,817.5637,0.0,1818.8215
nefer_04,133,0.4358,1.247,1005.9871,822.8338,0.0,1828.8209
nefer_04,134,0.4393,1.2408,1011.3152,828.8082,0.0,1840.1235
nefer_04,135,0.4436,1.2478,1015.677,833.7328,0.0,1849.4098
nefer_04,136,0.4489,1.2542,1019.6796,838.2913,0.0,1857.9709
nefer_04,137,0.4544,1.2549,1021.5794,840.4789,0.0,1862.0582
nefer_04,138,0.4626,1.2506,1025.3189,844.8342,0.0,1870.1531
nefer_04,139,0.4724,1.2542,1031.9177,852.6561,0.0,1884.5737
nefer_04,140,0.4816,1.2586,1041.602,864.3831,0.0,1905.9851
nefer_04,141,0.4899,1.2775,1053.4199,878.9915,0.0,1932.4113
nefer_04,142,0.4975,1.2901,1064.6819,893.1804,0.0,1957.8624
nefer_04,143,0.5052,1.2932,1074.727,906.0658,0.0,1980.7928
nefer_04,144,0.5166,1.3188,1090.7125,926.9536,0.0,2017.6661
nefer_04,145,0.5306,1.3447,1110.0056,952.875,0.0,2062.8806
nefer_04,146,0.543,1.3529,1126.3663,975.6523,0.0,2102.0186
nefer_04,147,0.5494,1.3627,1134.5766,987.4596,0.0,2122.0362
nefer_04,148,0.5579,1.3752,1145.5945,1003.5772,0.0,2149.1717
nefer_04,149,0.5696,1.3959,1160.2806,1025.5663,0.0,2185.8468
nefer_04,150,0.5834,1.4058,1177.576,1052.316,0.0,2229.8919
nefer_04,151,0.5979,1.4199,1195.0726,1080.4657,0.0,2275.5382
nefer_04,152,0.613,1.4378,1212.7068,1110.0765,0.0,2322.7833
nefer_04,153,0.629,1.4488,1230.7853,1141.8633,0.0,2372.6487
nefer_04,154,0.6448,1.4754,1247.8841,1173.4692,0.0,2421.3534
nefer_04,155,0.6598,1.4971,1261.8463,1200.6231,0.0,2462.4694
nefer_04,156,0.676,1.5118,1271.2954,1219.9368,0.0,2491.2322
nefer_04,157,0.692,1.5294,1282.9044,1245.0041,0.0,2527.9085
nefer_04,158,0.71,1.5452,1297.6169,1278.59,0.0,2576.207
nefer_04,159,0.729,1.5375,1309.912,1308.5203,0.0,2618.4323
nefer_04,160,0.7483,1.5497,1324.5852,1346.8134,0.0,2671.3987
nefer_04,161,0.7687,1.5571,1338.3644,1385.4707,0.0,2723.835
nefer_04,162,0.7893,1.5556,1351.1073,1424.1441,0.0,2775.2515
nefer_04,163,0.8119,1.5591,1362.3318,1461.0791,0.0,2823.4109
nefer_04,164,0.8348,1.543,1372.8,1498.8031,0.0,2871.6031
nefer_04,165,0.8591,1.536,1381.8751,1534.733,0.0,2916.6081
nefer_04,166,0.8844,1.5241,1389.7862,1569.4125,0.0,2959.1987
nefer_04,167,0.9117,1.502,1396.338,1601.4096,0.0,2997.7476
nefer_04,168,0.934,1.4922,1403.2921,1639.6453,0.0,3042.9374
nefer_04,169,0.9564,1.4796,1409.9179,1679.8554,0.0,3089.7733
nefer_04,170,0.9788,1.4831,1415.9175,1720.1039,0.0,3136.0214
nefer_04,171,1.0,1.4913,1421.6386,1762.5641,0.0,3184.2027
nefer_04,172,1.0,1.4974,1426.8533,1805.2097,0.0,3232.063
nefer_04,173,1.0133,1.4796,1432.0686,1847.8603,0.0,3279.929
nefer_04,174,1.0215,1.4455,1433.9956,1864.6116,0.0,3298.6072
nefer_04,175,1.0311,1.4356,1437.4667,1895.9568,0.0,3333.4235
nefer_04,176,1.0411,1.4283,1440.9267,1928.6252,0.0,3369.5519
nefer_04,177,1.0519,1.4083,1444.3726,1962.6989,0.0,3407.0716
nefer_04,178,1.0625,1.3983,1447.2636,1992.763,0.0,3440.0266
nefer_04,179,1.0747,1.3754,1450.9039,2032.433,0.1173,3483.4541
nefer_04,180,1.0866,1.3342,1453.677,2064.0428,0.6014,3518.3211
nefer_04,181,1.0997,1.309,1456.5914,2098.7712,1.5462,3556.9087
nefer_04,182,1.113,1.2704,1459.4169,2133.8065,3.3147,3596.5381
nefer_04,183,1.1294,1.2642,1461.3762,2158.5464,5.7528,3625.6754
nefer_04,184,1.1441,1.1635,1463.5291,2185.0837,11.5119,3660.1247
nefer_04,185,1.1588,1.166,1465.3059,2204.7477,20.4434,3690.497
nefer_04,186,1.1763,1.1293,1466.5676,2215.9485,31.0406,3713.5567
nefer_04,187,1.1866,1.0838,1467.8139,2222.9821,47.4189,3738.2149
nefer_04,188,1.1972,1.0792,1469.1317,2228.0624,68.3643,3765.5584
nefer_04,189,1.2083,1.0807,1470.2329,2230.6589,88.6571,3789.5489
nefer_04,190,1.2207,1.0024,1471.2345,2231.8495,109.4382,3812.5222
nefer_04,191,1.2354,1.0036,1472.1032,2232.1289,129.5589,3833.791
nefer_04,192,1.2504,0.9595,1472.5075,2232.1289,143.8279,3848.4643
nefer_04,193,1.2663,0.9013,1472.7102,2232.1289,159.5183,3864.3573
nefer_04,194,1.2807,0.8633,1472.7102,2232.1289,178.2808,3883.1198
nefer_04,195,1.2958,0.8464,1472.7102,2232.1289,193.2224,3898.0614
nefer_04,196,1.3136,0.7634,1472.7102,2232.1289,199.811,3904.65
nefer_04,197,1.3324,0.7356,1472.7102,2232.1289,199.811,3904.65
nefer_04,198,1.3491,0.6767,1472.7102,2232.1289,202.4839,3907.3229
nefer_04,199,1.3603,0.6767,1472.7102,2232.1289,206.0651,3910.9042
nefer_04,200,1.372,0.6536,1472.7102,2232.1289,217.881,3922.72
nefer_04,201,1.3813,0.6097,1472.7102,2232.1289,224.6884,3929.5274
nefer_04,202,1.3918,0.6075,1472.7102,2232.1289,231.9573,3936.7963
nefer_04,203,1.4057,0.5703,1472.7102,2232.1289,239.0182,3943.8572
nefer_04,204,1.4188,0.5038,1472.7102,2232.1289,241.6791,3946.5181
nefer_04,205,1.4298,0.4913,1472.7102,2232.1289,245.6418,3950.4808
nefer_04,206,1.4419,0.4627,1472.7102,2232.1289,249.5354,3954.3744
nefer_04,207,1.4558,0.4361,1472.7102,2232.1289,249.9326,3954.7716
nefer_04,208,1.4692,0.4081,1472.7102,2232.1289,249.9326,3954.7716
nefer_04,209,1.4833,0.3383,1472.7102,2232.1289,249.9326,3954.7716
nefer_04,210,1.498,0.3332,1472.7102,2232.1289,249.9326,3954.7716
nefer_04,211,1.5138,0.3032,1472.7102,2232.1289,249.9326,3954.7716
nefer_04,212,1.532,0.2694,1472.7102,2213.6022,267.5329,3953.8453
nefer_04,213,1.5513,0.2524,1472.7102,2195.0755,285.1333,3952.9189
nefer_04,214,1.5699,0.1991,1472.7102,2176.5489,302.7336,3951.9926
nefer_04,215,1.5872,0.1943,1472.7102,2158.0222,320.3339,3951.0663
nefer_04,216,1.605,0.1678,1472.7102,2139.4955,337.9343,3950.1399
nefer_04,217,1.624,0.1557,1472.7102,2120.9688,355.5346,3949.2136
nefer_04,218,1.6427,0.118,1472.7102,2102.4422,373.1349,3948.2873
nefer_04,219,1.6588,0.118,1472.7102,2083.9155,390.7353,3947.3609
nefer_04,220,1.6746,0.1046,1472.7102,2065.3888,408.3356,3946.4346
nefer_04,221,1.6925,0.096,1472.7102,2046.8622,425.936,3945.5083
nefer_04,222,1.712,0.0858,1472.7102,2028.3355,443.5363,3944.5819
nefer_04,223,1.7319,0.0778,1472.7102,2009.8088,461.1366,3943.6556
nefer_04,224,1.7498,0.0582,1472.7102,1991.2822,478.737,3942.7293
nefer_04,225,1.7655,0.0526,1472.7102,1972.7555,496.3373,3941.8029
nefer_04,226,1.7802,0.048,1472.7102,1954.2288,513.9376,3940.8766
nefer_04,227,1.7948,0.0355,1472.7102,1935.7022,531.538,3939.9503
nefer_04,228,1.812,0.0355,1472.7102,1917.1755,549.1383,3939.0239
nefer_04,229,1.8253,0.0278,1472.7102,1898.6488,566.7386,3938.0976
nefer_04,230,1.8389,0.0258,1472.7102,1880.1221,584.339,3937.1713
nefer_04,231,1.8519,0.0207,1472.7102,1861.5955,601.9393,3936.2449
nefer_04,232,1.8653,0.0173,1472.7102,1843.0688,619.5396,3935.3186
nefer_04,233,1.8806,0.0149,1472.7102,1824.5421,637.14,3934.3923
nefer_04,234,1.899,0.0116,1472.7102,1806.0155,654.7403,3933.4659
nefer_04,235,1.9152,0.0095,1472.7102,1787.4888,672.3407,3932.5396
nefer_04,236,1.9308,0.0053,1472.7102,1785.7031,674.0371,3932.4503
nefer_04,237,1.9479,0.0047,1472.7102,1785.7031,674.0371,3932.4503
nefer_04,238,1.9622,0.0007,1472.7102,1785.7031,674.0371,3932.4503
nefer_04,239,1.9778,0.0007,1472.7102,1785.7031,674.0371,3932.4503
nefer_04,240,1.9958,0.0001,1472.7102,1785.7031,674.0371,3932.4503
nefer_04,241,2.0,0.0,1472.7102,1785.7031,674.0371,3932.4503
nefer_04,242,2.0,0.0,1472.7102,1785.7031,674.0371,3932.4503
nefer_04,243,2.0,0.0,1472.7102,1785.7031,674.0371,3932.4503
nefer_04,244,2.0,0.0,1472.7102,1785.7031,674.0371,3932.4503
nefer_04,245,2.0,0.0,1472.7102,1785.7031,674.0371,3932.4503
nefer_04,246,2.0,0.0,1472.7102,1785.7031,674.0371,3932.4503
nefer_04,247,2.0,0.0,1472.7102,1785.7031,674.0371,3932.4503
nefer_04,248,2.0,0.0,1472.7102,1785.7031,674.0371,3932.4503
nefer_04,249,2.0,0.0,1472.7102,1785.7031,674.0371,3932.4503
nefer_04,250,2.0,0.0,1472.7102,1785.7031,674.0371,3932.4503
nefer_04,251,2.0,0.0,1472.7102,1785.7031,674.0371,3932.4503
nefer_04,252,2.0,0.0,1472.7102,1785.7031,674.0371,3932.4503
nefer_04,253,2.0,0.0,1472.7102,1785.7031,674.0371,3932.4503
nefer_04,254,2.0,0.0,1472.7102,1785.7031,674.0371,3932.4503
nefer_04,255,2.0,0.0,1472.7102,1785.7031,674.0371,3932.4503
nefer_04,256,2.0,0.0,1472.7102,1785.7031,674.0371,3932.4503
nefer_04,257,2.0,0.0,1472.7102,1785.7031,674.0371,3932.4503
nefer_04,258,2.0,0.0,1472.7102,1785.7031,674.0371,3932.4503
nefer_04,259,2.0,0.0,1472.7102,1785.7031,674.0371,3932.4503
nefer_04,260,2.0,0.0,1472.7102,1785.7031,674.0371,3932.4503
nefer_04,261,2.0,0.0,1472.7102,1785.7031,674.0371,3932.4503
nefer_04,262,2.0,0.0,1472.7102,1785.7031,674.0371,3932.4503
nefer_04,263,2.0,0.0,1472.7102,1785.7031,674.0371,3932.4503
nefer_04,264,2.0,0.0,1472.7102,1785.7031,674.0371,3932.4503
nefer_04,265,2.0,0.0,1472.7102,1785.7031,674.0371,3932.4503
nefer_04,266,2.0,0.0,1472.7102,1785.7031,674.0371,3932.4503
nefer_04,267,2.0,0.0,1472.7102,1785.7031,674.0371,3932.4503
nefer_04,268,2.0,0.0,1472.7102,1785.7031,674.0371,3932.4503
nefer_04,269,2.0,0.0,1472.7102,1785.7031,674.0371,3932.4503
nefer_04,270,2.0,0.0,1472.7102,1785.7031,674.0371,3932.4503
nefer_04,271,2.0,0.0,1472.7102,1785.7031,674.0371,3932.4503
nefer_04,272,2.0,0.0,1472.7102,1785.7031,674.0371,3932.4503
nefer_04,273,2.0,0.0,1472.7102,1785.7031,674.0371,3932.4503
nefer_04,274,2.0,0.0,1472.7102,1785.7031,674.0371,3932.4503
nefer_04,275,2.0,0.0,1472.7102,1785.7031,674.0371,3932.4503
nefer_04,276,2.0,0.0,1472.7102,1785.7031,674.0371,3932.4503
nefer_04,277,2.0,0.0,1472.7102,1785.7031,674.0371,3932.4503
nefer_04,278,2.0,0.0,1472.7102,1785.7031,674.0371,3932.4503
nefer_04,279,2.0,0.0,1472.7102,1785.7031,674.0371,3932.4503
nefer_04,280,2.0,0.0,1472.7102,1785.7031,674.0371,3932.4503
nefer_04,281,2.0,0.0,1472.7102,1785.7031,674.0371,3932.4503
nefer_04,282,2.0,0.0,1472.7102,1785.7031,674.0371,3932.4503
nefer_04,283,2.0,0.0,1472.7102,1785.7031,674.0371,3932.4503
nefer_04,284,2.0,0.0,1472.7102,1785.7031,674.0371,3932.4503
nefer_04,285,2.0,0.0,1472.7102,1785.7031,674.0371,3932.4503
nefer_04,286,2.0,0.0,1472.7102,1785.7031,674.0371,3932.4503
nefer_04,287,2.0,0.0,1472.7102,1785.7031,674.0371,3932.4503
nefer_04,288,2.0,0.0,1472.7102,1785.7031,674.0371,3932.4503
nefer_04,289,2.0,0.0,1472.7102,1785.7031,674.0371,3932.4503
nefer_04,290,2.0,0.0,1472.7102,1785.7031,674.0371,3932.4503
nefer_04,291,2.0,0.0,1472.7102,1785.7031,674.0371,3932.4503
nefer_04,292,2.0,0.0,1472.7102,1785.7031,674.0371,3932.4503
nefer_04,293,2.0,0.0,1472.7102,1785.7031,674.0371,3932.4503
nefer_04,294,2.0,0.0,1472.7102,1785.7031,674.0371,3932.4503
nefer_04,295,2.0,0.0,1472.7102,1785.7031,674.0371,3932.4503
nefer_04,296,2.0,0.0,1472.7102,1785.7031,674.0371,3932.4503
nefer_04,297,2.0,0.0,1472.7102,1785.7031,674.0371,3932.4503
nefer_04,298,2.0,0.0,1472.7102,1785.7031,674.0371,3932.4503
nefer_04,299,2.0,0.0,1472.7102,1785.7031,674.0371,3932.4503
nefer_04,300,2.0,0.0,1472.7102,1785.7031,674.0371,3932.4503
nefer_04,301,2.0,0.0,1472.7102,1785.7031,674.0371,3932.4503
nefer_04,302,2.0,0.0,1472.7102,1785.7031,674.0371,3932.4503
nefer_04,303,2.0,0.0,1472.7102,1785.7031,674.0371,3932.4503
nefer_04,304,2.0,0.0,1472.7102,1785.7031,674.0371,3932.4503
nefer_04,305,2.0,0.0,1472.7102,1785.7031,674.0371,3932.4503
nefer_04,306,2.0,0.0,1472.7102,1785.7031,674.0371,3932.4503
nefer_04,307,2.0,0.0,1472.7102,1785.7031,674.0371,3932.4503
nefer_04,308,2.0,0.0,1472.7102,1785.7031,674.0371,3932.4503
nefer_04,309,2.0,0.0,1472.7102,1785.7031,674.0371,3932.4503
nefer_04,310,2.0,0.0,1472.7102,1785.7031,674.0371,3932.4503
nefer_04,311,2.0,0.0,1472.7102,1785.7031,674.0371,3932.4503
nefer_04,312,2.0,0.0,1472.7102,1785.7031,674.0371,3932.4503
nefer_04,313,2.0,0.0,1472.7102,1785.7031,674.0371,3932.4503
nefer_04,314,2.0,0.0,1472.7102,1785.7031,674.0371,3932.4503
nefer_04,315,2.0,0.0,1472.7102,1785.7031,674.0371,3932.4503
nefer_04,316,2.0,0.0,1472.7102,1785.7031,674.0371,3932.4503
nefer_04,317,2.0,0.0,1472.7102,1785.7031,674.0371,3932.4503
nefer_04,318,2.0,0.0,1472.7102,1785.7031,674.0371,3932.4503
nefer_04,319,2.0,0.0,1472.7102,1785.7031,674.0371,3932.4503
nefer_04,320,2.0,0.0,1472.7102,1785.7031,674.0371,3932.4503
nefer_04,321,2.0,0.0,1472.7102,1785.7031,674.0371,3932.4503
nefer_04,322,2.0,0.0,1472.7102,1785.7031,674.0371,3932.4503
nefer_04,323,2.0,0.0,1472.7102,1785.7031,674.0371,3932.4503
nefer_04,324,2.0,0.0,1472.7102,1785.7031,674.0371,3932.4503
nefer_04,325,2.0,0.0,1472.7102,1785.7031,674.0371,3932.4503
nefer_04,326,2.0,0.0,1472.7102,1785.7031,674.0371,3932.4503
nefer_04,327,2.0,0.0,1472.7102,1785.7031,674.0371,3932.4503
nefer_04,328,2.0,0.0,1472.7102,1785.7031,674.0371,3932.4503
nefer_04,329,2.0,0.0,1472.7102,1785.7031,674.0371,3932.4503
nefer_04,330,2.0,0.0,1472.7102,1785.7031,674.0371,3932.4503
nefer_04,331,2.0,0.0,1472.7102,1785.7031,674.0371,3932.4503
nefer_04,332,2.0,0.0,1472.7102,1785.7031,674.0371,3932.4503
nefer_04,333,2.0,0.0,1472.7102,1785.7031,674.0371,3932.4503
nefer_04,334,2.0,0.0,1472.7102,1785.7031,674.0371,3932.4503
nefer_04,335,2.0,0.0,1472.7102,1785.7031,674.0371,3932.4503
nefer_04,336,2.0,0.0,1472.7102,1785.7031,674.0371,3932.4503
nefer_04,337,2.0,0.0,1472.7102,1785.7031,674.0371,3932.4503
nefer_04,338,2.0,0.0,1472.7102,1785.7031,674.0371,3932.4503
nefer_04,339,2.0,0.0,1472.7102,1785.7031,674.0371,3932.4503
nefer_04,340,2.0,0.0,1472.7102,1785.7031,674.0371,3932.4503
nefer_04,341,2.0,0.0,1472.7102,1785.7031,674.0371,3932.4503
nefer_04,342,2.0,0.0,1472.7102,1785.7031,674.0371,3932.4503
nefer_04,343,2.0,0.0,1472.7102,1785.7031,674.0371,3932.4503
nefer_04,344,2.0,0.0,1472.7102,1785.7031,674.0371,3932.4503
nefer_04,345,2.0,0.0,1472.7102,1785.7031,674.0371,3932.4503
nefer_04,346,2.0,0.0,1472.7102,1785.7031,674.0371,3932.4503
nefer_04,347,2.0,0.0,1472.7102,1785.7031,674.0371,3932.4503
nefer_04,348,2.0,0.0,1472.7102,1785.7031,674.0371,3932.4503
nefer_04,349,2.0,0.0,1472.7102,1785.7031,674.0371,3932.4503
nefer_04,350,2.0,0.0,1472.7102,1785.7031,674.0371,3932.4503
nefer_04,351,2.0,0.0,1472.7102,1785.7031,674.0371,3932.4503
nefer_04,352,2.0,0.0,1472.7102,1785.7031,674.0371,3932.4503
nefer_04,353,2.0,0.0,1472.7102,1785.7031,674.0371,3932.4503
nefer_04,354,2.0,0.0,1472.7102,1785.7031,674.0371,3932.4503
nefer_04,355,2.0,0.0,1472.7102,1785.7031,674.0371,3932.4503
nefer_04,356,2.0,0.0,1472.7102,1785.7031,674.0371,3932.4503
nefer_04,357,2.0,0.0,1472.7102,1785.7031,674.0371,3932.4503
nefer_04,358,2.0,0.0,1472.7102,1785.7031,674.0371,3932.4503
nefer_04,359,2.0,0.0,1472.7102,1785.7031,674.0371,3932.4503
nefer_04,360,2.0,0.0,1472.7102,1785.7031,674.0371,3932.4503
nefer_04,361,2.0,0.0,1472.7102,1785.7031,674.0371,3932.4503
nefer_04,362,2.0,0.0,1472.7102,1785.7031,674.0371,3932.4503
nefer_04,363,2.0,0.0,1472.7102,1785.7031,674.0371,3932.4503
nefer_04,364,2.0,0.0,1472.7102,1785.7031,674.0371,3932.4503
nefer_05,0,-0.1,0.2319,144.9397,105.0603,0.0,250.0
nefer_05,1,0.0,0.2319,144.9397,105.0603,0.0,250.0
nefer_05,2,0.0,0.2419,151.1648,109.5725,0.0,260.7373
nefer_05,3,0.0,0.2472,154.4993,111.9896,0.0,266.4889
nefer_05,4,0.0,0.2519,157.4343,114.117,0.0,271.5513
nefer_05,5,0.0,0.2605,162.8051,118.01,0.0,280.8151
nefer_05,6,0.0,0.2693,168.284,121.9815,0.0,290.2655
nefer_05,7,0.0,0.2798,174.8983,126.7758,0.0,301.6741
nefer_05,8,0.0,0.2879,179.96,130.4448,0.0,310.4048
nefer_05,9,0.0,0.2945,184.042,133.4037,0.0,317.4457
nefer_05,10,0.0,0.3038,189.9058,137.6541,0.0,327.56
nefer_05,11,0.0,0.311,194.3586,140.8818,0.0,335.2404
nefer_05,12,0.0,0.3186,199.0952,144.3151,0.0,343.4103
nefer_05,13,0.0,0.3236,202.223,146.5823,0.0,348.8053
nefer_05,14,0.0,0.3277,204.8266,148.4695,0.0,353.2961
nefer_05,15,0.0001,0.3401,212.5365,154.0581,0.0,366.5945
nefer_05,16,0.0003,0.3499,218.6773,158.5095,0.0,377.1867
nefer_05,17,0.0005,0.3539,221.1611,160.31,0.0,381.4712
nefer_05,18,0.0007,0.3601,225.0871,163.1563,0.0,388.2435
nefer_05,19,0.0011,0.3724,232.7471,168.7102,0.0,401.4572
nefer_05,20,0.0014,0.3788,236.7704,171.6276,0.0,408.398
nefer_05,21,0.0017,0.3864,241.5282,175.078,0.0,416.6062
nefer_05,22,0.0021,0.3945,246.5673,178.7328,0.0,425.3001
nefer_05,23,0.0027,0.4042,252.6484,183.1441,0.0,435.7925
nefer_05,24,0.0035,0.4116,257.2539,186.4857,0.0,443.7395
nefer_05,25,0.0045,0.422,263.7808,191.2227,0.0,455.0034
nefer_05,26,0.0057,0.4296,268.4719,194.6285,0.0,463.1004
nefer_05,27,0.007,0.4431,276.9184,200.7634,0.0,477.6818
nefer_05,28,0.0078,0.4512,281.9711,204.4351,0.0,486.4062
nefer_05,29,0.0087,0.4555,284.681,206.4049,0.0,491.0858
nefer_05,30,0.0096,0.4589,286.7865,207.9358,0.0,494.7223
nefer_05,31,0.0104,0.4663,291.4551,211.3314,0.0,502.7865
nefer_05,32,0.0112,0.4713,294.5476,213.5814,0.0,508.129
nefer_05,33,0.012,0.4785,299.0834,216.8824,0.0,515.9658
nefer_05,34,0.0131,0.486,303.7602,220.2871,0.0,524.0473
nefer_05,35,0.0138,0.4907,306.6643,222.4021,0.0,529.0664
nefer_05,36,0.0147,0.497,310.6308,225.2917,0.0,535.9226
nefer_05,37,0.0162,0.5046,315.3875,228.758,0.0,544.1455
nefer_05,38,0.0178,0.5118,319.8482,232.0104,0.0,551.8586
nefer_05,39,0.0188,0.5141,321.3183,233.0829,0.0,554.4012
nefer_05,40,0.0196,0.5166,322.8699,234.2154,0.0,557.0853
nefer_05,41,0.0197,0.5166,322.8699,234.2154,0.0,557.0853
nefer_05,42,0.0198,0.5166,322.8699,234.2154,0.0,557.0853
nefer_05,43,0.0199,0.5166,322.8699,234.2154,0.0,557.0853
nefer_05,44,0.0201,0.5166,322.8699,234.2154,0.0,557.0853
nefer_05,45,0.0206,0.5166,322.8699,234.2154,0.0,557.0853
nefer_05,46,0.0206,0.5166,322.8699,234.2154,0.0,557.0853
nefer_05,47,0.0206,0.5166,322.8699,234.2154,0.0,557.0853
nefer_05,48,0.0206,0.5166,322.8699,234.2154,0.0,557.0853
nefer_05,49,0.0224,0.5166,322.8699,234.2154,0.0,557.0853
nefer_05,50,0.024,0.5166,322.8699,234.2154,0.0,557.0853
nefer_05,51,0.0258,0.5166,322.8699,234.2154,0.0,557.0853
nefer_05,52,0.0284,0.5166,322.8699,234.2154,0.0,557.0853
nefer_05,53,0.0321,0.5177,323.5325,234.7008,0.0,558.2333
nefer_05,54,0.0355,0.5223,326.4418,236.8352,0.0,563.277
nefer_05,55,0.0381,0.5318,332.3921,241.2068,0.0,573.5989
nefer_05,56,0.0411,0.5423,338.9261,246.0124,0.0,584.9385
nefer_05,57,0.0442,0.5477,342.3235,248.5143,0.0,590.8378
nefer_05,58,0.0477,0.5579,348.6927,253.2108,0.0,601.9035
nefer_05,59,0.0513,0.5703,356.4507,258.9399,0.0,615.3906
nefer_05,60,0.0549,0.5814,363.3842,264.0682,0.0,627.4524
nefer_05,61,0.0583,0.5887,367.9207,267.4289,0.0,635.3496
nefer_05,62,0.0629,0.6045,377.8418,274.7902,0.0,652.632
nefer_05,63,0.0667,0.6178,386.1281,280.9516,0.0,667.0797
nefer_05,64,0.0702,0.6302,393.8922,286.7352,0.0,680.6274
nefer_05,65,0.0746,0.6418,401.1323,292.1371,0.0,693.2694
nefer_05,66,0.0786,0.6545,409.05,298.0575,0.0,707.1076
nefer_05,67,0.0822,0.6641,415.0613,302.5611,0.0,717.6225
nefer_05,68,0.0858,0.6771,423.2024,308.6715,0.0,731.8739
nefer_05,69,0.0894,0.6899,431.1921,314.6794,0.0,745.8715
nefer_05,70,0.0936,0.7061,441.3428,322.3264,0.0,763.6692
nefer_05,71,0.0983,0.7231,451.9608,330.3436,0.0,782.3044
nefer_05,72,0.1034,0.7301,456.3127,333.6379,0.0,789.9507
nefer_05,73,0.1082,0.7423,463.9355,339.4243,0.0,803.3597
nefer_05,74,0.1119,0.7516,469.7393,343.8419,0.0,813.5812
nefer_05,75,0.1143,0.761,475.6031,348.3147,0.0,823.9178
nefer_05,76,0.1148,0.7624,476.5188,349.0141,0.0,825.533
nefer_05,77,0.115,0.7625,476.5543,349.0412,0.0,825.5955
nefer_05,78,0.115,0.7625,476.5543,349.0412,0.0,825.5955
nefer_05,79,0.115,0.7625,476.5543,349.0412,0.0,825.5955
nefer_05,80,0.115,0.7625,476.5543,349.0412,0.0,825.5955
nefer_05,81,0.1156,0.7625,476.5543,349.0412,0.0,825.5955
nefer_05,82,0.1163,0.7625,476.5543,349.0412,0.0,825.5955
nefer_05,83,0.1176,0.7625,476.5543,349.0412,0.0,825.5955
nefer_05,84,0.1187,0.7625,476.5543,349.0412,0.0,825.5955
nefer_05,85,0.1201,0.7625,476.5543,349.0412,0.0,825.5955
nefer_05,86,0.122,0.7625,476.5543,349.0412,0.0,825.5955
nefer_05,87,0.1249,0.7625,476.5543,349.0412,0.0,825.5955
nefer_05,88,0.1286,0.7625,476.5543,349.0412,0.0,825.5955
nefer_05,89,0.1332,0.7625,476.5543,349.0412,0.0,825.5955
nefer_05,90,0.1371,0.7652,478.2731,350.3694,0.0,828.6425
nefer_05,91,0.1412,0.7747,484.164,354.9328,0.0,839.0968
nefer_05,92,0.1458,0.7826,489.1159,358.7791,0.0,847.895
nefer_05,93,0.1496,0.7978,498.6422,366.2013,0.0,864.8435
nefer_05,94,0.1542,0.8156,509.7262,374.8591,0.0,884.5853
nefer_05,95,0.1609,0.8377,523.5842,385.7188,0.0,909.303
nefer_05,96,0.1667,0.8509,531.7929,392.1818,0.0,923.9747
nefer_05,97,0.1718,0.8715,544.7105,402.3956,0.0,947.1061
nefer_05,98,0.1793,0.8893,555.7828,411.1836,0.0,966.9665
nefer_05,99,0.1853,0.9127,570.4299,422.8751,0.0,993.305
nefer_05,100,0.1921,0.9395,587.17,436.3006,0.0,1023.4706
nefer_05,101,0.1981,0.9521,595.0522,442.6569,0.0,1037.7091
nefer_05,102,0.2021,0.9631,601.9178,448.2212,0.0,1050.139
nefer_05,103,0.2079,0.9867,616.6644,460.2136,0.0,1076.8781
nefer_05,104,0.2141,1.0109,631.8256,472.6048,0.0,1104.4304
nefer_05,105,0.2195,1.0248,640.5306,479.7587,0.0,1120.2894
nefer_05,106,0.2258,1.045,653.1079,490.1451,0.0,1143.253
nefer_05,107,0.2334,1.075,671.8655,505.7273,0.0,1177.5928
nefer_05,108,0.2403,1.0982,686.3961,517.8852,0.0,1204.2813
nefer_05,109,0.2467,1.1171,698.1795,527.8114,0.0,1225.9909
nefer_05,110,0.2533,0.7932,713.1718,540.523,0.0,1253.6948
nefer_05,111,0.2607,0.8117,724.7161,550.3791,0.0,1275.0952
nefer_05,112,0.2686,0.8294,735.8111,559.9263,0.0,1295.7374
nefer_05,113,0.2764,0.8511,749.348,571.6762,0.0,1321.0242
nefer_05,114,0.2864,0.8737,763.5013,584.0706,0.0,1347.5719
nefer_05,115,0.297,0.8937,775.9991,595.1445,0.0,1371.1436
nefer_05,116,0.3097,0.9263,796.3293,613.3915,0.0,1409.7208
nefer_05,117,0.3176,0.949,810.5345,626.3485,0.0,1436.883
nefer_05,118,0.3264,0.9682,822.51,637.3868,0.0,1459.8968
nefer_05,119,0.335,0.9874,834.5166,648.588,0.0,1483.1046
nefer_05,120,0.3415,1.0053,845.7164,659.1637,0.0,1504.8801
nefer_05,121,0.3485,1.0256,858.4141,671.2672,0.0,1529.6813
nefer_05,122,0.354,1.0419,868.617,681.0932,0.0,1549.7101
nefer_05,123,0.3598,1.0591,879.3763,691.5419,0.0,1570.9182
nefer_05,124,0.3675,1.0812,893.1687,705.0569,0.0,1598.2256
nefer_05,125,0.3761,1.104,907.4234,719.1961,0.0,1626.6195
nefer_05,126,0.3858,1.128,922.3875,734.248,0.0,1656.6355
nefer_05,127,0.3969,1.1594,942.0417,754.3409,0.0,1696.3826
nefer_05,128,0.4073,1.1859,960.4768,773.5525,0.0,1734.0293
nefer_05,129,0.416,1.2102,975.663,789.677,0.0,1765.34
nefer_05,130,0.425,1.2276,989.3292,804.4252,0.0,1793.7544
nefer_05,131,0.4298,1.2325,996.9245,812.7628,0.0,1809.6874
nefer_05,132,0.4327,1.2395,1001.2577,817.5637,0.0,1818.8215
nefer_05,133,0.4358,1.247,1005.9871,822.8338,0.0,1828.8209
nefer_05,134,0.4393,1.2408,1011.3152,828.8082,0.0,1840.1235
nefer_05,135,0.4436,1.2478,1015.677,833.7328,0.0,1849.4098
nefer_05,136,0.4489,1.2542,1019.6796,838.2913,0.0,1857.9709
nefer_05,137,0.4544,1.2549,1021.5794,840.4789,0.0,1862.0582
nefer_05,138,0.4626,1.2506,1025.3189,844.8342,0.0,1870.1531
nefer_05,139,0.4724,1.2542,1031.9177,852.6561,0.0,1884.5737
nefer_05,140,0.4816,1.2586,1041.602,864.3831,0.0,1905.9851
nefer_05,141,0.4899,1.2775,1053.4199,878.9915,0.0,1932.4113
nefer_05,142,0.4975,1.2901,1064.6819,893.1804,0.0,1957.8624
nefer_05,143,0.5052,1.2932,1074.727,906.0658,0.0,1980.7928
nefer_05,144,0.5166,1.3188,1090.7125,926.9536,0.0,2017.6661
nefer_05,145,0.5306,1.3447,1110.0056,952.875,0.0,2062.8806
nefer_05,146,0.543,1.3529,1126.3663,975.6523,0.0,2102.0186
nefer_05,147,0.5494,1.3627,1134.5766,987.4596,0.0,2122.0362
nefer_05,148,0.5579,1.3752,1145.5945,1003.5772,0.0,2149.1717
nefer_05,149,0.5696,1.3959,1160.2806,1025.5663,0.0,2185.8468
nefer_05,150,0.5834,1.4058,1177.576,1052.316,0.0,2229.8919
nefer_05,151,0.5979,1.4199,1195.0726,1080.4657,0.0,2275.5382
nefer_05,152,0.613,1.4378,1212.7068,1110.0765,0.0,2322.7833
nefer_05,153,0.629,1.4488,1230.7853,1141.8633,0.0,2372.6487
nefer_05,154,0.6448,1.4754,1247.8841,1173.4692,0.0,2421.3534
nefer_05,155,0.6598,1.4971,1261.8463,1200.6231,0.0,2462.4694
nefer_05,156,0.676,1.5118,1271.2954,1219.9368,0.0,2491.2322
nefer_05,157,0.692,1.5294,1282.9044,1245.0041,0.0,2527.9085
nefer_05,158,0.71,1.5452,1297.6169,1278.59,0.0,2576.207
nefer_05,159,0.729,1.5375,1309.912,1308.5203,0.0,2618.4323
nefer_05,160,0.7483,1.5497,1324.5852,1346.8134,0.0,2671.3987
nefer_05,161,0.7687,1.5571,1338.3644,1385.4707,0.0,2723.835
nefer_05,162,0.7893,1.5556,1351.1073,1424.1441,0.0,2775.2515
nefer_05,163,0.8119,1.5591,1362.3318,1461.0791,0.0,2823.4109
nefer_05,164,0.8348,1.543,1372.8,1498.8031,0.0,2871.6031
nefer_05,165,0.8591,1.536,1381.8751,1534.733,0.0,2916.6081
nefer_05,166,0.8844,1.5241,1389.7862,1569.4125,0.0,2959.1987
nefer_05,167,0.9117,1.502,1396.338,1601.4096,0.0,2997.7476
nefer_05,168,0.934,1.4922,1403.2921,1639.6453,0.0,3042.9374
nefer_05,169,0.9564,1.4796,1409.9179,1679.8554,0.0,3089.7733
nefer_05,170,0.9788,1.4831,1415.9175,1720.1039,0.0,3136.0214
nefer_05,171,1.0,1.4951,1424.2615,1782.03,0.0,3206.2915
nefer_05,172,1.0,1.5076,1433.9412,1861.1902,0.0,3295.1314
nefer_05,173,1.0133,1.4989,1445.5288,1955.953,0.0,3401.4818
nefer_05,174,1.0215,1.4688,1449.5134,1990.5928,0.0,3440.1062
nefer_05,175,1.0311,1.4677,1459.4946,2080.7261,0.0,3540.2207
nefer_05,176,1.0411,1.4718,1470.1838,2181.6504,0.0,3651.8342
nefer_05,177,1.0519,1.4647,1480.0754,2279.4585,0.0,3759.5339
nefer_05,178,1.0625,1.4604,1488.0155,2362.0313,0.0,3850.0469
nefer_05,179,1.0747,1.4539,1499.2926,2484.9218,0.3633,3984.5777
nefer_05,180,1.0866,1.4248,1506.6251,2568.5023,1.6433,4076.7707
nefer_05,181,1.0997,1.4029,1515.5698,2675.0908,4.5431,4195.2037
nefer_05,182,1.113,1.3798,1526.3196,2808.3828,11.2713,4345.9737
nefer_05,183,1.1294,1.3729,1535.7525,2927.4924,23.0095,4486.2544
nefer_05,184,1.1441,1.3134,1544.8283,3039.363,47.2877,4631.479
nefer_05,185,1.1588,1.301,1553.1188,3131.1147,88.9621,4773.1955
nefer_05,186,1.1763,1.2745,1560.166,3193.6747,148.1509,4901.9917
nefer_05,187,1.1866,1.2365,1564.7159,3219.3521,207.9431,4992.0111
nefer_05,188,1.1972,1.2249,1570.8119,3242.8536,304.8355,5118.501
nefer_05,189,1.2083,1.2303,1574.7784,3252.2066,377.9323,5204.9173
nefer_05,190,1.2207,1.1793,1577.8284,3255.8318,441.2105,5274.8708
nefer_05,191,1.2354,1.1659,1582.0741,3257.1973,539.5458,5378.8171
nefer_05,192,1.2504,1.1311,1583.8063,3257.1973,600.6858,5441.6893
nefer_05,193,1.2663,1.0789,1585.0279,3257.1973,695.2758,5537.501
nefer_05,194,1.2807,1.0341,1585.0279,3257.1973,806.5219,5648.7471
nefer_05,195,1.2958,1.0101,1585.0279,3257.1973,906.658,5748.8832
nefer_05,196,1.3136,0.9492,1585.0279,3257.1973,1005.9486,5848.1738
nefer_05,197,1.3324,0.903,1585.0279,3257.1973,1092.1623,5934.3875
nefer_05,198,1.3491,0.8544,1585.0279,3257.1973,1150.4374,5992.6626
nefer_05,199,1.3603,0.8454,1585.0279,3257.1973,1174.4269,6016.6521
nefer_05,200,1.372,0.8194,1585.0279,3257.1973,1255.0272,6097.2524
nefer_05,201,1.3813,0.7818,1585.0279,3257.1973,1313.9571,6156.1823
nefer_05,202,1.3918,0.7659,1585.0279,3257.1973,1376.4486,6218.6738
nefer_05,203,1.4057,0.7398,1585.0279,3257.1973,1452.2264,6294.4516
nefer_05,204,1.4188,0.6811,1585.0279,3257.1973,1486.2549,6328.4801
nefer_05,205,1.4298,0.652,1585.0279,3257.1973,1540.0031,6382.2283
nefer_05,206,1.4419,0.6289,1585.0279,3257.1973,1590.4134,6432.6386
nefer_05,207,1.4558,0.6012,1585.0279,3257.1973,1638.6051,6480.8303
nefer_05,208,1.4692,0.5735,1585.0279,3257.1973,1649.9744,6492.1996
nefer_05,209,1.4833,0.5154,1585.0279,3257.1973,1682.6223,6524.8475
nefer_05,210,1.498,0.4912,1585.0279,3257.1973,1701.6828,6543.908
nefer_05,211,1.5138,0.4697,1585.0279,3257.1973,1727.648,6569.8732
nefer_05,212,1.532,0.4362,1585.0279,3230.1626,1767.2589,6582.4494
nefer_05,213,1.5513,0.4145,1585.0279,3203.1278,1797.445,6585.6007
nefer_05,214,1.5699,0.3718,1585.0279,3176.0931,1825.1556,6586.2766
nefer_05,215,1.5872,0.3527,1585.0279,3149.0583,1856.3117,6590.3979
nefer_05,216,1.605,0.3334,1585.0279,3122.0236,1884.7008,6591.7523
nefer_05,217,1.624,0.3168,1585.0279,3094.9889,1910.3838,6590.4005
nefer_05,218,1.6427,0.2868,1585.0279,3067.9541,1936.0668,6589.0488
nefer_05,219,1.6588,0.2763,1585.0279,3040.9194,1961.7498,6587.6971
nefer_05,220,1.6746,0.2667,1585.0279,3013.8847,1987.4906,6586.4031
nefer_05,221,1.6925,0.2565,1585.0279,2986.8499,2013.1736,6585.0514
nefer_05,222,1.712,0.2469,1585.0279,2959.8152,2038.8566,6583.6997
nefer_05,223,1.7319,0.2382,1585.0279,2932.7804,2064.5396,6582.3479
nefer_05,224,1.7498,0.2116,1585.0279,2905.7457,2090.2226,6580.9962
nefer_05,225,1.7655,0.1895,1585.0279,2878.711,2115.9056,6579.6444
nefer_05,226,1.7802,0.1755,1585.0279,2851.6762,2141.5886,6578.2927
nefer_05,227,1.7948,0.1457,1585.0279,2824.6415,2167.2716,6576.941
nefer_05,228,1.812,0.1351,1585.0279,2797.6068,2192.9546,6575.5892
nefer_05,229,1.8253,0.119,1585.0279,2770.572,2218.6376,6574.2375
nefer_05,230,1.8389,0.1088,1585.0279,2743.5373,2244.3206,6572.8858
nefer_05,231,1.8519,0.0961,1585.0279,2716.5025,2270.0036,6571.534
nefer_05,232,1.8653,0.081,1585.0279,2689.4678,2295.6866,6570.1823
nefer_05,233,1.8806,0.0679,1585.0279,2662.4331,2321.3696,6568.8306
nefer_05,234,1.899,0.0552,1585.0279,2635.3983,2347.0526,6567.4788
nefer_05,235,1.9152,0.0437,1585.0279,2608.3636,2372.7356,6566.1271
nefer_05,236,1.9308,0.0277,1585.0279,2605.7578,2375.211,6565.9968
nefer_05,237,1.9479,0.0194,1585.0279,2605.7578,2375.211,6565.9968
nefer_05,238,1.9622,0.0098,1585.0279,2605.7578,2375.211,6565.9968
nefer_05,239,1.9778,0.004,1585.0279,2605.7578,2375.211,6565.9968
nefer_05,240,1.9958,0.0017,1585.0279,2605.7578,2375.211,6565.9968
nefer_05,241,2.0,0.0,1585.0279,2605.7578,2375.211,6565.9968
nefer_05,242,2.0,0.0,1585.0279,2605.7578,2375.211,6565.9968
nefer_05,243,2.0,0.0,1585.0279,2605.7578,2375.211,6565.9968
nefer_05,244,2.0,0.0,1585.0279,2605.7578,2375.211,6565.9968
nefer_05,245,2.0,0.0,1585.0279,2605.7578,2375.211,6565.9968
nefer_05,246,2.0,0.0,1585.0279,2605.7578,2375.211,6565.9968
nefer_05,247,2.0,0.0,1585.0279,2605.7578,2375.211,6565.9968
nefer_05,248,2.0,0.0,1585.0279,2605.7578,2375.211,6565.9968
nefer_05,249,2.0,0.0,1585.0279,2605.7578,2375.211,6565.9968
nefer_05,250,2.0,0.0,1585.0279,2605.7578,2375.211,6565.9968
nefer_05,251,2.0,0.0,1585.0279,2605.7578,2375.211,6565.9968
nefer_05,252,2.0,0.0,1585.0279,2605.7578,2375.211,6565.9968
nefer_05,253,2.0,0.0,1585.0279,2605.7578,2375.211,6565.9968
nefer_05,254,2.0,0.0,1585.0279,2605.7578,2375.211,6565.9968
nefer_05,255,2.0,0.0,1585.0279,2605.7578,2375.211,6565.9968
nefer_05,256,2.0,0.0,1585.0279,2605.7578,2375.211,6565.9968
nefer_05,257,2.0,0.0,1585.0279,2605.7578,2375.211,6565.9968
nefer_05,258,2.0,0.0,1585.0279,2605.7578,2375.211,6565.9968
nefer_05,259,2.0,0.0,1585.0279,2605.7578,2375.211,6565.9968
nefer_05,260,2.0,0.0,1585.0279,2605.7578,2375.211,6565.9968
nefer_05,261,2.0,0.0,1585.0279,2605.7578,2375.211,6565.9968
nefer_05,262,2.0,0.0,1585.0279,2605.7578,2375.211,6565.9968
nefer_05,263,2.0,0.0,1585.0279,2605.7578,2375.211,6565.9968
nefer_05,264,2.0,0.0,1585.0279,2605.7578,2375.211,6565.9968
nefer_05,265,2.0,0.0,1585.0279,2605.7578,2375.211,6565.9968
nefer_05,266,2.0,0.0,1585.0279,2605.7578,2375.211,6565.9968
nefer_05,267,2.0,0.0,1585.0279,2605.7578,2375.211,6565.9968
nefer_05,268,2.0,0.0,1585.0279,2605.7578,2375.211,6565.9968
nefer_05,269,2.0,0.0,1585.0279,2605.7578,2375.211,6565.9968
nefer_05,270,2.0,0.0,1585.0279,2605.7578,2375.211,6565.9968
nefer_05,271,2.0,0.0,1585.0279,2605.7578,2375.211,6565.9968
nefer_05,272,2.0,0.0,1585.0279,2605.7578,2375.211,6565.9968
nefer_05,273,2.0,0.0,1585.0279,2605.7578,2375.211,6565.9968
nefer_05,274,2.0,0.0,1585.0279,2605.7578,2375.211,6565.9968
nefer_05,275,2.0,0.0,1585.0279,2605.7578,2375.211,6565.9968
nefer_05,276,2.0,0.0,1585.0279,2605.7578,2375.211,6565.9968
nefer_05,277,2.0,0.0,1585.0279,2605.7578,2375.211,6565.9968
nefer_05,278,2.0,0.0,1585.0279,2605.7578,2375.211,6565.9968
nefer_05,279,2.0,0.0,1585.0279,2605.7578,2375.211,6565.9968
nefer_05,280,2.0,0.0,1585.0279,2605.7578,2375.211,6565.9968
nefer_05,281,2.0,0.0,1585.0279,2605.7578,2375.211,6565.9968
nefer_05,282,2.0,0.0,1585.0279,2605.7578,2375.211,6565.9968
nefer_05,283,2.0,0.0,1585.0279,2605.7578,2375.211,6565.9968
nefer_05,284,2.0,0.0,1585.0279,2605.7578,2375.211,6565.9968
nefer_05,285,2.0,0.0,1585.0279,2605.7578,2375.211,6565.9968
nefer_05,286,2.0,0.0,1585.0279,2605.7578,2375.211,6565.9968
nefer_05,287,2.0,0.0,1585.0279,2605.7578,2375.211,6565.9968
nefer_05,288,2.0,0.0,1585.0279,2605.7578,2375.211,6565.9968
nefer_05,289,2.0,0.0,1585.0279,2605.7578,2375.211,6565.9968
nefer_05,290,2.0,0.0,1585.0279,2605.7578,2375.211,6565.9968
nefer_05,291,2.0,0.0,1585.0279,2605.7578,2375.211,6565.9968
nefer_05,292,2.0,0.0,1585.0279,2605.7578,2375.211,6565.9968
nefer_05,293,2.0,0.0,1585.0279,2605.7578,2375.211,6565.9968
nefer_05,294,2.0,0.0,1585.0279,2605.7578,2375.211,6565.9968
nefer_05,295,2.0,0.0,1585.0279,2605.7578,2375.211,6565.9968
nefer_05,296,2.0,0.0,1585.0279,2605.7578,2375.211,6565.9968
nefer_05,297,2.0,0.0,1585.0279,2605.7578,2375.211,6565.9968
nefer_05,298,2.0,0.0,1585.0279,2605.7578,2375.211,6565.9968
nefer_05,299,2.0,0.0,1585.0279,2605.7578,2375.211,6565.9968
nefer_05,300,2.0,0.0,1585.0279,2605.7578,2375.211,6565.9968
nefer_05,301,2.0,0.0,1585.0279,2605.7578,2375.211,6565.9968
nefer_05,302,2.0,0.0,1585.0279,2605.7578,2375.211,6565.9968
nefer_05,303,2.0,0.0,1585.0279,2605.7578,2375.211,6565.9968
nefer_05,304,2.0,0.0,1585.0279,2605.7578,2375.211,6565.9968
nefer_05,305,2.0,0.0,1585.0279,2605.7578,2375.211,6565.9968
nefer_05,306,2.0,0.0,1585.0279,2605.7578,2375.211,6565.9968
nefer_05,307,2.0,0.0,1585.0279,2605.7578,2375.211,6565.9968
nefer_05,308,2.0,0.0,1585.0279,2605.7578,2375.211,6565.9968
nefer_05,309,2.0,0.0,1585.0279,2605.7578,2375.211,6565.9968
nefer_05,310,2.0,0.0,1585.0279,2605.7578,2375.211,6565.9968
nefer_05,311,2.0,0.0,1585.0279,2605.7578,2375.211,6565.9968
nefer_05,312,2.0,0.0,1585.0279,2605.7578,2375.211,6565.9968
nefer_05,313,2.0,0.0,1585.0279,2605.7578,2375.211,6565.9968
nefer_05,314,2.0,0.0,1585.0279,2605.7578,2375.211,6565.9968
nefer_05,315,2.0,0.0,1585.0279,2605.7578,2375.211,6565.9968
nefer_05,316,2.0,0.0,1585.0279,2605.7578,2375.211,6565.9968
nefer_05,317,2.0,0.0,1585.0279,2605.7578,2375.211,6565.9968
nefer_05,318,2.0,0.0,1585.0279,2605.7578,2375.211,6565.9968
nefer_05,319,2.0,0.0,1585.0279,2605.7578,2375.211,6565.9968
nefer_05,320,2.0,0.0,1585.0279,2605.7578,2375.211,6565.9968
nefer_05,321,2.0,0.0,1585.0279,2605.7578,2375.211,6565.9968
nefer_05,322,2.0,0.0,1585.0279,2605.7578,2375.211,6565.9968
nefer_05,323,2.0,0.0,1585.0279,2605.7578,2375.211,6565.9968
nefer_05,324,2.0,0.0,1585.0279,2605.7578,2375.211,6565.9968
nefer_05,325,2.0,0.0,1585.0279,2605.7578,2375.211,6565.9968
nefer_05,326,2.0,0.0,1585.0279,2605.7578,2375.211,6565.9968
nefer_05,327,2.0,0.0,1585.0279,2605.7578,2375.211,6565.9968
nefer_05,328,2.0,0.0,1585.0279,2605.7578,2375.211,6565.9968
nefer_05,329,2.0,0.0,1585.0279,2605.7578,2375.211,6565.9968
nefer_05,330,2.0,0.0,1585.0279,2605.7578,2375.211,6565.9968
nefer_05,331,2.0,0.0,1585.0279,2605.7578,2375.211,6565.9968
nefer_05,332,2.0,0.0,1585.0279,2605.7578,2375.211,6565.9968
nefer_05,333,2.0,0.0,1585.0279,2605.7578,2375.211,6565.9968
nefer_05,334,2.0,0.0,1585.0279,2605.7578,2375.211,6565.9968
nefer_05,335,2.0,0.0,1585.0279,2605.7578,2375.211,6565.9968
nefer_05,336,2.0,0.0,1585.0279,2605.7578,2375.211,6565.9968
nefer_05,337,2.0,0.0,1585.0279,2605.7578,2375.211,6565.9968
nefer_05,338,2.0,0.0,1585.0279,2605.7578,2375.211,6565.9968
nefer_05,339,2.0,0.0,1585.0279,2605.7578,2375.211,6565.9968
nefer_05,340,2.0,0.0,1585.0279,2605.7578,2375.211,6565.9968
nefer_05,341,2.0,0.0,1585.0279,2605.7578,2375.211,6565.9968
nefer_05,342,2.0,0.0,1585.0279,2605.7578,2375.211,6565.9968
nefer_05,343,2.0,0.0,1585.0279,2605.7578,2375.211,6565.9968
nefer_05,344,2.0,0.0,1585.0279,2605.7578,2375.211,6565.9968
nefer_05,345,2.0,0.0,1585.0279,2605.7578,2375.211,6565.9968
nefer_05,346,2.0,0.0,1585.0279,2605.7578,2375.211,6565.9968
nefer_05,347,2.0,0.0,1585.0279,2605.7578,2375.211,6565.9968
nefer_05,348,2.0,0.0,1585.0279,2605.7578,2375.211,6565.9968
nefer_05,349,2.0,0.0,1585.0279,2605.7578,2375.211,6565.9968
nefer_05,350,2.0,0.0,1585.0279,2605.7578,2375.211,6565.9968
nefer_05,351,2.0,0.0,1585.0279,2605.7578,2375.211,6565.9968
nefer_05,352,2.0,0.0,1585.0279,2605.7578,2375.211,6565.9968
nefer_05,353,2.0,0.0,1585.0279,2605.7578,2375.211,6565.9968
nefer_05,354,2.0,0.0,1585.0279,2605.7578,2375.211,6565.9968
nefer_05,355,2.0,0.0,1585.0279,2605.7578,2375.211,6565.9968
nefer_05,356,2.0,0.0,1585.0279,2605.7578,2375.211,6565.9968
nefer_05,357,2.0,0.0,1585.0279,2605.7578,2375.211,6565.9968
nefer_05,358,2.0,0.0,1585.0279,2605.7578,2375.211,6565.9968
nefer_05,359,2.0,0.0,1585.0279,2605.7578,2375.211,6565.9968
nefer_05,360,2.0,0.0,1585.0279,2605.7578,2375.211,6565.9968
nefer_05,361,2.0,0.0,1585.0279,2605.7578,2375.211,6565.9968
nefer_05,362,2.0,0.0,1585.0279,2605.7578,2375.211,6565.9968
nefer_05,363,2.0,0.0,1585.0279,2605.7578,2375.211,6565.9968
nefer_05,364,2.0,0.0,1585.0279,2605.7578,2375.211,6565.9968
nefer_06,0,-0.1,0.2319,144.9397,105.0603,0.0,250.0
nefer_06,1,0.0,0.2319,144.9397,105.0603,0.0,250.0
nefer_06,2,0.0,0.2419,151.1648,109.5725,0.0,260.7373
nefer_06,3,0.0,0.2472,154.4993,111.9896,0.0,266.4889
nefer_06,4,0.0,0.2519,157.4343,114.117,0.0,271.5513
nefer_06,5,0.0,0.2605,162.8051,118.01,0.0,280.8151
nefer_06,6,0.0,0.2693,168.284,121.9815,0.0,290.2655
nefer_06,7,0.0,0.2798,174.8983,126.7758,0.0,301.6741
nefer_06,8,0.0,0.2879,179.96,130.4448,0.0,310.4048
nefer_06,9,0.0,0.2945,184.042,133.4037,0.0,317.4457
nefer_06,10,0.0,0.3038,189.9058,137.6541,0.0,327.56
nefer_06,11,0.0,0.311,194.3586,140.8818,0.0,335.2404
nefer_06,12,0.0,0.3186,199.0952,144.3151,0.0,343.4103
nefer_06,13,0.0,0.3236,202.223,146.5823,0.0,348.8053
nefer_06,14,0.0,0.3277,204.8266,148.4695,0.0,353.2961
nefer_06,15,0.0001,0.3401,212.5365,154.0581,0.0,366.5945
nefer_06,16,0.0003,0.3499,218.6773,158.5095,0.0,377.1867
nefer_06,17,0.0005,0.3539,221.1611,160.31,0.0,381.4712
nefer_06,18,0.0007,0.3601,225.0871,163.1563,0.0,388.2435
nefer_06,19,0.0011,0.3724,232.7471,168.7102,0.0,401.4572
nefer_06,20,0.0014,0.3788,236.7704,171.6276,0.0,408.398
nefer_06,21,0.0017,0.3864,241.5282,175.078,0.0,416.6062
nefer_06,22,0.0021,0.3945,246.5673,178.7328,0.0,425.3001
nefer_06,23,0.0027,0.4042,252.6484,183.1441,0.0,435.7925
nefer_06,24,0.0035,0.4116,257.2539,186.4857,0.0,443.7395
nefer_06,25,0.0045,0.422,263.7808,191.2227,0.0,455.0034
nefer_06,26,0.0057,0.4296,268.4719,194.6285,0.0,463.1004
nefer_06,27,0.007,0.4431,276.9184,200.7634,0.0,477.6818
nefer_06,28,0.0078,0.4512,281.9711,204.4351,0.0,486.4062
nefer_06,29,0.0087,0.4555,284.681,206.4049,0.0,491.0858
nefer_06,30,0.0096,0.4589,286.7865,207.9358,0.0,494.7223
nefer_06,31,0.0104,0.4663,291.4551,211.3314,0.0,502.7865
nefer_06,32,0.0112,0.4713,294.5476,213.5814,0.0,508.129
nefer_06,33,0.012,0.4785,299.0834,216.8824,0.0,515.9658
nefer_06,34,0.0131,0.486,303.7602,220.2871,0.0,524.0473
nefer_06,35,0.0138,0.4907,306.6643,222.4021,0.0,529.0664
nefer_06,36,0.0147,0.497,310.6308,225.2917,0.0,535.9226
nefer_06,37,0.0162,0.5046,315.3875,228.758,0.0,544.1455
nefer_06,38,0.0178,0.5118,319.8482,232.0104,0.0,551.8586
nefer_06,39,0.0188,0.5141,321.3183,233.0829,0.0,554.4012
nefer_06,40,0.0196,0.5166,322.8699,234.2154,0.0,557.0853
nefer_06,41,0.0197,0.5166,322.8699,234.2154,0.0,557.0853
nefer_06,42,0.0198,0.5166,322.8699,234.2154,0.0,557.0853
nefer_06,43,0.0199,0.5166,322.8699,234.2154,0.0,557.0853
nefer_06,44,0.0201,0.5166,322.8699,234.2154,0.0,557.0853
nefer_06,45,0.0206,0.5166,322.8699,234.2154,0.0,557.0853
nefer_06,46,0.0206,0.5166,322.8699,234.2154,0.0,557.0853
nefer_06,47,0.0206,0.5166,322.8699,234.2154,0.0,557.0853
nefer_06,48,0.0206,0.5166,322.8699,234.2154,0.0,557.0853
nefer_06,49,0.0224,0.5166,322.8699,234.2154,0.0,557.0853
nefer_06,50,0.024,0.5166,322.8699,234.2154,0.0,557.0853
nefer_06,51,0.0258,0.5166,322.8699,234.2154,0.0,557.0853
nefer_06,52,0.0284,0.5166,322.8699,234.2154,0.0,557.0853
nefer_06,53,0.0321,0.5177,323.5325,234.7008,0.0,558.2333
nefer_06,54,0.0355,0.5223,326.4418,236.8352,0.0,563.277
nefer_06,55,0.0381,0.5318,332.3921,241.2068,0.0,573.5989
nefer_06,56,0.0411,0.5423,338.9261,246.0124,0.0,584.9385
nefer_06,57,0.0442,0.5477,342.3235,248.5143,0.0,590.8378
nefer_06,58,0.0477,0.5579,348.6927,253.2108,0.0,601.9035
nefer_06,59,0.0513,0.5703,356.4507,258.9399,0.0,615.3906
nefer_06,60,0.0549,0.5814,363.3842,264.0682,0.0,627.4524
nefer_06,61,0.0583,0.5887,367.9207,267.4289,0.0,635.3496
nefer_06,62,0.0629,0.6045,377.8418,274.7902,0.0,652.632
nefer_06,63,0.0667,0.6178,386.1281,280.9516,0.0,667.0797
nefer_06,64,0.0702,0.6302,393.8922,286.7352,0.0,680.6274
nefer_06,65,0.0746,0.6418,401.1323,292.1371,0.0,693.2694
nefer_06,66,0.0786,0.6545,409.05,298.0575,0.0,707.1076
nefer_06,67,0.0822,0.6641,415.0613,302.5611,0.0,717.6225
nefer_06,68,0.0858,0.6771,423.2024,308.6715,0.0,731.8739
nefer_06,69,0.0894,0.6899,431.1921,314.6794,0.0,745.8715
nefer_06,70,0.0936,0.7061,441.3428,322.3264,0.0,763.6692
nefer_06,71,0.0983,0.7231,451.9608,330.3436,0.0,782.3044
nefer_06,72,0.1034,0.7301,456.3127,333.6379,0.0,789.9507
nefer_06,73,0.1082,0.7423,463.9355,339.4243,0.0,803.3597
nefer_06,74,0.1119,0.7516,469.7393,343.8419,0.0,813.5812
nefer_06,75,0.1143,0.761,475.6031,348.3147,0.0,823.9178
nefer_06,76,0.1148,0.7624,476.5188,349.0141,0.0,825.533
nefer_06,77,0.115,0.7625,476.5543,349.0412,0.0,825.5955
nefer_06,78,0.115,0.7625,476.5543,349.0412,0.0,825.5955
nefer_06,79,0.115,0.7625,476.5543,349.0412,0.0,825.5955
nefer_06,80,0.115,0.7625,476.5543,349.0412,0.0,825.5955
nefer_06,81,0.1156,0.7625,476.5543,349.0412,0.0,825.5955
nefer_06,82,0.1163,0.7625,476.5543,349.0412,0.0,825.5955
nefer_06,83,0.1176,0.7625,476.5543,349.0412,0.0,825.5955
nefer_06,84,0.1187,0.7625,476.5543,349.0412,0.0,825.5955
nefer_06,85,0.1201,0.7625,476.5543,349.0412,0.0,825.5955
nefer_06,86,0.122,0.7625,476.5543,349.0412,0.0,825.5955
nefer_06,87,0.1249,0.7625,476.5543,349.0412,0.0,825.5955
nefer_06,88,0.1286,0.7625,476.5543,349.0412,0.0,825.5955
nefer_06,89,0.1332,0.7625,476.5543,349.0412,0.0,825.5955
nefer_06,90,0.1371,0.7652,478.2731,350.3694,0.0,828.6425
nefer_06,91,0.1412,0.7747,484.164,354.9328,0.0,839.0968
nefer_06,92,0.1458,0.7826,489.1159,358.7791,0.0,847.895
nefer_06,93,0.1496,0.7978,498.6422,366.2013,0.0,864.8435
nefer_06,94,0.1542,0.8156,509.7262,374.8591,0.0,884.5853
nefer_06,95,0.1609,0.8377,523.5842,385.7188,0.0,909.303
nefer_06,96,0.1667,0.8509,531.7929,392.1818,0.0,923.9747
nefer_06,97,0.1718,0.8715,544.7105,402.3956,0.0,947.1061
nefer_06,98,0.1793,0.8893,555.7828,411.1836,0.0,966.9665
nefer_06,99,0.1853,0.9127,570.4299,422.8751,0.0,993.305
nefer_06,100,0.1921,0.9395,587.17,436.3006,0.0,1023.4706
nefer_06,101,0.1981,0.9521,595.0522,442.6569,0.0,1037.7091
nefer_06,102,0.2021,0.9631,601.9178,448.2212,0.0,1050.139
nefer_06,103,0.2079,0.9867,616.6644,460.2136,0.0,1076.8781
nefer_06,104,0.2141,1.0109,631.8256,472.6048,0.0,1104.4304
nefer_06,105,0.2195,1.0248,640.5306,479.7587,0.0,1120.2894
nefer_06,106,0.2258,1.045,653.1079,490.1451,0.0,1143.253
nefer_06,107,0.2334,1.075,671.8655,505.7273,0.0,1177.5928
nefer_06,108,0.2403,1.0982,686.3961,517.8852,0.0,1204.2813
nefer_06,109,0.2467,1.1171,698.1795,527.8114,0.0,1225.9909
nefer_06,110,0.2533,0.7932,713.1718,540.523,0.0,1253.6948
nefer_06,111,0.2607,0.8117,724.7161,550.3791,0.0,1275.0952
nefer_06,112,0.2686,0.8294,735.8111,559.9263,0.0,1295.7374
nefer_06,113,0.2764,0.8511,749.348,571.6762,0.0,1321.0242
nefer_06,114,0.2864,0.8737,763.5013,584.0706,0.0,1347.5719
nefer_06,115,0.297,0.8937,775.9991,595.1445,0.0,1371.1436
nefer_06,116,0.3097,0.9263,796.3293,613.3915,0.0,1409.7208
nefer_06,117,0.3176,0.949,810.5345,626.3485,0.0,1436.883
nefer_06,118,0.3264,0.9682,822.51,637.3868,0.0,1459.8968
nefer_06,119,0.335,0.9874,834.5166,648.588,0.0,1483.1046
nefer_06,120,0.3415,1.01,848.6716,661.9543,0.0,1510.626
nefer_06,121,0.3485,1.0412,868.1582,680.5288,0.0,1548.687
nefer_06,122,0.354,1.071,886.7833,698.466,0.0,1585.2493
nefer_06,123,0.3598,1.104,907.4029,718.4902,0.0,1625.8931
nefer_06,124,0.3675,1.1464,933.9333,744.4872,0.0,1678.4205
nefer_06,125,0.3761,1.1914,962.0505,772.3766,0.0,1734.4271
nefer_06,126,0.3858,1.2392,991.9258,802.427,0.0,1794.3528
nefer_06,127,0.3969,1.3013,1030.7508,842.1188,0.0,1872.8696
nefer_06,128,0.4073,1.3566,1066.9732,879.867,0.0,1946.8402
nefer_06,129,0.416,1.4117,1101.4403,916.4636,0.0,2017.9039
nefer_06,130,0.425,1.4518,1128.9637,946.166,0.0,2075.1296
nefer_06,131,0.4298,1.4764,1148.3035,967.396,0.0,2115.6995
nefer_06,132,0.4327,1.4994,1162.664,983.3064,0.0,2145.9704
nefer_06,133,0.4358,1.5241,1178.0818,1000.4869,0.0,2178.5687
nefer_06,134,0.4393,1.5399,1195.1859,1019.6656,0.0,2214.8515
nefer_06,135,0.4436,1.5636,1209.9949,1036.3853,0.0,2246.3802
nefer_06,136,0.4489,1.5835,1222.4111,1050.5264,0.0,2272.9375
nefer_06,137,0.4544,1.591,1231.1147,1060.5483,0.0,2291.663
nefer_06,138,0.4626,1.6057,1245.1009,1076.8374,0.0,2321.9383
nefer_06,139,0.4724,1.631,1265.9501,1101.5511,0.0,2367.5011
nefer_06,140,0.4816,1.6611,1290.8325,1131.6818,0.0,2422.5143
nefer_06,141,0.4899,1.7149,1324.4698,1173.2618,0.0,2497.7316
nefer_06,142,0.4975,1.7602,1357.3912,1214.7392,0.0,2572.1304
nefer_06,143,0.5052,1.7931,1384.4446,1249.4421,0.0,2633.8867
nefer_06,144,0.5166,1.8633,1428.3791,1306.85,0.0,2735.2291
nefer_06,145,0.5306,1.933,1476.8188,1371.9316,0.0,2848.7504
nefer_06,146,0.543,1.9901,1521.1926,1433.7089,0.0,2954.9015
nefer_06,147,0.5494,2.0305,1551.7803,1477.6968,0.0,3029.4771
nefer_06,148,0.5579,2.0873,1590.361,1534.1352,0.0,3124.4962
nefer_06,149,0.5696,2.1624,1640.0157,1608.4818,0.0,3248.4974
nefer_06,150,0.5834,2.2392,1696.7188,1696.1807,0.0,3392.8994
nefer_06,151,0.5979,2.3162,1755.4317,1790.6421,0.0,3546.0738
nefer_06,152,0.613,2.3996,1815.7169,1891.871,0.0,3707.588
nefer_06,153,0.629,2.4761,1874.6053,1995.4125,0.0,3870.0178
nefer_06,154,0.6448,2.5651,1934.0038,2105.2063,0.0,4039.2101
nefer_06,155,0.6598,2.6303,1975.9985,2186.8781,0.0,4162.8766
nefer_06,156,0.676,2.6626,1996.8447,2229.4873,0.0,4226.332
nefer_06,157,0.692,2.7077,2026.5092,2293.5416,0.0,4320.0508
nefer_06,158,0.71,2.7665,2068.3537,2389.065,0.0,4457.4188
nefer_06,159,0.729,2.7916,2100.1359,2466.4335,0.0,4566.5694
nefer_06,160,0.7483,2.854,2150.0465,2596.6863,0.0,4746.7329
nefer_06,161,0.7687,2.919,2200.8717,2739.2761,0.0,4940.1478
nefer_06,162,0.7893,2.9762,2252.0987,2894.7441,0.0,5146.8428
nefer_06,163,0.8119,3.0331,2299.7768,3051.6326,0.0,5351.4094
nefer_06,164,0.8348,3.0711,2344.637,3213.2948,0.0,5557.9319
nefer_06,165,0.8591,3.11,2386.0412,3377.2204,0.0,5763.2616
nefer_06,166,0.8844,3.1436,2423.9775,3543.5201,0.0,5967.4976
nefer_06,167,0.9117,3.1625,2457.8944,3709.1605,0.0,6167.0548
nefer_06,168,0.934,3.1813,2485.2884,3859.78,0.0,6345.0684
nefer_06,169,0.9564,3.2028,2514.6347,4037.8752,0.0,6552.5098
nefer_06,170,0.9788,3.2337,2541.1605,4215.8253,0.0,6756.9858
nefer_06,171,1.0,3.2719,2567.6171,4412.1767,0.0,6979.7938
nefer_06,172,1.0,3.3049,2591.4787,4607.3153,0.0,7198.794
nefer_06,173,1.0133,3.3173,2615.8773,4806.8458,0.0,7422.723
nefer_06,174,1.0215,3.2887,2621.9417,4859.5655,0.0,7481.5071
nefer_06,175,1.0311,3.2973,2639.644,5019.4229,0.0,7659.0669
nefer_06,176,1.0411,3.3107,2657.4418,5187.4652,0.0,7844.907
nefer_06,177,1.0519,3.3084,2672.84,5339.7221,0.0,8012.5621
nefer_06,178,1.0625,3.31,2684.6116,5462.1397,0.0,8146.7513
nefer_06,179,1.0747,3.3071,2701.5865,5647.1212,0.5468,8349.2545
nefer_06,180,1.0866,3.2773,2712.1924,5768.0156,2.3983,8482.6062
nefer_06,181,1.0997,3.2658,2725.6015,5927.8031,6.7454,8660.15
nefer_06,182,1.113,3.2469,2741.773,6128.3221,16.867,8886.9622
nefer_06,183,1.1294,3.2554,2755.5912,6302.8042,34.0622,9092.4576
nefer_06,184,1.1441,3.1751,2769.2795,6471.5305,70.6792,9311.4892
nefer_06,185,1.1588,3.1928,2781.9959,6612.2636,134.6014,9528.861
nefer_06,186,1.1763,3.1645,2792.7601,6707.8204,225.0088,9725.5893
nefer_06,187,1.1866,3.1298,2800.1416,6749.478,322.0123,9871.6319
nefer_06,188,1.1972,3.135,2810.152,6788.0701,481.1206,10079.3427
nefer_06,189,1.2083,3.1439,2816.6195,6803.3207,600.31,10220.2502
nefer_06,190,1.2207,3.0732,2821.326,6808.9146,697.9524,10328.1931
nefer_06,191,1.2354,3.0826,2828.2426,6811.1392,858.1499,10497.5316
nefer_06,192,1.2504,3.0328,2830.9359,6811.1392,953.2149,10595.29
nefer_06,193,1.2663,2.9224,2832.9454,6811.1392,1108.8079,10752.8925
nefer_06,194,1.2807,2.847,2832.9454,6811.1392,1294.0102,10938.0947
nefer_06,195,1.2958,2.8122,2832.9454,6811.1392,1461.4141,11105.4986
nefer_06,196,1.3136,2.6516,2832.9454,6811.1392,1612.9446,11257.0292
nefer_06,197,1.3324,2.5816,2832.9454,6811.1392,1738.9897,11383.0742
nefer_06,198,1.3491,2.3944,2832.9454,6811.1392,1836.378,11480.4626
nefer_06,199,1.3603,2.3944,2832.9454,6811.1392,1876.5953,11520.6799
nefer_06,200,1.372,2.3219,2832.9454,6811.1392,2006.4498,11650.5344
nefer_06,201,1.3813,2.1993,2832.9454,6811.1392,2099.9461,11744.0306
nefer_06,202,1.3918,2.1936,2832.9454,6811.1392,2196.1718,11840.2564
nefer_06,203,1.4057,2.093,2832.9454,6811.1392,2300.654,11944.7385
nefer_06,204,1.4188,1.9231,2832.9454,6811.1392,2355.7314,11999.8159
nefer_06,205,1.4298,1.8419,2832.9454,6811.1392,2431.1594,12075.244
nefer_06,206,1.4419,1.7647,2832.9454,6811.1392,2501.8699,12145.9545
nefer_06,207,1.4558,1.6696,2832.9454,6811.1392,2561.3336,12205.4181
nefer_06,208,1.4692,1.5786,2832.9454,6811.1392,2577.0944,12221.179
nefer_06,209,1.4833,1.3482,2832.9454,6811.1392,2615.073,12259.1575
nefer_06,210,1.498,1.3192,2832.9454,6811.1392,2630.8071,12274.8916
nefer_06,211,1.5138,1.2375,2832.9454,6811.1392,2645.4134,12289.4979
nefer_06,212,1.532,1.1613,2832.9454,6754.6067,2699.1192,12286.6713
nefer_06,213,1.5513,1.1024,2832.9454,6698.0743,2752.825,12283.8447
nefer_06,214,1.5699,0.9484,2832.9454,6641.5418,2806.5309,12281.0181
nefer_06,215,1.5872,0.9055,2832.9454,6585.0093,2860.2367,12278.1914
nefer_06,216,1.605,0.813,2832.9454,6528.4769,2913.9425,12275.3648
nefer_06,217,1.624,0.7505,2832.9454,6471.9444,2967.6483,12272.5382
nefer_06,218,1.6427,0.5933,2832.9454,6415.412,3021.3542,12269.7116
nefer_06,219,1.6588,0.5802,2832.9454,6358.8795,3075.06,12266.8849
nefer_06,220,1.6746,0.5146,2832.9454,6302.3471,3128.7658,12264.0583
nefer_06,221,1.6925,0.4852,2832.9454,6245.8146,3182.4717,12261.2317
nefer_06,222,1.712,0.4368,2832.9454,6189.2822,3236.1775,12258.4051
nefer_06,223,1.7319,0.4025,2832.9454,6132.7497,3289.8833,12255.5785
nefer_06,224,1.7498,0.3142,2832.9454,6076.2173,3343.5892,12252.7518
nefer_06,225,1.7655,0.2889,2832.9454,6019.6848,3397.295,12249.9252
nefer_06,226,1.7802,0.2636,2832.9454,5963.1523,3451.0008,12247.0986
nefer_06,227,1.7948,0.2073,2832.9454,5906.6199,3504.7067,12244.272
nefer_06,228,1.812,0.2067,2832.9454,5850.0874,3558.4125,12241.4453
nefer_06,229,1.8253,0.1731,2832.9454,5793.555,3612.1183,12238.6187
nefer_06,230,1.8389,0.1657,2832.9454,5737.0225,3665.8242,12235.7921
nefer_06,231,1.8519,0.1421,2832.9454,5680.4901,3719.53,12232.9655
nefer_06,232,1.8653,0.1198,2832.9454,5623.9576,3773.2358,12230.1388
nefer_06,233,1.8806,0.1016,2832.9454,5567.4252,3826.9417,12227.3122
nefer_06,234,1.899,0.0821,2832.9454,5510.8927,3880.6475,12224.4856
nefer_06,235,1.9152,0.0652,2832.9454,5454.3602,3934.3533,12221.659
nefer_06,236,1.9308,0.0368,2832.9454,5448.9113,3939.5298,12221.3865
nefer_06,237,1.9479,0.0289,2832.9454,5448.9113,3939.5298,12221.3865
nefer_06,238,1.9622,0.0106,2832.9454,5448.9113,3939.5298,12221.3865
nefer_06,239,1.9778,0.0047,2832.9454,5448.9113,3939.5298,12221.3865
nefer_06,240,1.9958,0.0019,2832.9454,5448.9113,3939.5298,12221.3865
nefer_06,241,2.0,0.0,2832.9454,5448.9113,3939.5298,12221.3865
nefer_06,242,2.0,0.0,2832.9454,5448.9113,3939.5298,12221.3865
nefer_06,243,2.0,0.0,2832.9454,5448.9113,3939.5298,12221.3865
nefer_06,244,2.0,0.0,2832.9454,5448.9113,3939.5298,12221.3865
nefer_06,245,2.0,0.0,2832.9454,5448.9113,3939.5298,12221.3865
nefer_06,246,2.0,0.0,2832.9454,5448.9113,3939.5298,12221.3865
nefer_06,247,2.0,0.0,2832.9454,5448.9113,3939.5298,12221.3865
nefer_06,248,2.0,0.0,2832.9454,5448.9113,3939.5298,12221.3865
nefer_06,249,2.0,0.0,2832.9454,5448.9113,3939.5298,12221.3865
nefer_06,250,2.0,0.0,2832.9454,5448.9113,3939.5298,12221.3865
nefer_06,251,2.0,0.0,2832.9454,5448.9113,3939.5298,12221.3865
nefer_06,252,2.0,0.0,2832.9454,5448.9113,3939.5298,12221.3865
nefer_06,253,2.0,0.0,2832.9454,5448.9113,3939.5298,12221.3865
nefer_06,254,2.0,0.0,2832.9454,5448.9113,3939.5298,12221.3865
nefer_06,255,2.0,0.0,2832.9454,5448.9113,3939.5298,12221.3865
nefer_06,256,2.0,0.0,2832.9454,5448.9113,3939.5298,12221.3865
nefer_06,257,2.0,0.0,2832.9454,5448.9113,3939.5298,12221.3865
nefer_06,258,2.0,0.0,2832.9454,5448.9113,3939.5298,12221.3865
nefer_06,259,2.0,0.0,2832.9454,5448.9113,3939.5298,12221.3865
nefer_06,260,2.0,0.0,2832.9454,5448.9113,3939.5298,12221.3865
nefer_06,261,2.0,0.0,2832.9454,5448.9113,3939.5298,12221.3865
nefer_06,262,2.0,0.0,2832.9454,5448.9113,3939.5298,12221.3865
nefer_06,263,2.0,0.0,2832.9454,5448.9113,3939.5298,12221.3865
nefer_06,264,2.0,0.0,2832.9454,5448.9113,3939.5298,12221.3865
nefer_06,265,2.0,0.0,2832.9454,5448.9113,3939.5298,12221.3865
nefer_06,266,2.0,0.0,2832.9454,5448.9113,3939.5298,12221.3865
nefer_06,267,2.0,0.0,2832.9454,5448.9113,3939.5298,12221.3865
nefer_06,268,2.0,0.0,2832.9454,5448.9113,3939.5298,12221.3865
nefer_06,269,2.0,0.0,2832.9454,5448.9113,3939.5298,12221.3865
nefer_06,270,2.0,0.0,2832.9454,5448.9113,3939.5298,12221.3865
nefer_06,271,2.0,0.0,2832.9454,5448.9113,3939.5298,12221.3865
nefer_06,272,2.0,0.0,2832.9454,5448.9113,3939.5298,12221.3865
nefer_06,273,2.0,0.0,2832.9454,5448.9113,3939.5298,12221.3865
nefer_06,274,2.0,0.0,2832.9454,5448.9113,3939.5298,12221.3865
nefer_06,275,2.0,0.0,2832.9454,5448.9113,3939.5298,12221.3865
nefer_06,276,2.0,0.0,2832.9454,5448.9113,3939.5298,12221.3865
nefer_06,277,2.0,0.0,2832.9454,5448.9113,3939.5298,12221.3865
nefer_06,278,2.0,0.0,2832.9454,5448.9113,3939.5298,12221.3865
nefer_06,279,2.0,0.0,2832.9454,5448.9113,3939.5298,12221.3865
nefer_06,280,2.0,0.0,2832.9454,5448.9113,3939.5298,12221.3865
nefer_06,281,2.0,0.0,2832.9454,5448.9113,3939.5298,12221.3865
nefer_06,282,2.0,0.0,2832.9454,5448.9113,3939.5298,12221.3865
nefer_06,283,2.0,0.0,2832.9454,5448.9113,3939.5298,12221.3865
nefer_06,284,2.0,0.0,2832.9454,5448.9113,3939.5298,12221.3865
nefer_06,285,2.0,0.0,2832.9454,5448.9113,3939.5298,12221.3865
nefer_06,286,2.0,0.0,2832.9454,5448.9113,3939.5298,12221.3865
nefer_06,287,2.0,0.0,2832.9454,5448.9113,3939.5298,12221.3865
nefer_06,288,2.0,0.0,2832.9454,5448.9113,3939.5298,12221.3865
nefer_06,289,2.0,0.0,2832.9454,5448.9113,3939.5298,12221.3865
nefer_06,290,2.0,0.0,2832.9454,5448.9113,3939.5298,12221.3865
nefer_06,291,2.0,0.0,2832.9454,5448.9113,3939.5298,12221.3865
nefer_06,292,2.0,0.0,2832.9454,5448.9113,3939.5298,12221.3865
nefer_06,293,2.0,0.0,2832.9454,5448.9113,3939.5298,12221.3865
nefer_06,294,2.0,0.0,2832.9454,5448.9113,3939.5298,12221.3865
nefer_06,295,2.0,0.0,2832.9454,5448.9113,3939.5298,12221.3865
nefer_06,296,2.0,0.0,2832.9454,5448.9113,3939.5298,12221.3865
nefer_06,297,2.0,0.0,2832.9454,5448.9113,3939.5298,12221.3865
nefer_06,298,2.0,0.0,2832.9454,5448.9113,3939.5298,12221.3865
nefer_06,299,2.0,0.0,2832.9454,5448.9113,3939.5298,12221.3865
nefer_06,300,2.0,0.0,2832.9454,5448.9113,3939.5298,12221.3865
nefer_06,301,2.0,0.0,2832.9454,5448.9113,3939.5298,12221.3865
nefer_06,302,2.0,0.0,2832.9454,5448.9113,3939.5298,12221.3865
nefer_06,303,2.0,0.0,2832.9454,5448.9113,3939.5298,12221.3865
nefer_06,304,2.0,0.0,2832.9454,5448.9113,3939.5298,12221.3865
nefer_06,305,2.0,0.0,2832.9454,5448.9113,3939.5298,12221.3865
nefer_06,306,2.0,0.0,2832.9454,5448.9113,3939.5298,12221.3865
nefer_06,307,2.0,0.0,2832.9454,5448.9113,3939.5298,12221.3865
nefer_06,308,2.0,0.0,2832.9454,5448.9113,3939.5298,12221.3865
nefer_06,309,2.0,0.0,2832.9454,5448.9113,3939.5298,12221.3865
nefer_06,310,2.0,0.0,2832.9454,5448.9113,3939.5298,12221.3865
nefer_06,311,2.0,0.0,2832.9454,5448.9113,3939.5298,12221.3865
nefer_06,312,2.0,0.0,2832.9454,5448.9113,3939.5298,12221.3865
nefer_06,313,2.0,0.0,2832.9454,5448.9113,3939.5298,12221.3865
nefer_06,314,2.0,0.0,2832.9454,5448.9113,3939.5298,12221.3865
nefer_06,315,2.0,0.0,2832.9454,5448.9113,3939.5298,12221.3865
nefer_06,316,2.0,0.0,2832.9454,5448.9113,3939.5298,12221.3865
nefer_06,317,2.0,0.0,2832.9454,5448.9113,3939.5298,12221.3865
nefer_06,318,2.0,0.0,2832.9454,5448.9113,3939.5298,12221.3865
nefer_06,319,2.0,0.0,2832.9454,5448.9113,3939.5298,12221.3865
nefer_06,320,2.0,0.0,2832.9454,5448.9113,3939.5298,12221.3865
nefer_06,321,2.0,0.0,2832.9454,5448.9113,3939.5298,12221.3865
nefer_06,322,2.0,0.0,2832.9454,5448.9113,3939.5298,12221.3865
nefer_06,323,2.0,0.0,2832.9454,5448.9113,3939.5298,12221.3865
nefer_06,324,2.0,0.0,2832.9454,5448.9113,3939.5298,12221.3865
nefer_06,325,2.0,0.0,2832.9454,5448.9113,3939.5298,12221.3865
nefer_06,326,2.0,0.0,2832.9454,5448.9113,3939.5298,12221.3865
nefer_06,327,2.0,0.0,2832.9454,5448.9113,3939.5298,12221.3865
nefer_06,328,2.0,0.0,2832.9454,5448.9113,3939.5298,12221.3865
nefer_06,329,2.0,0.0,2832.9454,5448.9113,3939.5298,12221.3865
nefer_06,330,2.0,0.0,2832.9454,5448.9113,3939.5298,12221.3865
nefer_06,331,2.0,0.0,2832.9454,5448.9113,3939.5298,12221.3865
nefer_06,332,2.0,0.0,2832.9454,5448.9113,3939.5298,12221.3865
nefer_06,333,2.0,0.0,2832.9454,5448.9113,3939.5298,12221.3865
nefer_06,334,2.0,0.0,2832.9454,5448.9113,3939.5298,12221.3865
nefer_06,335,2.0,0.0,2832.9454,5448.9113,3939.5298,12221.3865
nefer_06,336,2.0,0.0,2832.9454,5448.9113,3939.5298,12221.3865
nefer_06,337,2.0,0.0,2832.9454,5448.9113,3939.5298,12221.3865
nefer_06,338,2.0,0.0,2832.9454,5448.9113,3939.5298,12221.3865
nefer_06,339,2.0,0.0,2832.9454,5448.9113,3939.5298,12221.3865
nefer_06,340,2.0,0.0,2832.9454,5448.9113,3939.5298,12221.3865
nefer_06,341,2.0,0.0,2832.9454,5448.9113,3939.5298,12221.3865
nefer_06,342,2.0,0.0,2832.9454,5448.9113,3939.5298,12221.3865
nefer_06,343,2.0,0.0,2832.9454,5448.9113,3939.5298,12221.3865
nefer_06,344,2.0,0.0,2832.9454,5448.9113,3939.5298,12221.3865
nefer_06,345,2.0,0.0,2832.9454,5448.9113,3939.5298,12221.3865
nefer_06,346,2.0,0.0,2832.9454,5448.9113,3939.5298,12221.3865
nefer_06,347,2.0,0.0,2832.9454,5448.9113,3939.5298,12221.3865
nefer_06,348,2.0,0.0,2832.9454,5448.9113,3939.5298,12221.3865
nefer_06,349,2.0,0.0,2832.9454,5448.9113,3939.5298,12221.3865
nefer_06,350,2.0,0.0,2832.9454,5448.9113,3939.5298,12221.3865
nefer_06,351,2.0,0.0,2832.9454,5448.9113,3939.5298,12221.3865
nefer_06,352,2.0,0.0,2832.9454,5448.9113,3939.5298,12221.3865
nefer_06,353,2.0,0.0,2832.9454,5448.9113,3939.5298,12221.3865
nefer_06,354,2.0,0.0,2832.9454,5448.9113,3939.5298,12221.3865
nefer_06,355,2.0,0.0,2832.9454,5448.9113,3939.5298,12221.3865
nefer_06,356,2.0,0.0,2832.9454,5448.9113,3939.5298,12221.3865
nefer_06,357,2.0,0.0,2832.9454,5448.9113,3939.5298,12221.3865
nefer_06,358,2.0,0.0,2832.9454,5448.9113,3939.5298,12221.3865
nefer_06,359,2.0,0.0,2832.9454,5448.9113,3939.5298,12221.3865
nefer_06,360,2.0,0.0,2832.9454,5448.9113,3939.5298,12221.3865
nefer_06,361,2.0,0.0,2832.9454,5448.9113,3939.5298,12221.3865
nefer_06,362,2.0,0.0,2832.9454,5448.9113,3939.5298,12221.3865
nefer_06,363,2.0,0.0,2832.9454,5448.9113,3939.5298,12221.3865
nefer_06,364,2.0,0.0,2832.9454,5448.9113,3939.5298,12221.3865
nefer_07,0,-0.1,0.2319,144.9397,105.0603,0.0,250.0
nefer_07,1,0.0,0.2319,144.9397,105.0603,0.0,250.0
nefer_07,2,0.0,0.2419,151.1648,109.5725,0.0,260.7373
nefer_07,3,0.0,0.2472,154.4993,111.9896,0.0,266.4889
nefer_07,4,0.0,0.2519,157.4343,114.117,0.0,271.5513
nefer_07,5,0.0,0.2605,162.8051,118.01,0.0,280.8151
nefer_07,6,0.0,0.2693,168.284,121.9815,0.0,290.2655
nefer_07,7,0.0,0.2798,174.8983,126.7758,0.0,301.6741
nefer_07,8,0.0,0.2879,179.96,130.4448,0.0,310.4048
nefer_07,9,0.0,0.2945,184.042,133.4037,0.0,317.4457
nefer_07,10,0.0,0.3038,189.9058,137.6541,0.0,327.56
nefer_07,11,0.0,0.311,194.3586,140.8818,0.0,335.2404
nefer_07,12,0.0,0.3186,199.0952,144.3151,0.0,343.4103
nefer_07,13,0.0,0.3236,202.223,146.5823,0.0,348.8053
nefer_07,14,0.0,0.3277,204.8266,148.4695,0.0,353.2961
nefer_07,15,0.0001,0.3401,212.5365,154.0581,0.0,366.5945
nefer_07,16,0.0003,0.3499,218.6773,158.5095,0.0,377.1867
nefer_07,17,0.0005,0.3539,221.1611,160.31,0.0,381.4712
nefer_07,18,0.0007,0.3601,225.0871,163.1563,0.0,388.2435
nefer_07,19,0.0011,0.3724,232.7471,168.7102,0.0,401.4572
nefer_07,20,0.0014,0.3788,236.7704,171.6276,0.0,408.398
nefer_07,21,0.0017,0.3864,241.5282,175.078,0.0,416.6062
nefer_07,22,0.0021,0.3945,246.5673,178.7328,0.0,425.3001
nefer_07,23,0.0027,0.4042,252.6484,183.1441,0.0,435.7925
nefer_07,24,0.0035,0.4116,257.2539,186.4857,0.0,443.7395
nefer_07,25,0.0045,0.422,263.7808,191.2227,0.0,455.0034
nefer_07,26,0.0057,0.4296,268.4719,194.6285,0.0,463.1004
nefer_07,27,0.007,0.4431,276.9184,200.7634,0.0,477.6818
nefer_07,28,0.0078,0.4512,281.9711,204.4351,0.0,486.4062
nefer_07,29,0.0087,0.4555,284.681,206.4049,0.0,491.0858
nefer_07,30,0.0096,0.4589,286.7865,207.9358,0.0,494.7223
nefer_07,31,0.0104,0.4663,291.4551,211.3314,0.0,502.7865
nefer_07,32,0.0112,0.4713,294.5476,213.5814,0.0,508.129
nefer_07,33,0.012,0.4785,299.0834,216.8824,0.0,515.9658
nefer_07,34,0.0131,0.486,303.7602,220.2871,0.0,524.0473
nefer_07,35,0.0138,0.4907,306.6643,222.4021,0.0,529.0664
nefer_07,36,0.0147,0.497,310.6308,225.2917,0.0,535.9226
nefer_07,37,0.0162,0.5046,315.3875,228.758,0.0,544.1455
nefer_07,38,0.0178,0.5118,319.8482,232.0104,0.0,551.8586
nefer_07,39,0.0188,0.5141,321.3183,233.0829,0.0,554.4012
nefer_07,40,0.0196,0.5166,322.8699,234.2154,0.0,557.0853
nefer_07,41,0.0197,0.5166,322.8699,234.2154,0.0,557.0853
nefer_07,42,0.0198,0.5166,322.8699,234.2154,0.0,557.0853
nefer_07,43,0.0199,0.5166,322.8699,234.2154,0.0,557.0853
nefer_07,44,0.0201,0.5166,322.8699,234.2154,0.0,557.0853
nefer_07,45,0.0206,0.5166,322.8699,234.2154,0.0,557.0853
nefer_07,46,0.0206,0.5166,322.8699,234.2154,0.0,557.0853
nefer_07,47,0.0206,0.5166,322.8699,234.2154,0.0,557.0853
nefer_07,48,0.0206,0.5166,322.8699,234.2154,0.0,557.0853
nefer_07,49,0.0224,0.5166,322.8699,234.2154,0.0,557.0853
nefer_07,50,0.024,0.5166,322.8699,234.2154,0.0,557.0853
nefer_07,51,0.0258,0.5166,322.8699,234.2154,0.0,557.0853
nefer_07,52,0.0284,0.5166,322.8699,234.2154,0.0,557.0853
nefer_07,53,0.0321,0.5177,323.5325,234.7008,0.0,558.2333
nefer_07,54,0.0355,0.5223,326.4418,236.8352,0.0,563.277
nefer_07,55,0.0381,0.5318,332.3921,241.2068,0.0,573.5989
nefer_07,56,0.0411,0.5423,338.9261,246.0124,0.0,584.9385
nefer_07,57,0.0442,0.5477,342.3235,248.5143,0.0,590.8378
nefer_07,58,0.0477,0.5579,348.6927,253.2108,0.0,601.9035
nefer_07,59,0.0513,0.5703,356.4507,258.9399,0.0,615.3906
nefer_07,60,0.0549,0.5814,363.3842,264.0682,0.0,627.4524
nefer_07,61,0.0583,0.5887,367.9207,267.4289,0.0,635.3496
nefer_07,62,0.0629,0.6045,377.8418,274.7902,0.0,652.632
nefer_07,63,0.0667,0.6178,386.1281,280.9516,0.0,667.0797
nefer_07,64,0.0702,0.6302,393.8922,286.7352,0.0,680.6274
nefer_07,65,0.0746,0.6418,401.1323,292.1371,0.0,693.2694
nefer_07,66,0.0786,0.6545,409.05,298.0575,0.0,707.1076
nefer_07,67,0.0822,0.6641,415.0613,302.5611,0.0,717.6225
nefer_07,68,0.0858,0.6771,423.2024,308.6715,0.0,731.8739
nefer_07,69,0.0894,0.6899,431.1921,314.6794,0.0,745.8715
nefer_07,70,0.0936,0.7061,441.3428,322.3264,0.0,763.6692
nefer_07,71,0.0983,0.7231,451.9608,330.3436,0.0,782.3044
nefer_07,72,0.1034,0.7301,456.3127,333.6379,0.0,789.9507
nefer_07,73,0.1082,0.7423,463.9355,339.4243,0.0,803.3597
nefer_07,74,0.1119,0.7516,469.7393,343.8419,0.0,813.5812
nefer_07,75,0.1143,0.761,475.6031,348.3147,0.0,823.9178
nefer_07,76,0.1148,0.7624,476.5188,349.0141,0.0,825.533
nefer_07,77,0.115,0.7625,476.5543,349.0412,0.0,825.5955
nefer_07,78,0.115,0.7625,476.5543,349.0412,0.0,825.5955
nefer_07,79,0.115,0.7625,476.5543,349.0412,0.0,825.5955
nefer_07,80,0.115,0.7625,476.5543,349.0412,0.0,825.5955
nefer_07,81,0.1156,0.7625,476.5543,349.0412,0.0,825.5955
nefer_07,82,0.1163,0.7625,476.5543,349.0412,0.0,825.5955
nefer_07,83,0.1176,0.7625,476.5543,349.0412,0.0,825.5955
nefer_07,84,0.1187,0.7625,476.5543,349.0412,0.0,825.5955
nefer_07,85,0.1201,0.7625,476.5543,349.0412,0.0,825.5955
nefer_07,86,0.122,0.7625,476.5543,349.0412,0.0,825.5955
nefer_07,87,0.1249,0.7625,476.5543,349.0412,0.0,825.5955
nefer_07,88,0.1286,0.7625,476.5543,349.0412,0.0,825.5955
nefer_07,89,0.1332,0.7625,476.5543,349.0412,0.0,825.5955
nefer_07,90,0.1371,0.7652,478.2731,350.3694,0.0,828.6425
nefer_07,91,0.1412,0.7747,484.164,354.9328,0.0,839.0968
nefer_07,92,0.1458,0.7826,489.1159,358.7791,0.0,847.895
nefer_07,93,0.1496,0.7978,498.6422,366.2013,0.0,864.8435
nefer_07,94,0.1542,0.8156,509.7262,374.8591,0.0,884.5853
nefer_07,95,0.1609,0.8377,523.5842,385.7188,0.0,909.303
nefer_07,96,0.1667,0.8509,531.7929,392.1818,0.0,923.9747
nefer_07,97,0.1718,0.8715,544.7105,402.3956,0.0,947.1061
nefer_07,98,0.1793,0.8893,555.7828,411.1836,0.0,966.9665
nefer_07,99,0.1853,0.9127,570.4299,422.8751,0.0,993.305
nefer_07,100,0.1921,0.9395,587.17,436.3006,0.0,1023.4706
nefer_07,101,0.1981,0.9521,595.0522,442.6569,0.0,1037.7091
nefer_07,102,0.2021,0.9631,601.9178,448.2212,0.0,1050.139
nefer_07,103,0.2079,0.9867,616.6644,460.2136,0.0,1076.8781
nefer_07,104,0.2141,1.0109,631.8256,472.6048,0.0,1104.4304
nefer_07,105,0.2195,1.0248,640.5306,479.7587,0.0,1120.2894
nefer_07,106,0.2258,1.045,653.1079,490.1451,0.0,1143.253
nefer_07,107,0.2334,1.075,671.8655,505.7273,0.0,1177.5928
nefer_07,108,0.2403,1.0982,686.3961,517.8852,0.0,1204.2813
nefer_07,109,0.2467,1.1171,698.1795,527.8114,0.0,1225.9909
nefer_07,110,0.2533,0.7932,713.1718,540.523,0.0,1253.6948
nefer_07,111,0.2607,0.8117,724.7161,550.3791,0.0,1275.0952
nefer_07,112,0.2686,0.8294,735.8111,559.9263,0.0,1295.7374
nefer_07,113,0.2764,0.8511,749.348,571.6762,0.0,1321.0242
nefer_07,114,0.2864,0.8737,763.5013,584.0706,0.0,1347.5719
nefer_07,115,0.297,0.8937,775.9991,595.1445,0.0,1371.1436
nefer_07,116,0.3097,0.9263,796.3293,613.3915,0.0,1409.7208
nefer_07,117,0.3176,0.949,810.5345,626.3485,0.0,1436.883
nefer_07,118,0.3264,0.9682,822.51,637.3868,0.0,1459.8968
nefer_07,119,0.335,0.9874,834.5166,648.588,0.0,1483.1046
nefer_07,120,0.3415,1.01,848.6716,661.9543,0.0,1510.626
nefer_07,121,0.3485,1.0412,868.1582,680.5288,0.0,1548.687
nefer_07,122,0.354,1.071,886.7833,698.466,0.0,1585.2493
nefer_07,123,0.3598,1.104,907.4029,718.4902,0.0,1625.8931
nefer_07,124,0.3675,1.1464,933.9333,744.4872,0.0,1678.4205
nefer_07,125,0.3761,1.1914,962.0505,772.3766,0.0,1734.4271
nefer_07,126,0.3858,1.2392,991.9258,802.427,0.0,1794.3528
nefer_07,127,0.3969,1.3013,1030.7508,842.1188,0.0,1872.8696
nefer_07,128,0.4073,1.3566,1066.9732,879.867,0.0,1946.8402
nefer_07,129,0.416,1.4117,1101.4403,916.4636,0.0,2017.9039
nefer_07,130,0.425,1.4518,1128.9637,946.166,0.0,2075.1296
nefer_07,131,0.4298,1.4764,1148.3035,967.396,0.0,2115.6995
nefer_07,132,0.4327,1.4994,1162.664,983.3064,0.0,2145.9704
nefer_07,133,0.4358,1.5241,1178.0818,1000.4869,0.0,2178.5687
nefer_07,134,0.4393,1.5399,1195.1859,1019.6656,0.0,2214.8515
nefer_07,135,0.4436,1.5636,1209.9949,1036.3853,0.0,2246.3802
nefer_07,136,0.4489,1.5835,1222.4111,1050.5264,0.0,2272.9375
nefer_07,137,0.4544,1.591,1231.1147,1060.5483,0.0,2291.663
nefer_07,138,0.4626,1.6057,1245.1009,1076.8374,0.0,2321.9383
nefer_07,139,0.4724,1.631,1265.9501,1101.5511,0.0,2367.5011
nefer_07,140,0.4816,1.6611,1290.8325,1131.6818,0.0,2422.5143
nefer_07,141,0.4899,1.7149,1324.4698,1173.2618,0.0,2497.7316
nefer_07,142,0.4975,1.7602,1357.3912,1214.7392,0.0,2572.1304
nefer_07,143,0.5052,1.7931,1384.4446,1249.4421,0.0,2633.8867
nefer_07,144,0.5166,1.8633,1428.3791,1306.85,0.0,2735.2291
nefer_07,145,0.5306,1.933,1476.8188,1371.9316,0.0,2848.7504
nefer_07,146,0.543,1.9901,1521.1926,1433.7089,0.0,2954.9015
nefer_07,147,0.5494,2.0305,1551.7803,1477.6968,0.0,3029.4771
nefer_07,148,0.5579,2.0873,1590.361,1534.1352,0.0,3124.4962
nefer_07,149,0.5696,2.1624,1640.0157,1608.4818,0.0,3248.4974
nefer_07,150,0.5834,2.2392,1696.7188,1696.1807,0.0,3392.8994
nefer_07,151,0.5979,2.3162,1755.4317,1790.6421,0.0,3546.0738
nefer_07,152,0.613,2.3996,1815.7169,1891.871,0.0,3707.588
nefer_07,153,0.629,2.4761,1874.6053,1995.4125,0.0,3870.0178
nefer_07,154,0.6448,2.5651,1934.0038,2105.2063,0.0,4039.2101
nefer_07,155,0.6598,2.6303,1975.9985,2186.8781,0.0,4162.8766
nefer_07,156,0.676,2.6626,1996.8447,2229.4873,0.0,4226.332
nefer_07,157,0.692,2.7077,2026.5092,2293.5416,0.0,4320.0508
nefer_07,158,0.71,2.7665,2068.3537,2389.065,0.0,4457.4188
nefer_07,159,0.729,2.7916,2100.1359,2466.4335,0.0,4566.5694
nefer_07,160,0.7483,2.854,2150.0465,2596.6863,0.0,4746.7329
nefer_07,161,0.7687,2.919,2200.8717,2739.2761,0.0,4940.1478
nefer_07,162,0.7893,2.9762,2252.0987,2894.7441,0.0,5146.8428
nefer_07,163,0.8119,3.0331,2299.7768,3051.6326,0.0,5351.4094
nefer_07,164,0.8348,3.0711,2344.637,3213.2948,0.0,5557.9319
nefer_07,165,0.8591,3.11,2386.0412,3377.2204,0.0,5763.2616
nefer_07,166,0.8844,3.1436,2423.9775,3543.5201,0.0,5967.4976
nefer_07,167,0.9117,3.1625,2457.8944,3709.1605,0.0,6167.0548
nefer_07,168,0.934,3.1813,2485.2884,3859.78,0.0,6345.0684
nefer_07,169,0.9564,3.2028,2514.6347,4037.8752,0.0,6552.5098
nefer_07,170,0.9788,3.2337,2541.1605,4215.8253,0.0,6756.9858
nefer_07,171,1.0,3.272,2567.7155,4412.9074,0.0,6980.6229
nefer_07,172,1.0,3.3055,2591.7528,4609.4821,0.0,7201.2348
nefer_07,173,1.0133,3.3223,2616.4255,4811.255,0.0,7427.6805
nefer_07,174,1.0215,3.298,2622.5305,4864.3271,0.0,7486.8576
nefer_07,175,1.0311,3.3031,2640.5111,5026.6976,0.0,7667.2087
nefer_07,176,1.0411,3.3158,2658.6278,5197.7516,0.0,7856.3794
nefer_07,177,1.0519,3.3174,2674.2591,5352.3119,0.0,8026.571
nefer_07,178,1.0625,3.3166,2686.1938,5476.4268,0.0,8162.6206
nefer_07,179,1.0747,3.3177,2703.5086,5665.1124,0.5577,8369.1787
nefer_07,180,1.0866,3.2935,2714.2653,5787.7251,2.4356,8504.426
nefer_07,181,1.0997,3.2783,2727.948,5950.7723,6.8713,8685.5917
nefer_07,182,1.113,3.2636,2744.6693,6158.1088,17.3371,8920.1152
nefer_07,183,1.1294,3.2636,2759.0868,6340.1583,35.278,9134.5231
nefer_07,184,1.1441,3.2114,2773.3301,6515.7256,73.3797,9362.4353
nefer_07,185,1.1588,3.206,2786.6918,6663.6007,140.5458,9590.8384
nefer_07,186,1.1763,3.1855,2798.0344,6764.292,235.8111,9798.1375
nefer_07,187,1.1866,3.1518,2805.693,6807.5134,336.4559,9949.6623
nefer_07,188,1.1972,3.1465,2816.4036,6848.805,506.6941,10171.9027
nefer_07,189,1.2083,3.1558,2823.1711,6864.763,631.4119,10319.3461
nefer_07,190,1.2207,3.1073,2828.0628,6870.5771,732.897,10431.537
nefer_07,191,1.2354,3.0983,2835.5224,6872.9763,905.6708,10614.1695
nefer_07,192,1.2504,3.0603,2838.3837,6872.9763,1006.6629,10718.0228
nefer_07,193,1.2663,2.9694,2840.6023,6872.9763,1178.4538,10892.0324
nefer_07,194,1.2807,2.8819,2840.6023,6872.9763,1388.6092,11102.1879
nefer_07,195,1.2958,2.8341,2840.6023,6872.9763,1582.22,11295.7986
nefer_07,196,1.3136,2.7141,2840.6023,6872.9763,1773.1803,11486.7589
nefer_07,197,1.3324,2.6149,2840.6023,6872.9763,1947.6122,11661.1908
nefer_07,198,1.3491,2.4653,2840.6023,6872.9763,2074.1481,11787.7267
nefer_07,199,1.3603,2.4287,2840.6023,6872.9763,2123.9694,11837.548
nefer_07,200,1.372,2.355,2840.6023,6872.9763,2302.3086,12015.8872
nefer_07,201,1.3813,2.2464,2840.6023,6872.9763,2440.7986,12154.3772
nefer_07,202,1.3918,2.2045,2840.6023,6872.9763,2589.0213,12302.6
nefer_07,203,1.4057,2.1322,2840.6023,6872.9763,2764.6538,12478.2324
nefer_07,204,1.4188,1.9781,2840.6023,6872.9763,2848.4929,12562.0716
nefer_07,205,1.4298,1.8711,2840.6023,6872.9763,2988.0663,12701.6449
nefer_07,206,1.4419,1.7939,2840.6023,6872.9763,3120.6031,12834.1818
nefer_07,207,1.4558,1.7025,2840.6023,6872.9763,3248.945,12962.5236
nefer_07,208,1.4692,1.6093,2840.6023,6872.9763,3286.0718,12999.6504
nefer_07,209,1.4833,1.4131,2840.6023,6872.9763,3379.0911,13092.6698
nefer_07,210,1.498,1.331,2840.6023,6872.9763,3440.6663,13154.2449
nefer_07,211,1.5138,1.2675,2840.6023,6872.9763,3515.2602,13228.8389
nefer_07,212,1.532,1.1877,2840.6023,6815.9306,3617.7708,13274.3037
nefer_07,213,1.5513,1.125,2840.6023,6758.8849,3703.005,13302.4922
nefer_07,214,1.5699,0.9934,2840.6023,6701.8392,3782.5664,13325.0079
nefer_07,215,1.5872,0.9225,2840.6023,6644.7935,3865.4078,13350.8036
nefer_07,216,1.605,0.8445,2840.6023,6587.7478,3938.5629,13366.913
nefer_07,217,1.624,0.7736,2840.6023,6530.7021,3992.7563,13364.0607
nefer_07,218,1.6427,0.6395,2840.6023,6473.6564,4046.9497,13361.2084
nefer_07,219,1.6588,0.5909,2840.6023,6416.6107,4101.1432,13358.3562
nefer_07,220,1.6746,0.541,2840.6023,6359.565,4155.3366,13355.5039
nefer_07,221,1.6925,0.5018,2840.6023,6302.5193,4209.53,13352.6516
nefer_07,222,1.712,0.4588,2840.6023,6245.4736,4263.7234,13349.7993
nefer_07,223,1.7319,0.4208,2840.6023,6188.4279,4317.9168,13346.947
nefer_07,224,1.7498,0.3458,2840.6023,6131.3821,4372.1103,13344.0947
nefer_07,225,1.7655,0.3038,2840.6023,6074.3364,4426.3037,13341.2424
nefer_07,226,1.7802,0.2791,2840.6023,6017.2907,4480.4971,13338.3902
nefer_07,227,1.7948,0.2299,2840.6023,5960.245,4534.6905,13335.5379
nefer_07,228,1.812,0.2146,2840.6023,5903.1993,4588.8839,13332.6856
nefer_07,229,1.8253,0.1897,2840.6023,5846.1536,4643.0773,13329.8333
nefer_07,230,1.8389,0.175,2840.6023,5789.1079,4697.2708,13326.981
nefer_07,231,1.8519,0.1555,2840.6023,5732.0622,4751.4642,13324.1287
nefer_07,232,1.8653,0.1319,2840.6023,5675.0165,4805.6576,13321.2765
nefer_07,233,1.8806,0.1119,2840.6023,5617.9708,4859.851,13318.4242
nefer_07,234,1.899,0.0921,2840.6023,5560.9251,4914.0444,13315.5719
nefer_07,235,1.9152,0.0736,2840.6023,5503.8794,4968.2379,13312.7196
nefer_07,236,1.9308,0.0471,2840.6023,5498.381,4973.4613,13312.4447
nefer_07,237,1.9479,0.0328,2840.6023,5498.381,4973.4613,13312.4447
nefer_07,238,1.9622,0.0168,2840.6023,5498.381,4973.4613,13312.4447
nefer_07,239,1.9778,0.0068,2840.6023,5498.381,4973.4613,13312.4447
nefer_07,240,1.9958,0.003,2840.6023,5498.381,4973.4613,13312.4447
nefer_07,241,2.0,0.0,2840.6023,5498.381,4973.4613,13312.4447
nefer_07,242,2.0,0.0,2840.6023,5498.381,4973.4613,13312.4447
nefer_07,243,2.0,0.0,2840.6023,5498.381,4973.4613,13312.4447
nefer_07,244,2.0,0.0,2840.6023,5498.381,4973.4613,13312.4447
nefer_07,245,2.0,0.0,2840.6023,5498.381,4973.4613,13312.4447
nefer_07,246,2.0,0.0,2840.6023,5498.381,4973.4613,13312.4447
nefer_07,247,2.0,0.0,2840.6023,5498.381,4973.4613,13312.4447
nefer_07,248,2.0,0.0,2840.6023,5498.381,4973.4613,13312.4447
nefer_07,249,2.0,0.0,2840.6023,5498.381,4973.4613,13312.4447
nefer_07,250,2.0,0.0,2840.6023,5498.381,4973.4613,13312.4447
nefer_07,251,2.0,0.0,2840.6023,5498.381,4973.4613,13312.4447
nefer_07,252,2.0,0.0,2840.6023,5498.381,4973.4613,13312.4447
nefer_07,253,2.0,0.0,2840.6023,5498.381,4973.4613,13312.4447
nefer_07,254,2.0,0.0,2840.6023,5498.381,4973.4613,13312.4447
nefer_07,255,2.0,0.0,2840.6023,5498.381,4973.4613,13312.4447
nefer_07,256,2.0,0.0,2840.6023,5498.381,4973.4613,13312.4447
nefer_07,257,2.0,0.0,2840.6023,5498.381,4973.4613,13312.4447
nefer_07,258,2.0,0.0,2840.6023,5498.381,4973.4613,13312.4447
nefer_07,259,2.0,0.0,2840.6023,5498.381,4973.4613,13312.4447
nefer_07,260,2.0,0.0,2840.6023,5498.381,4973.4613,13312.4447
nefer_07,261,2.0,0.0,2840.6023,5498.381,4973.4613,13312.4447
nefer_07,262,2.0,0.0,2840.6023,5498.381,4973.4613,13312.4447
nefer_07,263,2.0,0.0,2840.6023,5498.381,4973.4613,13312.4447
nefer_07,264,2.0,0.0,2840.6023,5498.381,4973.4613,13312.4447
nefer_07,265,2.0,0.0,2840.6023,5498.381,4973.4613,13312.4447
nefer_07,266,2.0,0.0,2840.6023,5498.381,4973.4613,13312.4447
nefer_07,267,2.0,0.0,2840.6023,5498.381,4973.4613,13312.4447
nefer_07,268,2.0,0.0,2840.6023,5498.381,4973.4613,13312.4447
nefer_07,269,2.0,0.0,2840.6023,5498.381,4973.4613,13312.4447
nefer_07,270,2.0,0.0,2840.6023,5498.381,4973.4613,13312.4447
nefer_07,271,2.0,0.0,2840.6023,5498.381,4973.4613,13312.4447
nefer_07,272,2.0,0.0,2840.6023,5498.381,4973.4613,13312.4447
nefer_07,273,2.0,0.0,2840.6023,5498.381,4973.4613,13312.4447
nefer_07,274,2.0,0.0,2840.6023,5498.381,4973.4613,13312.4447
nefer_07,275,2.0,0.0,2840.6023,5498.381,4973.4613,13312.4447
nefer_07,276,2.0,0.0,2840.6023,5498.381,4973.4613,13312.4447
nefer_07,277,2.0,0.0,2840.6023,5498.381,4973.4613,13312.4447
nefer_07,278,2.0,0.0,2840.6023,5498.381,4973.4613,13312.4447
nefer_07,279,2.0,0.0,2840.6023,5498.381,4973.4613,13312.4447
nefer_07,280,2.0,0.0,2840.6023,5498.381,4973.4613,13312.4447
nefer_07,281,2.0,0.0,2840.6023,5498.381,4973.4613,13312.4447
nefer_07,282,2.0,0.0,2840.6023,5498.381,4973.4613,13312.4447
nefer_07,283,2.0,0.0,2840.6023,5498.381,4973.4613,13312.4447
nefer_07,284,2.0,0.0,2840.6023,5498.381,4973.4613,13312.4447
nefer_07,285,2.0,0.0,2840.6023,5498.381,4973.4613,13312.4447
nefer_07,286,2.0,0.0,2840.6023,5498.381,4973.4613,13312.4447
nefer_07,287,2.0,0.0,2840.6023,5498.381,4973.4613,13312.4447
nefer_07,288,2.0,0.0,2840.6023,5498.381,4973.4613,13312.4447
nefer_07,289,2.0,0.0,2840.6023,5498.381,4973.4613,13312.4447
nefer_07,290,2.0,0.0,2840.6023,5498.381,4973.4613,13312.4447
nefer_07,291,2.0,0.0,2840.6023,5498.381,4973.4613,13312.4447
nefer_07,292,2.0,0.0,2840.6023,5498.381,4973.4613,13312.4447
nefer_07,293,2.0,0.0,2840.6023,5498.381,4973.4613,13312.4447
nefer_07,294,2.0,0.0,2840.6023,5498.381,4973.4613,13312.4447
nefer_07,295,2.0,0.0,2840.6023,5498.381,4973.4613,13312.4447
nefer_07,296,2.0,0.0,2840.6023,5498.381,4973.4613,13312.4447
nefer_07,297,2.0,0.0,2840.6023,5498.381,4973.4613,13312.4447
nefer_07,298,2.0,0.0,2840.6023,5498.381,4973.4613,13312.4447
nefer_07,299,2.0,0.0,2840.6023,5498.381,4973.4613,13312.4447
nefer_07,300,2.0,0.0,2840.6023,5498.381,4973.4613,13312.4447
nefer_07,301,2.0,0.0,2840.6023,5498.381,4973.4613,13312.4447
nefer_07,302,2.0,0.0,2840.6023,5498.381,4973.4613,13312.4447
nefer_07,303,2.0,0.0,2840.6023,5498.381,4973.4613,13312.4447
nefer_07,304,2.0,0.0,2840.6023,5498.381,4973.4613,13312.4447
nefer_07,305,2.0,0.0,2840.6023,5498.381,4973.4613,13312.4447
nefer_07,306,2.0,0.0,2840.6023,5498.381,4973.4613,13312.4447
nefer_07,307,2.0,0.0,2840.6023,5498.381,4973.4613,13312.4447
nefer_07,308,2.0,0.0,2840.6023,5498.381,4973.4613,13312.4447
nefer_07,309,2.0,0.0,2840.6023,5498.381,4973.4613,13312.4447
nefer_07,310,2.0,0.0,2840.6023,5498.381,4973.4613,13312.4447
nefer_07,311,2.0,0.0,2840.6023,5498.381,4973.4613,13312.4447
nefer_07,312,2.0,0.0,2840.6023,5498.381,4973.4613,13312.4447
nefer_07,313,2.0,0.0,2840.6023,5498.381,4973.4613,13312.4447
nefer_07,314,2.0,0.0,2840.6023,5498.381,4973.4613,13312.4447
nefer_07,315,2.0,0.0,2840.6023,5498.381,4973.4613,13312.4447
nefer_07,316,2.0,0.0,2840.6023,5498.381,4973.4613,13312.4447
nefer_07,317,2.0,0.0,2840.6023,5498.381,4973.4613,13312.4447
nefer_07,318,2.0,0.0,2840.6023,5498.381,4973.4613,13312.4447
nefer_07,319,2.0,0.0,2840.6023,5498.381,4973.4613,13312.4447
nefer_07,320,2.0,0.0,2840.6023,5498.381,4973.4613,13312.4447
nefer_07,321,2.0,0.0,2840.6023,5498.381,4973.4613,13312.4447
nefer_07,322,2.0,0.0,2840.6023,5498.381,4973.4613,13312.4447
nefer_07,323,2.0,0.0,2840.6023,5498.381,4973.4613,13312.4447
nefer_07,324,2.0,0.0,2840.6023,5498.381,4973.4613,13312.4447
nefer_07,325,2.0,0.0,2840.6023,5498.381,4973.4613,13312.4447
nefer_07,326,2.0,0.0,2840.6023,5498.381,4973.4613,13312.4447
nefer_07,327,2.0,0.0,2840.6023,5498.381,4973.4613,13312.4447
nefer_07,328,2.0,0.0,2840.6023,5498.381,4973.4613,13312.4447
nefer_07,329,2.0,0.0,2840.6023,5498.381,4973.4613,13312.4447
nefer_07,330,2.0,0.0,2840.6023,5498.381,4973.4613,13312.4447
nefer_07,331,2.0,0.0,2840.6023,5498.381,4973.4613,13312.4447
nefer_07,332,2.0,0.0,2840.6023,5498.381,4973.4613,13312.4447
nefer_07,333,2.0,0.0,2840.6023,5498.381,4973.4613,13312.4447
nefer_07,334,2.0,0.0,2840.6023,5498.381,4973.4613,13312.4447
nefer_07,335,2.0,0.0,2840.6023,5498.381,4973.4613,13312.4447
nefer_07,336,2.0,0.0,2840.6023,5498.381,4973.4613,13312.4447
nefer_07,337,2.0,0.0,2840.6023,5498.381,4973.4613,13312.4447
nefer_07,338,2.0,0.0,2840.6023,5498.381,4973.4613,13312.4447
nefer_07,339,2.0,0.0,2840.6023,5498.381,4973.4613,13312.4447
nefer_07,340,2.0,0.0,2840.6023,5498.381,4973.4613,13312.4447
nefer_07,341,2.0,0.0,2840.6023,5498.381,4973.4613,13312.4447
nefer_07,342,2.0,0.0,2840.6023,5498.381,4973.4613,13312.4447
nefer_07,343,2.0,0.0,2840.6023,5498.381,4973.4613,13312.4447
nefer_07,344,2.0,0.0,2840.6023,5498.381,4973.4613,13312.4447
nefer_07,345,2.0,0.0,2840.6023,5498.381,4973.4613,13312.4447
nefer_07,346,2.0,0.0,2840.6023,5498.381,4973.4613,13312.4447
nefer_07,347,2.0,0.0,2840.6023,5498.381,4973.4613,13312.4447
nefer_07,348,2.0,0.0,2840.6023,5498.381,4973.4613,13312.4447
nefer_07,349,2.0,0.0,2840.6023,5498.381,4973.4613,13312.4447
nefer_07,350,2.0,0.0,2840.6023,5498.381,4973.4613,13312.4447
nefer_07,351,2.0,0.0,2840.6023,5498.381,4973.4613,13312.4447
nefer_07,352,2.0,0.0,2840.6023,5498.381,4973.4613,13312.4447
nefer_07,353,2.0,0.0,2840.6023,5498.381,4973.4613,13312.4447
nefer_07,354,2.0,0.0,2840.6023,5498.381,4973.4613,13312.4447
nefer_07,355,2.0,0.0,2840.6023,5498.381,4973.4613,13312.4447
nefer_07,356,2.0,0.0,2840.6023,5498.381,4973.4613,13312.4447
nefer_07,357,2.0,0.0,2840.6023,5498.381,4973.4613,13312.4447
nefer_07,358,2.0,0.0,2840.6023,5498.381,4973.4613,13312.4447
nefer_07,359,2.0,0.0,2840.6023,5498.381,4973.4613,13312.4447
nefer_07,360,2.0,0.0,2840.6023,5498.381,4973.4613,13312.4447
nefer_07,361,2.0,0.0,2840.6023,5498.381,4973.4613,13312.4447
nefer_07,362,2.0,0.0,2840.6023,5498.381,4973.4613,13312.4447
nefer_07,363,2.0,0.0,2840.6023,5498.381,4973.4613,13312.4447
nefer_07,364,2.0,0.0,2840.6023,5498.381,4973.4613,13312.4447
nefer_08,0,-0.1,0.2319,144.9397,105.0603,0.0,250.0
nefer_08,1,0.0,0.2319,144.9397,105.0603,0.0,250.0
nefer_08,2,0.0,0.2419,151.1648,109.5725,0.0,260.7373
nefer_08,3,0.0,0.2472,154.4993,111.9896,0.0,266.4889
nefer_08,4,0.0,0.2519,157.4343,114.117,0.0,271.5513
nefer_08,5,0.0,0.2605,162.8051,118.01,0.0,280.8151
nefer_08,6,0.0,0.2693,168.284,121.9815,0.0,290.2655
nefer_08,7,0.0,0.2798,174.8983,126.7758,0.0,301.6741
nefer_08,8,0.0,0.2879,179.96,130.4448,0.0,310.4048
nefer_08,9,0.0,0.2945,184.042,133.4037,0.0,317.4457
nefer_08,10,0.0,0.3038,189.9058,137.6541,0.0,327.56
nefer_08,11,0.0,0.311,194.3586,140.8818,0.0,335.2404
nefer_08,12,0.0,0.3186,199.0952,144.3151,0.0,343.4103
nefer_08,13,0.0,0.3236,202.223,146.5823,0.0,348.8053
nefer_08,14,0.0,0.3277,204.8266,148.4695,0.0,353.2961
nefer_08,15,0.0001,0.3401,212.5365,154.0581,0.0,366.5945
nefer_08,16,0.0003,0.3499,218.6773,158.5095,0.0,377.1867
nefer_08,17,0.0005,0.3539,221.1611,160.31,0.0,381.4712
nefer_08,18,0.0007,0.3601,225.0871,163.1563,0.0,388.2435
nefer_08,19,0.0011,0.3724,232.7471,168.7102,0.0,401.4572
nefer_08,20,0.0014,0.3788,236.7704,171.6276,0.0,408.398
nefer_08,21,0.0017,0.3864,241.5282,175.078,0.0,416.6062
nefer_08,22,0.0021,0.3945,246.5673,178.7328,0.0,425.3001
nefer_08,23,0.0027,0.4042,252.6484,183.1441,0.0,435.7925
nefer_08,24,0.0035,0.4116,257.2539,186.4857,0.0,443.7395
nefer_08,25,0.0045,0.422,263.7808,191.2227,0.0,455.0034
nefer_08,26,0.0057,0.4296,268.4719,194.6285,0.0,463.1004
nefer_08,27,0.007,0.4431,276.9184,200.7634,0.0,477.6818
nefer_08,28,0.0078,0.4512,281.9711,204.4351,0.0,486.4062
nefer_08,29,0.0087,0.4555,284.681,206.4049,0.0,491.0858
nefer_08,30,0.0096,0.4589,286.7865,207.9358,0.0,494.7223
nefer_08,31,0.0104,0.4663,291.4551,211.3314,0.0,502.7865
nefer_08,32,0.0112,0.4713,294.5476,213.5814,0.0,508.129
nefer_08,33,0.012,0.4785,299.0834,216.8824,0.0,515.9658
nefer_08,34,0.0131,0.486,303.7602,220.2871,0.0,524.0473
nefer_08,35,0.0138,0.4907,306.6643,222.4021,0.0,529.0664
nefer_08,36,0.0147,0.497,310.6308,225.2917,0.0,535.9226
nefer_08,37,0.0162,0.5046,315.3875,228.758,0.0,544.1455
nefer_08,38,0.0178,0.5118,319.8482,232.0104,0.0,551.8586
nefer_08,39,0.0188,0.5141,321.3183,233.0829,0.0,554.4012
nefer_08,40,0.0196,0.5166,322.8699,234.2154,0.0,557.0853
nefer_08,41,0.0197,0.5166,322.8699,234.2154,0.0,557.0853
nefer_08,42,0.0198,0.5166,322.8699,234.2154,0.0,557.0853
nefer_08,43,0.0199,0.5166,322.8699,234.2154,0.0,557.0853
nefer_08,44,0.0201,0.5166,322.8699,234.2154,0.0,557.0853
nefer_08,45,0.0206,0.5166,322.8699,234.2154,0.0,557.0853
nefer_08,46,0.0206,0.5166,322.8699,234.2154,0.0,557.0853
nefer_08,47,0.0206,0.5166,322.8699,234.2154,0.0,557.0853
nefer_08,48,0.0206,0.5166,322.8699,234.2154,0.0,557.0853
nefer_08,49,0.0224,0.5166,322.8699,234.2154,0.0,557.0853
nefer_08,50,0.024,0.5166,322.8699,234.2154,0.0,557.0853
nefer_08,51,0.0258,0.5166,322.8699,234.2154,0.0,557.0853
nefer_08,52,0.0284,0.5166,322.8699,234.2154,0.0,557.0853
nefer_08,53,0.0321,0.5177,323.5325,234.7008,0.0,558.2333
nefer_08,54,0.0355,0.5223,326.4418,236.8352,0.0,563.277
nefer_08,55,0.0381,0.5318,332.3921,241.2068,0.0,573.5989
nefer_08,56,0.0411,0.5423,338.9261,246.0124,0.0,584.9385
nefer_08,57,0.0442,0.5477,342.3235,248.5143,0.0,590.8378
nefer_08,58,0.0477,0.5579,348.6927,253.2108,0.0,601.9035
nefer_08,59,0.0513,0.5703,356.4507,258.9399,0.0,615.3906
nefer_08,60,0.0549,0.5814,363.3842,264.0682,0.0,627.4524
nefer_08,61,0.0583,0.5887,367.9207,267.4289,0.0,635.3496
nefer_08,62,0.0629,0.6045,377.8418,274.7902,0.0,652.632
nefer_08,63,0.0667,0.6178,386.1281,280.9516,0.0,667.0797
nefer_08,64,0.0702,0.6302,393.8922,286.7352,0.0,680.6274
nefer_08,65,0.0746,0.6418,401.1323,292.1371,0.0,693.2694
nefer_08,66,0.0786,0.6545,409.05,298.0575,0.0,707.1076
nefer_08,67,0.0822,0.6641,415.0613,302.5611,0.0,717.6225
nefer_08,68,0.0858,0.6771,423.2024,308.6715,0.0,731.8739
nefer_08,69,0.0894,0.6899,431.1921,314.6794,0.0,745.8715
nefer_08,70,0.0936,0.7061,441.3428,322.3264,0.0,763.6692
nefer_08,71,0.0983,0.7231,451.9608,330.3436,0.0,782.3044
nefer_08,72,0.1034,0.7301,456.3127,333.6379,0.0,789.9507
nefer_08,73,0.1082,0.7423,463.9355,339.4243,0.0,803.3597
nefer_08,74,0.1119,0.7516,469.7393,343.8419,0.0,813.5812
nefer_08,75,0.1143,0.761,475.6031,348.3147,0.0,823.9178
nefer_08,76,0.1148,0.7624,476.5188,349.0141,0.0,825.533
nefer_08,77,0.115,0.7625,476.5543,349.0412,0.0,825.5955
nefer_08,78,0.115,0.7625,476.5543,349.0412,0.0,825.5955
nefer_08,79,0.115,0.7625,476.5543,349.0412,0.0,825.5955
nefer_08,80,0.115,0.7625,476.5543,349.0412,0.0,825.5955
nefer_08,81,0.1156,0.7625,476.5543,349.0412,0.0,825.5955
nefer_08,82,0.1163,0.7625,476.5543,349.0412,0.0,825.5955
nefer_08,83,0.1176,0.7625,476.5543,349.0412,0.0,825.5955
nefer_08,84,0.1187,0.7625,476.5543,349.0412,0.0,825.5955
nefer_08,85,0.1201,0.7625,476.5543,349.0412,0.0,825.5955
nefer_08,86,0.122,0.7625,476.5543,349.0412,0.0,825.5955
nefer_08,87,0.1249,0.7625,476.5543,349.0412,0.0,825.5955
nefer_08,88,0.1286,0.7625,476.5543,349.0412,0.0,825.5955
nefer_08,89,0.1332,0.7625,476.5543,349.0412,0.0,825.5955
nefer_08,90,0.1371,0.7652,478.2731,350.3694,0.0,828.6425
nefer_08,91,0.1412,0.7747,484.164,354.9328,0.0,839.0968
nefer_08,92,0.1458,0.7826,489.1159,358.7791,0.0,847.895
nefer_08,93,0.1496,0.7978,498.6422,366.2013,0.0,864.8435
nefer_08,94,0.1542,0.8156,509.7262,374.8591,0.0,884.5853
nefer_08,95,0.1609,0.8377,523.5842,385.7188,0.0,909.303
nefer_08,96,0.1667,0.8509,531.7929,392.1818,0.0,923.9747
nefer_08,97,0.1718,0.8715,544.7105,402.3956,0.0,947.1061
nefer_08,98,0.1793,0.8893,555.7828,411.1836,0.0,966.9665
nefer_08,99,0.1853,0.9127,570.4299,422.8751,0.0,993.305
nefer_08,100,0.1921,0.9395,587.17,436.3006,0.0,1023.4706
nefer_08,101,0.1981,0.9521,595.0522,442.6569,0.0,1037.7091
nefer_08,102,0.2021,0.9631,601.9178,448.2212,0.0,1050.139
nefer_08,103,0.2079,0.9867,616.6644,460.2136,0.0,1076.8781
nefer_08,104,0.2141,1.0109,631.8256,472.6048,0.0,1104.4304
nefer_08,105,0.2195,1.0248,640.5306,479.7587,0.0,1120.2894
nefer_08,106,0.2258,1.045,653.1079,490.1451,0.0,1143.253
nefer_08,107,0.2334,1.075,671.8655,505.7273,0.0,1177.5928
nefer_08,108,0.2403,1.0982,686.3961,517.8852,0.0,1204.2813
nefer_08,109,0.2467,1.1171,698.1795,527.8114,0.0,1225.9909
nefer_08,110,0.2533,0.7932,713.1718,540.523,0.0,1253.6948
nefer_08,111,0.2607,0.8117,724.7161,550.3791,0.0,1275.0952
nefer_08,112,0.2686,0.8294,735.8111,559.9263,0.0,1295.7374
nefer_08,113,0.2764,0.8511,749.348,571.6762,0.0,1321.0242
nefer_08,114,0.2864,0.8737,763.5013,584.0706,0.0,1347.5719
nefer_08,115,0.297,0.8937,775.9991,595.1445,0.0,1371.1436
nefer_08,116,0.3097,0.9263,796.3293,613.3915,0.0,1409.7208
nefer_08,117,0.3176,0.949,810.5345,626.3485,0.0,1436.883
nefer_08,118,0.3264,0.9682,822.51,637.3868,0.0,1459.8968
nefer_08,119,0.335,0.9874,834.5166,648.588,0.0,1483.1046
nefer_08,120,0.3415,1.0053,845.7164,659.1637,0.0,1504.8801
nefer_08,121,0.3485,1.0256,858.4141,671.2672,0.0,1529.6813
nefer_08,122,0.354,1.0419,868.617,681.0932,0.0,1549.7101
nefer_08,123,0.3598,1.0591,879.3763,691.5419,0.0,1570.9182
nefer_08,124,0.3675,1.0812,893.1687,705.0569,0.0,1598.2256
nefer_08,125,0.3761,1.104,907.4234,719.1961,0.0,1626.6195
nefer_08,126,0.3858,1.128,922.3875,734.248,0.0,1656.6355
nefer_08,127,0.3969,1.1594,942.0417,754.3409,0.0,1696.3826
nefer_08,128,0.4073,1.1859,960.4768,773.5525,0.0,1734.0293
nefer_08,129,0.416,1.2102,975.663,789.677,0.0,1765.34
nefer_08,130,0.425,1.2276,989.3292,804.4252,0.0,1793.7544
nefer_08,131,0.4298,1.2325,996.9245,812.7628,0.0,1809.6874
nefer_08,132,0.4327,1.2395,1001.2577,817.5637,0.0,1818.8215
nefer_08,133,0.4358,1.247,1005.9871,822.8338,0.0,1828.8209
nefer_08,134,0.4393,1.2408,1011.3152,828.8082,0.0,1840.1235
nefer_08,135,0.4436,1.2478,1015.677,833.7328,0.0,1849.4098
nefer_08,136,0.4489,1.2542,1019.6796,838.2913,0.0,1857.9709
nefer_08,137,0.4544,1.2549,1021.5794,840.4789,0.0,1862.0582
nefer_08,138,0.4626,1.2506,1025.3189,844.8342,0.0,1870.1531
nefer_08,139,0.4724,1.2542,1031.9177,852.6561,0.0,1884.5737
nefer_08,140,0.4816,1.2586,1041.602,864.3831,0.0,1905.9851
nefer_08,141,0.4899,1.2775,1053.4199,878.9915,0.0,1932.4113
nefer_08,142,0.4975,1.2901,1064.6819,893.1804,0.0,1957.8624
nefer_08,143,0.5052,1.2932,1074.727,906.0658,0.0,1980.7928
nefer_08,144,0.5166,1.3188,1090.7125,926.9536,0.0,2017.6661
nefer_08,145,0.5306,1.3447,1110.0056,952.875,0.0,2062.8806
nefer_08,146,0.543,1.3529,1126.3663,975.6523,0.0,2102.0186
nefer_08,147,0.5494,1.3627,1134.5766,987.4596,0.0,2122.0362
nefer_08,148,0.5579,1.3752,1145.5945,1003.5772,0.0,2149.1717
nefer_08,149,0.5696,1.3959,1160.2806,1025.5663,0.0,2185.8468
nefer_08,150,0.5834,1.4058,1177.576,1052.316,0.0,2229.8919
nefer_08,151,0.5979,1.4199,1195.0726,1080.4657,0.0,2275.5382
nefer_08,152,0.613,1.4378,1212.7068,1110.0765,0.0,2322.7833
nefer_08,153,0.629,1.4488,1230.7853,1141.8633,0.0,2372.6487
nefer_08,154,0.6448,1.4754,1247.8841,1173.4692,0.0,2421.3534
nefer_08,155,0.6598,1.4971,1261.8463,1200.6231,0.0,2462.4694
nefer_08,156,0.676,1.5118,1271.2954,1219.9368,0.0,2491.2322
nefer_08,157,0.692,1.5294,1282.9044,1245.0041,0.0,2527.9085
nefer_08,158,0.71,1.5452,1297.6169,1278.59,0.0,2576.207
nefer_08,159,0.729,1.5375,1309.912,1308.5203,0.0,2618.4323
nefer_08,160,0.7483,1.5497,1324.5852,1346.8134,0.0,2671.3987
nefer_08,161,0.7687,1.5571,1338.3644,1385.4707,0.0,2723.835
nefer_08,162,0.7893,1.5556,1351.1073,1424.1441,0.0,2775.2515
nefer_08,163,0.8119,1.5591,1362.3318,1461.0791,0.0,2823.4109
nefer_08,164,0.8348,1.543,1372.8,1498.8031,0.0,2871.6031
nefer_08,165,0.8591,1.536,1381.8751,1534.733,0.0,2916.6081
nefer_08,166,0.8844,1.5241,1389.7862,1569.4125,0.0,2959.1987
nefer_08,167,0.9117,1.502,1396.338,1601.4096,0.0,2997.7476
nefer_08,168,0.934,1.4922,1403.2921,1639.6453,0.0,3042.9374
nefer_08,169,0.9564,1.4796,1409.9179,1679.8554,0.0,3089.7733
nefer_08,170,0.9788,1.4831,1415.9175,1720.1039,0.0,3136.0214
nefer_08,171,1.0,1.4913,1421.6386,1762.5641,0.0,3184.2027
nefer_08,172,1.0,1.4974,1426.8533,1805.2097,0.0,3232.063
nefer_08,173,1.0133,1.4796,1432.0686,1847.8603,0.0,3279.929
nefer_08,174,1.0215,1.4455,1433.9956,1864.6116,0.0,3298.6072
nefer_08,175,1.0311,1.4356,1437.4667,1895.9568,0.0,3333.4235
nefer_08,176,1.0411,1.4283,1440.9267,1928.6252,0.0,3369.5519
nefer_08,177,1.0519,1.4083,1444.3726,1962.6989,0.0,3407.0716
nefer_08,178,1.0625,1.3983,1447.2636,1992.763,0.0,3440.0266
nefer_08,179,1.0747,1.3754,1450.9039,2032.433,0.1173,3483.4541
nefer_08,180,1.0866,1.3342,1453.677,2064.0428,0.6014,3518.3211
nefer_08,181,1.0997,1.309,1456.5914,2098.7712,1.5462,3556.9087
nefer_08,182,1.113,1.2704,1459.4169,2133.8065,3.3147,3596.5381
nefer_08,183,1.1294,1.2642,1461.3762,2158.5464,5.7528,3625.6754
nefer_08,184,1.1441,1.1635,1463.5291,2185.0837,11.5119,3660.1247
nefer_08,185,1.1588,1.166,1465.3059,2204.7477,20.4434,3690.497
nefer_08,186,1.1763,1.1293,1466.5676,2215.9485,31.0406,3713.5567
nefer_08,187,1.1866,1.0838,1467.8139,2222.9821,47.4189,3738.2149
nefer_08,188,1.1972,1.0792,1469.1317,2228.0624,68.3643,3765.5584
nefer_08,189,1.2083,1.0807,1470.2329,2230.6589,88.6571,3789.5489
nefer_08,190,1.2207,1.0024,1471.2345,2231.8495,109.4382,3812.5222
nefer_08,191,1.2354,1.0036,1472.1032,2232.1289,129.5589,3833.791
nefer_08,192,1.2504,0.9595,1472.5075,2232.1289,143.8279,3848.4643
nefer_08,193,1.2663,0.9013,1472.7102,2232.1289,159.5183,3864.3573
nefer_08,194,1.2807,0.8633,1472.7102,2232.1289,178.2808,3883.1198
nefer_08,195,1.2958,0.8464,1472.7102,2232.1289,193.2224,3898.0614
nefer_08,196,1.3136,0.7634,1472.7102,2232.1289,199.811,3904.65
nefer_08,197,1.3324,0.7356,1472.7102,2232.1289,199.811,3904.65
nefer_08,198,1.3491,0.6767,1472.7102,2232.1289,202.4839,3907.3229
nefer_08,199,1.3603,0.6767,1472.7102,2232.1289,206.0651,3910.9042
nefer_08,200,1.372,0.6536,1472.7102,2232.1289,217.881,3922.72
nefer_08,201,1.3813,0.6097,1472.7102,2232.1289,224.6884,3929.5274
nefer_08,202,1.3918,0.6075,1472.7102,2232.1289,231.9573,3936.7963
nefer_08,203,1.4057,0.5703,1472.7102,2232.1289,239.0182,3943.8572
nefer_08,204,1.4188,0.5038,1472.7102,2232.1289,241.6791,3946.5181
nefer_08,205,1.4298,0.4913,1472.7102,2232.1289,245.6418,3950.4808
nefer_08,206,1.4419,0.4627,1472.7102,2232.1289,249.5354,3954.3744
nefer_08,207,1.4558,0.4361,1472.7102,2232.1289,249.9326,3954.7716
nefer_08,208,1.4692,0.4081,1472.7102,2232.1289,249.9326,3954.7716
nefer_08,209,1.4833,0.3383,1472.7102,2232.1289,249.9326,3954.7716
nefer_08,210,1.498,0.3332,1472.7102,2232.1289,249.9326,3954.7716
nefer_08,211,1.5138,0.3032,1472.7102,2232.1289,249.9326,3954.7716
nefer_08,212,1.532,0.2694,1472.7102,2213.6022,267.5329,3953.8453
nefer_08,213,1.5513,0.2524,1472.7102,2195.0755,285.1333,3952.9189
nefer_08,214,1.5699,0.1991,1472.7102,2176.5489,302.7336,3951.9926
nefer_08,215,1.5872,0.1943,1472.7102,2158.0222,320.3339,3951.0663
nefer_08,216,1.605,0.1678,1472.7102,2139.4955,337.9343,3950.1399
nefer_08,217,1.624,0.1557,1472.7102,2120.9688,355.5346,3949.2136
nefer_08,218,1.6427,0.118,1472.7102,2102.4422,373.1349,3948.2873
nefer_08,219,1.6588,0.118,1472.7102,2083.9155,390.7353,3947.3609
nefer_08,220,1.6746,0.1046,1472.7102,2065.3888,408.3356,3946.4346
nefer_08,221,1.6925,0.096,1472.7102,2046.8622,425.936,3945.5083
nefer_08,222,1.712,0.0858,1472.7102,2028.3355,443.5363,3944.5819
nefer_08,223,1.7319,0.0778,1472.7102,2009.8088,461.1366,3943.6556
nefer_08,224,1.7498,0.0582,1472.7102,1991.2822,478.737,3942.7293
nefer_08,225,1.7655,0.0526,1472.7102,1972.7555,496.3373,3941.8029
nefer_08,226,1.7802,0.048,1472.7102,1954.2288,513.9376,3940.8766
nefer_08,227,1.7948,0.0355,1472.7102,1935.7022,531.538,3939.9503
nefer_08,228,1.812,0.0355,1472.7102,1917.1755,549.1383,3939.0239
nefer_08,229,1.8253,0.0278,1472.7102,1898.6488,566.7386,3938.0976
nefer_08,230,1.8389,0.0258,1472.7102,1880.1221,584.339,3937.1713
nefer_08,231,1.8519,0.0207,1472.7102,1861.5955,601.9393,3936.2449
nefer_08,232,1.8653,0.0173,1472.7102,1843.0688,619.5396,3935.3186
nefer_08,233,1.8806,0.0149,1472.7102,1824.5421,637.14,3934.3923
nefer_08,234,1.899,0.0116,1472.7102,1806.0155,654.7403,3933.4659
nefer_08,235,1.9152,0.0095,1472.7102,1787.4888,672.3407,3932.5396
nefer_08,236,1.9308,0.0053,1472.7102,1785.7031,674.0371,3932.4503
nefer_08,237,1.9479,0.0047,1472.7102,1785.7031,674.0371,3932.4503
nefer_08,238,1.9622,0.0007,1472.7102,1785.7031,674.0371,3932.4503
nefer_08,239,1.9778,0.0007,1472.7102,1785.7031,674.0371,3932.4503
nefer_08,240,1.9958,0.0001,1472.7102,1785.7031,674.0371,3932.4503
nefer_08,241,2.0,0.0,1472.7102,1785.7031,674.0371,3932.4503
nefer_08,242,2.0,0.0,1472.7102,1785.7031,674.0371,3932.4503
nefer_08,243,2.0,0.0,1472.7102,1785.7031,674.0371,3932.4503
nefer_08,244,2.0,0.0,1472.7102,1785.7031,674.0371,3932.4503
nefer_08,245,2.0,0.0,1472.7102,1785.7031,674.0371,3932.4503
nefer_08,246,2.0,0.0,1472.7102,1785.7031,674.0371,3932.4503
nefer_08,247,2.0,0.0,1472.7102,1785.7031,674.0371,3932.4503
nefer_08,248,2.0,0.0,1472.7102,1785.7031,674.0371,3932.4503
nefer_08,249,2.0,0.0,1472.7102,1785.7031,674.0371,3932.4503
nefer_08,250,2.0,0.0,1472.7102,1785.7031,674.0371,3932.4503
nefer_08,251,2.0,0.0,1472.7102,1785.7031,674.0371,3932.4503
nefer_08,252,2.0,0.0,1472.7102,1785.7031,674.0371,3932.4503
nefer_08,253,2.0,0.0,1472.7102,1785.7031,674.0371,3932.4503
nefer_08,254,2.0,0.0,1472.7102,1785.7031,674.0371,3932.4503
nefer_08,255,2.0,0.0,1472.7102,1785.7031,674.0371,3932.4503
nefer_08,256,2.0,0.0,1472.7102,1785.7031,674.0371,3932.4503
nefer_08,257,2.0,0.0,1472.7102,1785.7031,674.0371,3932.4503
nefer_08,258,2.0,0.0,1472.7102,1785.7031,674.0371,3932.4503
nefer_08,259,2.0,0.0,1472.7102,1785.7031,674.0371,3932.4503
nefer_08,260,2.0,0.0,1472.7102,1785.7031,674.0371,3932.4503
nefer_08,261,2.0,0.0,1472.7102,1785.7031,674.0371,3932.4503
nefer_08,262,2.0,0.0,1472.7102,1785.7031,674.0371,3932.4503
nefer_08,263,2.0,0.0,1472.7102,1785.7031,674.0371,3932.4503
nefer_08,264,2.0,0.0,1472.7102,1785.7031,674.0371,3932.4503
nefer_08,265,2.0,0.0,1472.7102,1785.7031,674.0371,3932.4503
nefer_08,266,2.0,0.0,1472.7102,1785.7031,674.0371,3932.4503
nefer_08,267,2.0,0.0,1472.7102,1785.7031,674.0371,3932.4503
nefer_08,268,2.0,0.0,1472.7102,1785.7031,674.0371,3932.4503
nefer_08,269,2.0,0.0,1472.7102,1785.7031,674.0371,3932.4503
nefer_08,270,2.0,0.0,1472.7102,1785.7031,674.0371,3932.4503
nefer_08,271,2.0,0.0,1472.7102,1785.7031,674.0371,3932.4503
nefer_08,272,2.0,0.0,1472.7102,1785.7031,674.0371,3932.4503
nefer_08,273,2.0,0.0,1472.7102,1785.7031,674.0371,3932.4503
nefer_08,274,2.0,0.0,1472.7102,1785.7031,674.0371,3932.4503
nefer_08,275,2.0,0.0,1472.7102,1785.7031,674.0371,3932.4503
nefer_08,276,2.0,0.0,1472.7102,1785.7031,674.0371,3932.4503
nefer_08,277,2.0,0.0,1472.7102,1785.7031,674.0371,3932.4503
nefer_08,278,2.0,0.0,1472.7102,1785.7031,674.0371,3932.4503
nefer_08,279,2.0,0.0,1472.7102,1785.7031,674.0371,3932.4503
nefer_08,280,2.0,0.0,1472.7102,1785.7031,674.0371,3932.4503
nefer_08,281,2.0,0.0,1472.7102,1785.7031,674.0371,3932.4503
nefer_08,282,2.0,0.0,1472.7102,1785.7031,674.0371,3932.4503
nefer_08,283,2.0,0.0,1472.7102,1785.7031,674.0371,3932.4503
nefer_08,284,2.0,0.0,1472.7102,1785.7031,674.0371,3932.4503
nefer_08,285,2.0,0.0,1472.7102,1785.7031,674.0371,3932.4503
nefer_08,286,2.0,0.0,1472.7102,1785.7031,674.0371,3932.4503
nefer_08,287,2.0,0.0,1472.7102,1785.7031,674.0371,3932.4503
nefer_08,288,2.0,0.0,1472.7102,1785.7031,674.0371,3932.4503
nefer_08,289,2.0,0.0,1472.7102,1785.7031,674.0371,3932.4503
nefer_08,290,2.0,0.0,1472.7102,1785.7031,674.0371,3932.4503
nefer_08,291,2.0,0.0,1472.7102,1785.7031,674.0371,3932.4503
nefer_08,292,2.0,0.0,1472.7102,1785.7031,674.0371,3932.4503
nefer_08,293,2.0,0.0,1472.7102,1785.7031,674.0371,3932.4503
nefer_08,294,2.0,0.0,1472.7102,1785.7031,674.0371,3932.4503
nefer_08,295,2.0,0.0,1472.7102,1785.7031,674.0371,3932.4503
nefer_08,296,2.0,0.0,1472.7102,1785.7031,674.0371,3932.4503
nefer_08,297,2.0,0.0,1472.7102,1785.7031,674.0371,3932.4503
nefer_08,298,2.0,0.0,1472.7102,1785.7031,674.0371,3932.4503
nefer_08,299,2.0,0.0,1472.7102,1785.7031,674.0371,3932.4503
nefer_08,300,2.0,0.0,1472.7102,1785.7031,674.0371,3932.4503
nefer_08,301,2.0,0.0,1472.7102,1785.7031,674.0371,3932.4503
nefer_08,302,2.0,0.0,1472.7102,1785.7031,674.0371,3932.4503
nefer_08,303,2.0,0.0,1472.7102,1785.7031,674.0371,3932.4503
nefer_08,304,2.0,0.0,1472.7102,1785.7031,674.0371,3932.4503
nefer_08,305,2.0,0.0,1472.7102,1785.7031,674.0371,3932.4503
nefer_08,306,2.0,0.0,1472.7102,1785.7031,674.0371,3932.4503
nefer_08,307,2.0,0.0,1472.7102,1785.7031,674.0371,3932.4503
nefer_08,308,2.0,0.0,1472.7102,1785.7031,674.0371,3932.4503
nefer_08,309,2.0,0.0,1472.7102,1785.7031,674.0371,3932.4503
nefer_08,310,2.0,0.0,1472.7102,1785.7031,674.0371,3932.4503
nefer_08,311,2.0,0.0,1472.7102,1785.7031,674.0371,3932.4503
nefer_08,312,2.0,0.0,1472.7102,1785.7031,674.0371,3932.4503
nefer_08,313,2.0,0.0,1472.7102,1785.7031,674.0371,3932.4503
nefer_08,314,2.0,0.0,1472.7102,1785.7031,674.0371,3932.4503
nefer_08,315,2.0,0.0,1472.7102,1785.7031,674.0371,3932.4503
nefer_08,316,2.0,0.0,1472.7102,1785.7031,674.0371,3932.4503
nefer_08,317,2.0,0.0,1472.7102,1785.7031,674.0371,3932.4503
nefer_08,318,2.0,0.0,1472.7102,1785.7031,674.0371,3932.4503
nefer_08,319,2.0,0.0,1472.7102,1785.7031,674.0371,3932.4503
nefer_08,320,2.0,0.0,1472.7102,1785.7031,674.0371,3932.4503
nefer_08,321,2.0,0.0,1472.7102,1785.7031,674.0371,3932.4503
nefer_08,322,2.0,0.0,1472.7102,1785.7031,674.0371,3932.4503
nefer_08,323,2.0,0.0,1472.7102,1785.7031,674.0371,3932.4503
nefer_08,324,2.0,0.0,1472.7102,1785.7031,674.0371,3932.4503
nefer_08,325,2.0,0.0,1472.7102,1785.7031,674.0371,3932.4503
nefer_08,326,2.0,0.0,1472.7102,1785.7031,674.0371,3932.4503
nefer_08,327,2.0,0.0,1472.7102,1785.7031,674.0371,3932.4503
nefer_08,328,2.0,0.0,1472.7102,1785.7031,674.0371,3932.4503
nefer_08,329,2.0,0.0,1472.7102,1785.7031,674.0371,3932.4503
nefer_08,330,2.0,0.0,1472.7102,1785.7031,674.0371,3932.4503
nefer_08,331,2.0,0.0,1472.7102,1785.7031,674.0371,3932.4503
nefer_08,332,2.0,0.0,1472.7102,1785.7031,674.0371,3932.4503
nefer_08,333,2.0,0.0,1472.7102,1785.7031,674.0371,3932.4503
nefer_08,334,2.0,0.0,1472.7102,1785.7031,674.0371,3932.4503
nefer_08,335,2.0,0.0,1472.7102,1785.7031,674.0371,3932.4503
nefer_08,336,2.0,0.0,1472.7102,1785.7031,674.0371,3932.4503
nefer_08,337,2.0,0.0,1472.7102,1785.7031,674.0371,3932.4503
nefer_08,338,2.0,0.0,1472.7102,1785.7031,674.0371,3932.4503
nefer_08,339,2.0,0.0,1472.7102,1785.7031,674.0371,3932.4503
nefer_08,340,2.0,0.0,1472.7102,1785.7031,674.0371,3932.4503
nefer_08,341,2.0,0.0,1472.7102,1785.7031,674.0371,3932.4503
nefer_08,342,2.0,0.0,1472.7102,1785.7031,674.0371,3932.4503
nefer_08,343,2.0,0.0,1472.7102,1785.7031,674.0371,3932.4503
nefer_08,344,2.0,0.0,1472.7102,1785.7031,674.0371,3932.4503
nefer_08,345,2.0,0.0,1472.7102,1785.7031,674.0371,3932.4503
nefer_08,346,2.0,0.0,1472.7102,1785.7031,674.0371,3932.4503
nefer_08,347,2.0,0.0,1472.7102,1785.7031,674.0371,3932.4503
nefer_08,348,2.0,0.0,1472.7102,1785.7031,674.0371,3932.4503
nefer_08,349,2.0,0.0,1472.7102,1785.7031,674.0371,3932.4503
nefer_08,350,2.0,0.0,1472.7102,1785.7031,674.0371,3932.4503
nefer_08,351,2.0,0.0,1472.7102,1785.7031,674.0371,3932.4503
nefer_08,352,2.0,0.0,1472.7102,1785.7031,674.0371,3932.4503
nefer_08,353,2.0,0.0,1472.7102,1785.7031,674.0371,3932.4503
nefer_08,354,2.0,0.0,1472.7102,1785.7031,674.0371,3932.4503
nefer_08,355,2.0,0.0,1472.7102,1785.7031,674.0371,3932.4503
nefer_08,356,2.0,0.0,1472.7102,1785.7031,674.0371,3932.4503
nefer_08,357,2.0,0.0,1472.7102,1785.7031,674.0371,3932.4503
nefer_08,358,2.0,0.0,1472.7102,1785.7031,674.0371,3932.4503
nefer_08,359,2.0,0.0,1472.7102,1785.7031,674.0371,3932.4503
nefer_08,360,2.0,0.0,1472.7102,1785.7031,674.0371,3932.4503
nefer_08,361,2.0,0.0,1472.7102,1785.7031,674.0371,3932.4503
nefer_08,362,2.0,0.0,1472.7102,1785.7031,674.0371,3932.4503
nefer_08,363,2.0,0.0,1472.7102,1785.7031,674.0371,3932.4503
nefer_08,364,2.0,0.0,1472.7102,1785.7031,674.0371,3932.4503
nefer_09,0,-0.1,0.2319,144.9397,105.0603,0.0,250.0
nefer_09,1,0.0,0.2319,144.9397,105.0603,0.0,250.0
nefer_09,2,0.0,0.2347,146.6902,106.3291,0.0,253.0193
nefer_09,3,0.0,0.2387,149.1573,108.1174,0.0,257.2747
nefer_09,4,0.0,0.2449,153.0493,110.9385,0.0,263.9877
nefer_09,5,0.0,0.2514,157.1439,113.9065,0.0,271.0503
nefer_09,6,0.0,0.2536,158.4763,114.8723,0.0,273.3485
nefer_09,7,0.0,0.2568,160.5114,116.3475,0.0,276.8589
nefer_09,8,0.0,0.2623,163.9385,118.8316,0.0,282.7701
nefer_09,9,0.0,0.267,166.8737,120.9592,0.0,287.8329
nefer_09,10,0.0,0.2718,169.8438,123.1121,0.0,292.9558
nefer_09,11,0.0,0.2759,172.4568,125.0062,0.0,297.463
nefer_09,12,0.0001,0.2799,174.9673,126.8258,0.0,301.7931
nefer_09,13,0.0003,0.2857,178.5534,129.4254,0.0,307.9788
nefer_09,14,0.0006,0.2925,182.8311,132.5264,0.0,315.3575
nefer_09,15,0.0008,0.2941,183.8427,133.2598,0.0,317.1025
nefer_09,16,0.0008,0.2941,183.8427,133.2598,0.0,317.1025
nefer_09,17,0.001,0.2941,183.8427,133.2598,0.0,317.1025
nefer_09,18,0.0014,0.2941,183.8427,133.2598,0.0,317.1025
nefer_09,19,0.0016,0.2941,183.8427,133.2598,0.0,317.1025
nefer_09,20,0.0019,0.2941,183.8427,133.2598,0.0,317.1025
nefer_09,21,0.0025,0.2941,183.8427,133.2598,0.0,317.1025
nefer_09,22,0.0029,0.2941,183.8427,133.2598,0.0,317.1025
nefer_09,23,0.0034,0.2941,183.8427,133.2598,0.0,317.1025
nefer_09,24,0.0046,0.2953,184.5328,133.7606,0.0,318.2935
nefer_09,25,0.0061,0.2967,185.4534,134.429,0.0,319.8823
nefer_09,26,0.0074,0.3007,187.9564,136.2473,0.0,324.2037
nefer_09,27,0.0091,0.3072,192.0119,139.1946,0.0,331.2065
nefer_09,28,0.0103,0.3105,194.0736,140.6939,0.0,334.7675
nefer_09,29,0.0112,0.3136,195.995,142.0918,0.0,338.0869
nefer_09,30,0.0124,0.3183,198.9425,144.237,0.0,343.1795
nefer_09,31,0.0139,0.3211,200.703,145.5187,0.0,346.2217
nefer_09,32,0.0145,0.3238,202.368,146.7317,0.0,349.0997
nefer_09,33,0.0148,0.3244,202.7501,147.0102,0.0,349.7603
nefer_09,34,0.0148,0.3244,202.7501,147.0102,0.0,349.7603
nefer_09,35,0.0148,0.3244,202.7501,147.0102,0.0,349.7603
nefer_09,36,0.0148,0.3244,202.7501,147.0102,0.0,349.7603
nefer_09,37,0.015,0.3244,202.7501,147.0102,0.0,349.7603
nefer_09,38,0.0154,0.3244,202.7501,147.0102,0.0,349.7603
nefer_09,39,0.016,0.3244,202.7501,147.0102,0.0,349.7603
nefer_09,40,0.017,0.3244,202.7501,147.0102,0.0,349.7603
nefer_09,41,0.0174,0.3244,202.7501,147.0102,0.0,349.7603
nefer_09,42,0.0178,0.3244,202.7501,147.0102,0.0,349.7603
nefer_09,43,0.0187,0.3244,202.7501,147.0102,0.0,349.7603
nefer_09,44,0.0196,0.3244,202.7501,147.0102,0.0,349.7603
nefer_09,45,0.0203,0.3244,202.7501,147.0102,0.0,349.7603
nefer_09,46,0.021,0.3244,202.7501,147.0102,0.0,349.7603
nefer_09,47,0.0221,0.3244,202.7501,147.0102,0.0,349.7603
nefer_09,48,0.0228,0.3244,202.7501,147.0102,0.0,349.7603
nefer_09,49,0.023,0.3244,202.7501,147.0102,0.0,349.7603
nefer_09,50,0.023,0.3244,202.7501,147.0102,0.0,349.7603
nefer_09,51,0.023,0.3244,202.7501,147.0102,0.0,349.7603
nefer_09,52,0.023,0.3244,202.7501,147.0102,0.0,349.7603
nefer_09,53,0.0244,0.3244,202.7501,147.0102,0.0,349.7603
nefer_09,54,0.0266,0.3244,202.7501,147.0102,0.0,349.7603
nefer_09,55,0.0289,0.3244,202.7501,147.0102,0.0,349.7603
nefer_09,56,0.0306,0.3244,202.7501,147.0102,0.0,349.7603
nefer_09,57,0.0318,0.3244,202.7501,147.0102,0.0,349.7603
nefer_09,58,0.0331,0.325,203.1528,147.3056,0.0,350.4584
nefer_09,59,0.034,0.3257,203.5491,147.5964,0.0,351.1456
nefer_09,60,0.0355,0.327,204.3887,148.2129,0.0,352.6015
nefer_09,61,0.0375,0.3277,204.8375,148.5426,0.0,353.3801
nefer_09,62,0.0401,0.3292,205.7353,149.2028,0.0,354.9381
nefer_09,63,0.0416,0.3295,205.9408,149.354,0.0,355.2948
nefer_09,64,0.0434,0.3306,206.6241,149.8573,0.0,356.4814
nefer_09,65,0.0456,0.3324,207.7423,150.6816,0.0,358.4239
nefer_09,66,0.0479,0.3351,209.4177,151.9177,0.0,361.3354
nefer_09,67,0.05,0.3373,210.8304,152.9611,0.0,363.7915
nefer_09,68,0.052,0.3388,211.746,153.6379,0.0,365.3839
nefer_09,69,0.0542,0.3392,211.9734,153.8062,0.0,365.7796
nefer_09,70,0.0568,0.3399,212.4677,154.1722,0.0,366.6399
nefer_09,71,0.0596,0.3412,213.2783,154.7733,0.0,368.0515
nefer_09,72,0.063,0.3432,214.4788,155.6646,0.0,370.1434
nefer_09,73,0.0664,0.3483,217.6652,158.0339,0.0,375.6992
nefer_09,74,0.07,0.3542,221.3925,160.8099,0.0,382.2025
nefer_09,75,0.0724,0.3593,224.5366,163.1555,0.0,387.6921
nefer_09,76,0.0741,0.3636,227.2516,165.1834,0.0,392.435
nefer_09,77,0.0756,0.3673,229.5387,166.8931,0.0,396.4318
nefer_09,78,0.0777,0.3709,231.8292,168.6065,0.0,400.4357
nefer_09,79,0.0798,0.3718,232.4038,169.0368,0.0,401.4406
nefer_09,80,0.0804,0.3718,232.4038,169.0368,0.0,401.4406
nefer_09,81,0.0804,0.3718,232.4038,169.0368,0.0,401.4406
nefer_09,82,0.0804,0.3718,232.4038,169.0368,0.0,401.4406
nefer_09,83,0.0804,0.3718,232.4038,169.0368,0.0,401.4406
nefer_09,84,0.0808,0.3718,232.4038,169.0368,0.0,401.4406
nefer_09,85,0.0835,0.3718,232.4038,169.0368,0.0,401.4406
nefer_09,86,0.0862,0.3718,232.4038,169.0368,0.0,401.4406
nefer_09,87,0.0884,0.3718,232.4038,169.0368,0.0,401.4406
nefer_09,88,0.0891,0.3718,232.4038,169.0368,0.0,401.4406
nefer_09,89,0.0896,0.3718,232.4038,169.0368,0.0,401.4406
nefer_09,90,0.0896,0.3718,232.4038,169.0368,0.0,401.4406
nefer_09,91,0.0903,0.3718,232.4038,169.0368,0.0,401.4406
nefer_09,92,0.0918,0.3718,232.4038,169.0368,0.0,401.4406
nefer_09,93,0.0928,0.3718,232.4038,169.0368,0.0,401.4406
nefer_09,94,0.0944,0.3718,232.4038,169.0368,0.0,401.4406
nefer_09,95,0.0964,0.3718,232.4038,169.0368,0.0,401.4406
nefer_09,96,0.098,0.3718,232.4038,169.0368,0.0,401.4406
nefer_09,97,0.0997,0.3718,232.4038,169.0368,0.0,401.4406
nefer_09,98,0.1028,0.3718,232.4038,169.0368,0.0,401.4406
nefer_09,99,0.1072,0.3718,232.4038,169.0368,0.0,401.4406
nefer_09,100,0.112,0.3718,232.4038,169.0368,0.0,401.4406
nefer_09,101,0.1182,0.3724,232.7336,169.2884,0.0,402.022
nefer_09,102,0.1243,0.3781,236.3281,172.0405,0.0,408.3686
nefer_09,103,0.1305,0.3892,243.2274,177.3422,0.0,420.5696
nefer_09,104,0.1364,0.4006,250.3844,182.8632,0.0,433.2476
nefer_09,105,0.1421,0.4126,257.8573,188.6497,0.0,446.507
nefer_09,106,0.1464,0.4224,264.0047,193.4273,0.0,457.432
nefer_09,107,0.1494,0.4289,268.0906,196.6121,0.0,464.7027
nefer_09,108,0.152,0.4351,271.9439,199.6217,0.0,471.5656
nefer_09,109,0.1545,0.4405,275.302,202.2492,0.0,477.5512
nefer_09,110,0.1576,0.4443,277.6773,204.1109,0.0,481.7882
nefer_09,111,0.1618,0.4466,279.147,205.2654,0.0,484.4123
nefer_09,112,0.1626,0.4466,279.147,205.2654,0.0,484.4123
nefer_09,113,0.1633,0.4466,279.147,205.2654,0.0,484.4123
nefer_09,114,0.1666,0.4466,279.147,205.2654,0.0,484.4123
nefer_09,115,0.1704,0.4466,279.147,205.2654,0.0,484.4123
nefer_09,116,0.1783,0.4466,279.147,205.2654,0.0,484.4123
nefer_09,117,0.1883,0.451,281.8863,207.4503,0.0,489.3365
nefer_09,118,0.1913,0.4528,282.9697,208.3213,0.0,491.291
nefer_09,119,0.1945,0.4559,284.9573,209.9231,0.0,494.8803
nefer_09,120,0.1998,0.4655,290.9658,214.7781,0.0,505.744
nefer_09,121,0.2094,0.482,301.2574,223.1309,0.0,524.3882
nefer_09,122,0.2182,0.4948,309.2477,229.67,0.0,538.9176
nefer_09,123,0.2243,0.5061,316.2975,235.4851,0.0,551.7825
nefer_09,124,0.2301,0.5209,325.5505,243.1607,0.0,568.7112
nefer_09,125,0.2338,0.5308,331.7519,248.3327,0.0,580.0846
nefer_09,126,0.2366,0.5393,337.07,252.7844,0.0,589.8544
nefer_09,127,0.244,0.5599,349.9556,263.6005,0.0,613.5561
nefer_09,128,0.2533,0.5839,364.9684,276.2949,0.0,641.2633
nefer_09,129,0.2612,0.6013,375.7882,285.5317,0.0,661.32
nefer_09,130,0.2697,0.6156,384.7719,293.2661,0.0,678.038
nefer_09,131,0.2807,0.6339,396.1588,303.1615,0.0,699.3204
nefer_09,132,0.2917,0.6674,417.1047,321.5958,0.0,738.7005
nefer_09,133,0.3031,0.7047,440.4373,342.401,0.0,782.8384
nefer_09,134,0.3141,0.7432,464.4846,364.1502,0.0,828.6348
nefer_09,135,0.3243,0.7758,484.8878,382.8711,0.0,867.7588
nefer_09,136,0.3343,0.8129,508.0345,404.4019,0.0,912.4364
nefer_09,137,0.3478,0.8626,539.1522,433.758,0.0,972.9103
nefer_09,138,0.3634,0.9181,573.8279,467.1202,0.0,1040.9481
nefer_09,139,0.3814,0.9711,606.965,499.7751,0.0,1106.7401
nefer_09,140,0.3975,1.0186,636.636,529.8811,0.0,1166.5171
nefer_09,141,0.4082,1.0618,663.6423,558.0561,0.0,1221.6984
nefer_09,142,0.4203,1.1105,694.0547,590.4021,0.0,1284.4568
nefer_09,143,0.4382,1.1676,729.7452,629.2246,0.0,1358.9698
nefer_09,144,0.4542,1.2277,767.3034,671.5342,0.0,1438.8376
nefer_09,145,0.4696,1.2743,796.4118,705.4268,0.0,1501.8385
nefer_09,146,0.4837,1.3274,829.6403,745.4157,0.0,1575.056
nefer_09,147,0.4956,1.3714,857.1253,779.558,0.0,1636.6833
nefer_09,148,0.5084,1.4186,886.6064,817.2017,0.0,1703.8081
nefer_09,149,0.5198,1.1106,911.5877,850.0911,0.0,1761.6788
nefer_09,150,0.5289,1.1356,927.2367,871.2836,0.0,1798.5203
nefer_09,151,0.5407,1.1662,946.4831,897.9614,0.0,1844.4445
nefer_09,152,0.554,1.2011,968.4759,929.3922,0.0,1897.8681
nefer_09,153,0.5706,1.242,994.3645,967.7342,0.0,1962.0986
nefer_09,154,0.5774,1.259,1005.1233,984.4221,0.0,1989.5454
nefer_09,155,0.585,1.2775,1016.8411,1002.9523,0.0,2019.7934
nefer_09,156,0.5942,1.2996,1030.9267,1025.7194,0.0,2056.6461
nefer_09,157,0.607,1.3293,1049.842,1057.1308,0.0,2106.9728
nefer_09,158,0.6225,1.3646,1072.4012,1096.0646,0.0,2168.4658
nefer_09,159,0.6404,1.3993,1094.6603,1136.3687,0.0,2231.029
nefer_09,160,0.6576,1.4354,1117.858,1180.8354,0.0,2298.6933
nefer_09,161,0.6721,1.4636,1136.0821,1217.8058,0.0,2353.888
nefer_09,162,0.6864,1.4911,1153.8898,1255.7448,0.0,2409.6347
nefer_09,163,0.7017,1.5194,1172.2738,1296.8927,0.0,2469.1664
nefer_09,164,0.7183,1.5491,1191.6324,1342.6323,0.0,2534.2646
nefer_09,165,0.7371,1.581,1212.4681,1394.9188,0.0,2607.387
nefer_09,166,0.7557,1.6107,1231.9807,1447.4103,0.0,2679.391
nefer_09,167,0.776,1.6391,1250.6858,1501.3938,0.0,2752.0796
nefer_09,168,0.7954,1.6657,1268.29,1556.3728,0.0,2824.6627
nefer_09,169,0.8149,1.6894,1284.0566,1609.5282,0.0,2893.5848
nefer_09,170,0.835,1.7136,1300.2221,1668.4916,0.0,2968.7137
nefer_09,171,0.8535,1.73,1311.2177,1712.0623,0.0,3023.2801
nefer_09,172,0.8707,1.7478,1323.1979,1763.342,0.0,3086.5399
nefer_09,173,0.8846,1.7613,1332.3267,1805.3771,0.0,3137.7038
nefer_09,174,0.8969,1.7723,1339.7642,1841.7298,0.0,3181.494
nefer_09,175,0.9153,1.7888,1351.0311,1899.8221,0.0,3250.8532
nefer_09,176,0.9386,1.8053,1362.3035,1962.7926,0.0,3325.096
nefer_09,177,0.9603,1.8209,1372.9585,2028.7792,0.0,3401.7377
nefer_09,178,0.9833,1.8253,1382.5734,2094.4234,0.0,3476.9968
nefer_09,179,1.0,1.8173,1391.1221,2159.1986,0.0,3550.3207
nefer_09,180,1.0146,1.8273,1398.0754,2216.0628,0.0,3614.1382
nefer_09,181,1.0287,1.8377,1405.3453,2279.63,0.0,3684.9754
nefer_09,182,1.0375,1.8437,1409.5359,2318.7478,0.0,3728.2837
nefer_09,183,1.0475,1.8517,1415.1579,2373.4224,0.0,3788.5803
nefer_09,184,1.0598,1.8612,1421.7968,2441.0492,0.0,3862.846
nefer_09,185,1.0722,1.8695,1428.1192,2509.2733,0.0,3937.3924
nefer_09,186,1.0858,1.8439,1433.6642,2571.863,0.8432,4006.3705
nefer_09,187,1.0988,1.8246,1438.2822,2626.7384,2.2837,4067.3043
nefer_09,188,1.1132,1.8181,1443.2934,2688.7145,5.3021,4137.3099
nefer_09,189,1.1306,1.8237,1447.2995,2739.2995,10.3462,4196.9452
nefer_09,190,1.1481,1.8264,1450.9468,2784.0253,20.6584,4255.6305
nefer_09,191,1.1686,1.7873,1453.5823,2811.8676,36.066,4301.5159
nefer_09,192,1.1822,1.7534,1455.7281,2827.0313,59.7547,4342.5141
nefer_09,193,1.1951,1.7178,1459.0493,2842.2371,108.7539,4410.0403
nefer_09,194,1.2095,1.7058,1461.9281,2849.8231,160.4014,4472.1526
nefer_09,195,1.2271,1.6692,1464.077,2852.1329,205.493,4521.7028
nefer_09,196,1.2407,1.614,1465.9831,2852.3449,255.495,4573.823
nefer_09,197,1.2507,1.5882,1466.9476,2852.3449,300.6454,4619.9379
nefer_09,198,1.2613,1.5448,1467.5225,2852.3449,346.84,4666.7074
nefer_09,199,1.2741,1.5179,1467.5225,2852.3449,400.1665,4720.0339
nefer_09,200,1.2895,1.4012,1467.5225,2852.3449,444.3149,4764.1824
nefer_09,201,1.3067,1.3763,1467.5225,2852.3449,475.2561,4795.1236
nefer_09,202,1.3247,1.3092,1467.5225,2852.3449,502.0297,4821.8972
nefer_09,203,1.3399,1.2067,1467.5225,2852.3449,533.7097,4853.5771
nefer_09,204,1.3515,1.185,1467.5225,2852.3449,568.3977,4888.2651
nefer_09,205,1.3614,1.1102,1467.5225,2852.3449,595.3317,4915.1991
nefer_09,206,1.3719,1.0575,1467.5225,2852.3449,621.385,4941.2524
nefer_09,207,1.3839,1.014,1467.5225,2852.3449,649.9476,4969.815
nefer_09,208,1.3954,0.956,1467.5225,2852.3449,674.4318,4994.2992
nefer_09,209,1.4094,0.919,1467.5225,2852.3449,695.1574,5015.0248
nefer_09,210,1.4253,0.8668,1467.5225,2852.3449,708.15,5028.0174
nefer_09,211,1.4426,0.7957,1467.5225,2852.3449,714.2961,5034.1635
nefer_09,212,1.4611,0.7329,1467.5225,2852.3449,714.2961,5034.1635
nefer_09,213,1.478,0.6498,1467.5225,2852.3449,716.4415,5036.3089
nefer_09,214,1.4957,0.6135,1467.5225,2852.3449,716.4415,5036.3089
nefer_09,215,1.5138,0.5787,1467.5225,2852.3449,716.4415,5036.3089
nefer_09,216,1.5329,0.49,1467.5225,2828.6704,738.9322,5035.1252
nefer_09,217,1.553,0.4507,1467.5225,2804.996,761.423,5033.9414
nefer_09,218,1.5722,0.3834,1467.5225,2781.3215,783.9137,5032.7577
nefer_09,219,1.5914,0.3692,1467.5225,2757.6471,806.4044,5031.574
nefer_09,220,1.611,0.2893,1467.5225,2733.9726,828.8952,5030.3903
nefer_09,221,1.6317,0.2537,1467.5225,2710.2981,851.3859,5029.2065
nefer_09,222,1.6513,0.2351,1467.5225,2686.6237,873.8767,5028.0228
nefer_09,223,1.6708,0.1932,1467.5225,2662.9492,896.3674,5026.8391
nefer_09,224,1.6916,0.1774,1467.5225,2639.2747,918.8581,5025.6554
nefer_09,225,1.7107,0.1357,1467.5225,2615.6003,941.3489,5024.4716
nefer_09,226,1.7291,0.1331,1467.5225,2591.9258,963.8396,5023.2879
nefer_09,227,1.7466,0.0951,1467.5225,2568.2514,986.3304,5022.1042
nefer_09,228,1.7652,0.0951,1467.5225,2544.5769,1008.8211,5020.9205
nefer_09,229,1.7868,0.0745,1467.5225,2520.9024,1031.3118,5019.7368
nefer_09,230,1.804,0.0586,1467.5225,2497.228,1053.8026,5018.553
nefer_09,231,1.8223,0.0531,1467.5225,2473.5535,1076.2933,5017.3693
nefer_09,232,1.8408,0.0441,1467.5225,2449.879,1098.7841,5016.1856
nefer_09,233,1.8589,0.0282,1467.5225,2426.2046,1121.2748,5015.0019
nefer_09,234,1.878,0.0277,1467.5225,2402.5301,1143.7655,5013.8181
nefer_09,235,1.8978,0.0204,1467.5225,2378.8557,1166.2563,5012.6344
nefer_09,236,1.9208,0.0185,1467.5225,2355.1812,1188.747,5011.4507
nefer_09,237,1.9451,0.015,1467.5225,2331.5067,1211.2377,5010.267
nefer_09,238,1.9657,0.004,1467.5225,2307.8323,1233.7285,5009.0832
nefer_09,239,1.9881,0.004,1467.5225,2284.1578,1256.2192,5007.8995
nefer_09,240,2.0,0.0,1467.5225,2281.8759,1258.387,5007.7854
nefer_09,241,2.0,0.0,1467.5225,2281.8759,1258.387,5007.7854
nefer_09,242,2.0,0.0,1467.5225,2281.8759,1258.387,5007.7854
nefer_09,243,2.0,0.0,1467.5225,2281.8759,1258.387,5007.7854
nefer_09,244,2.0,0.0,1467.5225,2281.8759,1258.387,5007.7854
nefer_09,245,2.0,0.0,1467.5225,2281.8759,1258.387,5007.7854
nefer_09,246,2.0,0.0,1467.5225,2281.8759,1258.387,5007.7854
nefer_09,247,2.0,0.0,1467.5225,2281.8759,1258.387,5007.7854
nefer_09,248,2.0,0.0,1467.5225,2281.8759,1258.387,5007.7854
nefer_09,249,2.0,0.0,1467.5225,2281.8759,1258.387,5007.7854
nefer_09,250,2.0,0.0,1467.5225,2281.8759,1258.387,5007.7854
nefer_09,251,2.0,0.0,1467.5225,2281.8759,1258.387,5007.7854
nefer_09,252,2.0,0.0,1467.5225,2281.8759,1258.387,5007.7854
nefer_09,253,2.0,0.0,1467.5225,2281.8759,1258.387,5007.7854
nefer_09,254,2.0,0.0,1467.5225,2281.8759,1258.387,5007.7854
nefer_09,255,2.0,0.0,1467.5225,2281.8759,1258.387,5007.7854
nefer_09,256,2.0,0.0,1467.5225,2281.8759,1258.387,5007.7854
nefer_09,257,2.0,0.0,1467.5225,2281.8759,1258.387,5007.7854
nefer_09,258,2.0,0.0,1467.5225,2281.8759,1258.387,5007.7854
nefer_09,259,2.0,0.0,1467.5225,2281.8759,1258.387,5007.7854
nefer_09,260,2.0,0.0,1467.5225,2281.8759,1258.387,5007.7854
nefer_09,261,2.0,0.0,1467.5225,2281.8759,1258.387,5007.7854
nefer_09,262,2.0,0.0,1467.5225,2281.8759,1258.387,5007.7854
nefer_09,263,2.0,0.0,1467.5225,2281.8759,1258.387,5007.7854
nefer_09,264,2.0,0.0,1467.5225,2281.8759,1258.387,5007.7854
nefer_09,265,2.0,0.0,1467.5225,2281.8759,1258.387,5007.7854
nefer_09,266,2.0,0.0,1467.5225,2281.8759,1258.387,5007.7854
nefer_09,267,2.0,0.0,1467.5225,2281.8759,1258.387,5007.7854
nefer_09,268,2.0,0.0,1467.5225,2281.8759,1258.387,5007.7854
nefer_09,269,2.0,0.0,1467.5225,2281.8759,1258.387,5007.7854
nefer_09,270,2.0,0.0,1467.5225,2281.8759,1258.387,5007.7854
nefer_09,271,2.0,0.0,1467.5225,2281.8759,1258.387,5007.7854
nefer_09,272,2.0,0.0,1467.5225,2281.8759,1258.387,5007.7854
nefer_09,273,2.0,0.0,1467.5225,2281.8759,1258.387,5007.7854
nefer_09,274,2.0,0.0,1467.5225,2281.8759,1258.387,5007.7854
nefer_09,275,2.0,0.0,1467.5225,2281.8759,1258.387,5007.7854
nefer_09,276,2.0,0.0,1467.5225,2281.8759,1258.387,5007.7854
nefer_09,277,2.0,0.0,1467.5225,2281.8759,1258.387,5007.7854
nefer_09,278,2.0,0.0,1467.5225,2281.8759,1258.387,5007.7854
nefer_09,279,2.0,0.0,1467.5225,2281.8759,1258.387,5007.7854
nefer_09,280,2.0,0.0,1467.5225,2281.8759,1258.387,5007.7854
nefer_09,281,2.0,0.0,1467.5225,2281.8759,1258.387,5007.7854
nefer_09,282,2.0,0.0,1467.5225,2281.8759,1258.387,5007.7854
nefer_09,283,2.0,0.0,1467.5225,2281.8759,1258.387,5007.7854
nefer_09,284,2.0,0.0,1467.5225,2281.8759,1258.387,5007.7854
nefer_09,285,2.0,0.0,1467.5225,2281.8759,1258.387,5007.7854
nefer_09,286,2.0,0.0,1467.5225,2281.8759,1258.387,5007.7854
nefer_09,287,2.0,0.0,1467.5225,2281.8759,1258.387,5007.7854
nefer_09,288,2.0,0.0,1467.5225,2281.8759,1258.387,5007.7854
nefer_09,289,2.0,0.0,1467.5225,2281.8759,1258.387,5007.7854
nefer_09,290,2.0,0.0,1467.5225,2281.8759,1258.387,5007.7854
nefer_09,291,2.0,0.0,1467.5225,2281.8759,1258.387,5007.7854
nefer_09,292,2.0,0.0,1467.5225,2281.8759,1258.387,5007.7854
nefer_09,293,2.0,0.0,1467.5225,2281.8759,1258.387,5007.7854
nefer_09,294,2.0,0.0,1467.5225,2281.8759,1258.387,5007.7854
nefer_09,295,2.0,0.0,1467.5225,2281.8759,1258.387,5007.7854
nefer_09,296,2.0,0.0,1467.5225,2281.8759,1258.387,5007.7854
nefer_09,297,2.0,0.0,1467.5225,2281.8759,1258.387,5007.7854
nefer_09,298,2.0,0.0,1467.5225,2281.8759,1258.387,5007.7854
nefer_09,299,2.0,0.0,1467.5225,2281.8759,1258.387,5007.7854
nefer_09,300,2.0,0.0,1467.5225,2281.8759,1258.387,5007.7854
nefer_09,301,2.0,0.0,1467.5225,2281.8759,1258.387,5007.7854
nefer_09,302,2.0,0.0,1467.5225,2281.8759,1258.387,5007.7854
nefer_09,303,2.0,0.0,1467.5225,2281.8759,1258.387,5007.7854
nefer_09,304,2.0,0.0,1467.5225,2281.8759,1258.387,5007.7854
nefer_09,305,2.0,0.0,1467.5225,2281.8759,1258.387,5007.7854
nefer_09,306,2.0,0.0,1467.5225,2281.8759,1258.387,5007.7854
nefer_09,307,2.0,0.0,1467.5225,2281.8759,1258.387,5007.7854
nefer_09,308,2.0,0.0,1467.5225,2281.8759,1258.387,5007.7854
nefer_09,309,2.0,0.0,1467.5225,2281.8759,1258.387,5007.7854
nefer_09,310,2.0,0.0,1467.5225,2281.8759,1258.387,5007.7854
nefer_09,311,2.0,0.0,1467.5225,2281.8759,1258.387,5007.7854
nefer_09,312,2.0,0.0,1467.5225,2281.8759,1258.387,5007.7854
nefer_09,313,2.0,0.0,1467.5225,2281.8759,1258.387,5007.7854
nefer_09,314,2.0,0.0,1467.5225,2281.8759,1258.387,5007.7854
nefer_09,315,2.0,0.0,1467.5225,2281.8759,1258.387,5007.7854
nefer_09,316,2.0,0.0,1467.5225,2281.8759,1258.387,5007.7854
nefer_09,317,2.0,0.0,1467.5225,2281.8759,1258.387,5007.7854
nefer_09,318,2.0,0.0,1467.5225,2281.8759,1258.387,5007.7854
nefer_09,319,2.0,0.0,1467.5225,2281.8759,1258.387,5007.7854
nefer_09,320,2.0,0.0,1467.5225,2281.8759,1258.387,5007.7854
nefer_09,321,2.0,0.0,1467.5225,2281.8759,1258.387,5007.7854
nefer_09,322,2.0,0.0,1467.5225,2281.8759,1258.387,5007.7854
nefer_09,323,2.0,0.0,1467.5225,2281.8759,1258.387,5007.7854
nefer_09,324,2.0,0.0,1467.5225,2281.8759,1258.387,5007.7854
nefer_09,325,2.0,0.0,1467.5225,2281.8759,1258.387,5007.7854
nefer_09,326,2.0,0.0,1467.5225,2281.8759,1258.387,5007.7854
nefer_09,327,2.0,0.0,1467.5225,2281.8759,1258.387,5007.7854
nefer_09,328,2.0,0.0,1467.5225,2281.8759,1258.387,5007.7854
nefer_09,329,2.0,0.0,1467.5225,2281.8759,1258.387,5007.7854
nefer_09,330,2.0,0.0,1467.5225,2281.8759,1258.387,5007.7854
nefer_09,331,2.0,0.0,1467.5225,2281.8759,1258.387,5007.7854
nefer_09,332,2.0,0.0,1467.5225,2281.8759,1258.387,5007.7854
nefer_09,333,2.0,0.0,1467.5225,2281.8759,1258.387,5007.7854
nefer_09,334,2.0,0.0,1467.5225,2281.8759,1258.387,5007.7854
nefer_09,335,2.0,0.0,1467.5225,2281.8759,1258.387,5007.7854
nefer_09,336,2.0,0.0,1467.5225,2281.8759,1258.387,5007.7854
nefer_09,337,2.0,0.0,1467.5225,2281.8759,1258.387,5007.7854
nefer_09,338,2.0,0.0,1467.5225,2281.8759,1258.387,5007.7854
nefer_09,339,2.0,0.0,1467.5225,2281.8759,1258.387,5007.7854
nefer_09,340,2.0,0.0,1467.5225,2281.8759,1258.387,5007.7854
nefer_09,341,2.0,0.0,1467.5225,2281.8759,1258.387,5007.7854
nefer_09,342,2.0,0.0,1467.5225,2281.8759,1258.387,5007.7854
nefer_09,343,2.0,0.0,1467.5225,2281.8759,1258.387,5007.7854
nefer_09,344,2.0,0.0,1467.5225,2281.8759,1258.387,5007.7854
nefer_09,345,2.0,0.0,1467.5225,2281.8759,1258.387,5007.7854
nefer_09,346,2.0,0.0,1467.5225,2281.8759,1258.387,5007.7854
nefer_09,347,2.0,0.0,1467.5225,2281.8759,1258.387,5007.7854
nefer_09,348,2.0,0.0,1467.5225,2281.8759,1258.387,5007.7854
nefer_09,349,2.0,0.0,1467.5225,2281.8759,1258.387,5007.7854
nefer_09,350,2.0,0.0,1467.5225,2281.8759,1258.387,5007.7854
nefer_09,351,2.0,0.0,1467.5225,2281.8759,1258.387,5007.7854
nefer_09,352,2.0,0.0,1467.5225,2281.8759,1258.387,5007.7854
nefer_09,353,2.0,0.0,1467.5225,2281.8759,1258.387,5007.7854
nefer_09,354,2.0,0.0,1467.5225,2281.8759,1258.387,5007.7854
nefer_09,355,2.0,0.0,1467.5225,2281.8759,1258.387,5007.7854
nefer_09,356,2.0,0.0,1467.5225,2281.8759,1258.387,5007.7854
nefer_09,357,2.0,0.0,1467.5225,2281.8759,1258.387,5007.7854
nefer_09,358,2.0,0.0,1467.5225,2281.8759,1258.387,5007.7854
nefer_09,359,2.0,0.0,1467.5225,2281.8759,1258.387,5007.7854
nefer_09,360,2.0,0.0,1467.5225,2281.8759,1258.387,5007.7854
nefer_09,361,2.0,0.0,1467.5225,2281.8759,1258.387,5007.7854
nefer_09,362,2.0,0.0,1467.5225,2281.8759,1258.387,5007.7854
nefer_09,363,2.0,0.0,1467.5225,2281.8759,1258.387,5007.7854
nefer_09,364,2.0,0.0,1467.5225,2281.8759,1258.387,5007.7854
nefer_10,0,-0.1,0.2319,144.9397,105.0603,0.0,250.0
nefer_10,1,0.0,0.2319,144.9397,105.0603,0.0,250.0
nefer_10,2,0.0,0.2347,146.6902,106.3291,0.0,253.0193
nefer_10,3,0.0,0.2387,149.1573,108.1174,0.0,257.2747
nefer_10,4,0.0,0.2449,153.0493,110.9385,0.0,263.9877
nefer_10,5,0.0,0.2514,157.1439,113.9065,0.0,271.0503
nefer_10,6,0.0,0.2536,158.4763,114.8723,0.0,273.3485
nefer_10,7,0.0,0.2568,160.5114,116.3475,0.0,276.8589
nefer_10,8,0.0,0.2623,163.9385,118.8316,0.0,282.7701
nefer_10,9,0.0,0.267,166.8737,120.9592,0.0,287.8329
nefer_10,10,0.0,0.2718,169.8438,123.1121,0.0,292.9558
nefer_10,11,0.0,0.2759,172.4568,125.0062,0.0,297.463
nefer_10,12,0.0001,0.2799,174.9673,126.8258,0.0,301.7931
nefer_10,13,0.0003,0.2857,178.5534,129.4254,0.0,307.9788
nefer_10,14,0.0006,0.2925,182.8311,132.5264,0.0,315.3575
nefer_10,15,0.0008,0.2941,183.8427,133.2598,0.0,317.1025
nefer_10,16,0.0008,0.2941,183.8427,133.2598,0.0,317.1025
nefer_10,17,0.001,0.2941,183.8427,133.2598,0.0,317.1025
nefer_10,18,0.0014,0.2941,183.8427,133.2598,0.0,317.1025
nefer_10,19,0.0016,0.2941,183.8427,133.2598,0.0,317.1025
nefer_10,20,0.0019,0.2941,183.8427,133.2598,0.0,317.1025
nefer_10,21,0.0025,0.2941,183.8427,133.2598,0.0,317.1025
nefer_10,22,0.0029,0.2941,183.8427,133.2598,0.0,317.1025
nefer_10,23,0.0034,0.2941,183.8427,133.2598,0.0,317.1025
nefer_10,24,0.0046,0.2953,184.5328,133.7606,0.0,318.2935
nefer_10,25,0.0061,0.2967,185.4534,134.429,0.0,319.8823
nefer_10,26,0.0074,0.3007,187.9564,136.2473,0.0,324.2037
nefer_10,27,0.0091,0.3072,192.0119,139.1946,0.0,331.2065
nefer_10,28,0.0103,0.3105,194.0736,140.6939,0.0,334.7675
nefer_10,29,0.0112,0.3136,195.995,142.0918,0.0,338.0869
nefer_10,30,0.0124,0.3183,198.9425,144.237,0.0,343.1795
nefer_10,31,0.0139,0.3211,200.703,145.5187,0.0,346.2217
nefer_10,32,0.0145,0.3238,202.368,146.7317,0.0,349.0997
nefer_10,33,0.0148,0.3244,202.7501,147.0102,0.0,349.7603
nefer_10,34,0.0148,0.3244,202.7501,147.0102,0.0,349.7603
nefer_10,35,0.0148,0.3244,202.7501,147.0102,0.0,349.7603
nefer_10,36,0.0148,0.3244,202.7501,147.0102,0.0,349.7603
nefer_10,37,0.015,0.3244,202.7501,147.0102,0.0,349.7603
nefer_10,38,0.0154,0.3244,202.7501,147.0102,0.0,349.7603
nefer_10,39,0.016,0.3244,202.7501,147.0102,0.0,349.7603
nefer_10,40,0.017,0.3244,202.7501,147.0102,0.0,349.7603
nefer_10,41,0.0174,0.3244,202.7501,147.0102,0.0,349.7603
nefer_10,42,0.0178,0.3244,202.7501,147.0102,0.0,349.7603
nefer_10,43,0.0187,0.3244,202.7501,147.0102,0.0,349.7603
nefer_10,44,0.0196,0.3244,202.7501,147.0102,0.0,349.7603
nefer_10,45,0.0203,0.3244,202.7501,147.0102,0.0,349.7603
nefer_10,46,0.021,0.3244,202.7501,147.0102,0.0,349.7603
nefer_10,47,0.0221,0.3244,202.7501,147.0102,0.0,349.7603
nefer_10,48,0.0228,0.3244,202.7501,147.0102,0.0,349.7603
nefer_10,49,0.023,0.3244,202.7501,147.0102,0.0,349.7603
nefer_10,50,0.023,0.3244,202.7501,147.0102,0.0,349.7603
nefer_10,51,0.023,0.3244,202.7501,147.0102,0.0,349.7603
nefer_10,52,0.023,0.3244,202.7501,147.0102,0.0,349.7603
nefer_10,53,0.0244,0.3244,202.7501,147.0102,0.0,349.7603
nefer_10,54,0.0266,0.3244,202.7501,147.0102,0.0,349.7603
nefer_10,55,0.0289,0.3244,202.7501,147.0102,0.0,349.7603
nefer_10,56,0.0306,0.3244,202.7501,147.0102,0.0,349.7603
nefer_10,57,0.0318,0.3244,202.7501,147.0102,0.0,349.7603
nefer_10,58,0.0331,0.325,203.1528,147.3056,0.0,350.4584
nefer_10,59,0.034,0.3257,203.5491,147.5964,0.0,351.1456
nefer_10,60,0.0355,0.327,204.3887,148.2129,0.0,352.6015
nefer_10,61,0.0375,0.3277,204.8375,148.5426,0.0,353.3801
nefer_10,62,0.0401,0.3292,205.7353,149.2028,0.0,354.9381
nefer_10,63,0.0416,0.3295,205.9408,149.354,0.0,355.2948
nefer_10,64,0.0434,0.3306,206.6241,149.8573,0.0,356.4814
nefer_10,65,0.0456,0.3324,207.7423,150.6816,0.0,358.4239
nefer_10,66,0.0479,0.3351,209.4177,151.9177,0.0,361.3354
nefer_10,67,0.05,0.3373,210.8304,152.9611,0.0,363.7915
nefer_10,68,0.052,0.3388,211.746,153.6379,0.0,365.3839
nefer_10,69,0.0542,0.3392,211.9734,153.8062,0.0,365.7796
nefer_10,70,0.0568,0.3399,212.4677,154.1722,0.0,366.6399
nefer_10,71,0.0596,0.3412,213.2783,154.7733,0.0,368.0515
nefer_10,72,0.063,0.3432,214.4788,155.6646,0.0,370.1434
nefer_10,73,0.0664,0.3483,217.6652,158.0339,0.0,375.6992
nefer_10,74,0.07,0.3542,221.3925,160.8099,0.0,382.2025
nefer_10,75,0.0724,0.3593,224.5366,163.1555,0.0,387.6921
nefer_10,76,0.0741,0.3636,227.2516,165.1834,0.0,392.435
nefer_10,77,0.0756,0.3673,229.5387,166.8931,0.0,396.4318
nefer_10,78,0.0777,0.3709,231.8292,168.6065,0.0,400.4357
nefer_10,79,0.0798,0.3718,232.4038,169.0368,0.0,401.4406
nefer_10,80,0.0804,0.3718,232.4038,169.0368,0.0,401.4406
nefer_10,81,0.0804,0.3718,232.4038,169.0368,0.0,401.4406
nefer_10,82,0.0804,0.3718,232.4038,169.0368,0.0,401.4406
nefer_10,83,0.0804,0.3718,232.4038,169.0368,0.0,401.4406
nefer_10,84,0.0808,0.3718,232.4038,169.0368,0.0,401.4406
nefer_10,85,0.0835,0.3718,232.4038,169.0368,0.0,401.4406
nefer_10,86,0.0862,0.3718,232.4038,169.0368,0.0,401.4406
nefer_10,87,0.0884,0.3718,232.4038,169.0368,0.0,401.4406
nefer_10,88,0.0891,0.3718,232.4038,169.0368,0.0,401.4406
nefer_10,89,0.0896,0.3718,232.4038,169.0368,0.0,401.4406
nefer_10,90,0.0896,0.3718,232.4038,169.0368,0.0,401.4406
nefer_10,91,0.0903,0.3718,232.4038,169.0368,0.0,401.4406
nefer_10,92,0.0918,0.3718,232.4038,169.0368,0.0,401.4406
nefer_10,93,0.0928,0.3718,232.4038,169.0368,0.0,401.4406
nefer_10,94,0.0944,0.3718,232.4038,169.0368,0.0,401.4406
nefer_10,95,0.0964,0.3718,232.4038,169.0368,0.0,401.4406
nefer_10,96,0.098,0.3718,232.4038,169.0368,0.0,401.4406
nefer_10,97,0.0997,0.3718,232.4038,169.0368,0.0,401.4406
nefer_10,98,0.1028,0.3718,232.4038,169.0368,0.0,401.4406
nefer_10,99,0.1072,0.3718,232.4038,169.0368,0.0,401.4406
nefer_10,100,0.112,0.3718,232.4038,169.0368,0.0,401.4406
nefer_10,101,0.1182,0.3724,232.7336,169.2884,0.0,402.022
nefer_10,102,0.1243,0.3781,236.3281,172.0405,0.0,408.3686
nefer_10,103,0.1305,0.3892,243.2274,177.3422,0.0,420.5696
nefer_10,104,0.1364,0.4006,250.3844,182.8632,0.0,433.2476
nefer_10,105,0.1421,0.4126,257.8573,188.6497,0.0,446.507
nefer_10,106,0.1464,0.4224,264.0047,193.4273,0.0,457.432
nefer_10,107,0.1494,0.4289,268.0906,196.6121,0.0,464.7027
nefer_10,108,0.152,0.4351,271.9439,199.6217,0.0,471.5656
nefer_10,109,0.1545,0.4405,275.302,202.2492,0.0,477.5512
nefer_10,110,0.1576,0.4443,277.6773,204.1109,0.0,481.7882
nefer_10,111,0.1618,0.4466,279.147,205.2654,0.0,484.4123
nefer_10,112,0.1626,0.4466,279.147,205.2654,0.0,484.4123
nefer_10,113,0.1633,0.4466,279.147,205.2654,0.0,484.4123
nefer_10,114,0.1666,0.4466,279.147,205.2654,0.0,484.4123
nefer_10,115,0.1704,0.4466,279.147,205.2654,0.0,484.4123
nefer_10,116,0.1783,0.4466,279.147,205.2654,0.0,484.4123
nefer_10,117,0.1883,0.451,281.8863,207.4503,0.0,489.3365
nefer_10,118,0.1913,0.4528,282.9697,208.3213,0.0,491.291
nefer_10,119,0.1945,0.4559,284.9573,209.9231,0.0,494.8803
nefer_10,120,0.1998,0.4655,290.9658,214.7781,0.0,505.744
nefer_10,121,0.2094,0.482,301.2574,223.1309,0.0,524.3882
nefer_10,122,0.2182,0.4948,309.2477,229.67,0.0,538.9176
nefer_10,123,0.2243,0.5061,316.2975,235.4851,0.0,551.7825
nefer_10,124,0.2301,0.5209,325.5505,243.1607,0.0,568.7112
nefer_10,125,0.2338,0.5308,331.7519,248.3327,0.0,580.0846
nefer_10,126,0.2366,0.5393,337.07,252.7844,0.0,589.8544
nefer_10,127,0.244,0.5599,349.9556,263.6005,0.0,613.5561
nefer_10,128,0.2533,0.5839,364.9684,276.2949,0.0,641.2633
nefer_10,129,0.2612,0.6013,375.7882,285.5317,0.0,661.32
nefer_10,130,0.2697,0.6156,384.7719,293.2661,0.0,678.038
nefer_10,131,0.2807,0.6339,396.1588,303.1615,0.0,699.3204
nefer_10,132,0.2917,0.6674,417.1047,321.5958,0.0,738.7005
nefer_10,133,0.3031,0.7047,440.4373,342.401,0.0,782.8384
nefer_10,134,0.3141,0.7432,464.4846,364.1502,0.0,828.6348
nefer_10,135,0.3243,0.7758,484.8878,382.8711,0.0,867.7588
nefer_10,136,0.3343,0.8129,508.0345,404.4019,0.0,912.4364
nefer_10,137,0.3478,0.8626,539.1522,433.758,0.0,972.9103
nefer_10,138,0.3634,0.9181,573.8279,467.1202,0.0,1040.9481
nefer_10,139,0.3814,0.9711,606.965,499.7751,0.0,1106.7401
nefer_10,140,0.3975,1.0186,636.636,529.8811,0.0,1166.5171
nefer_10,141,0.4082,1.0618,663.6423,558.0561,0.0,1221.6984
nefer_10,142,0.4203,1.1105,694.0547,590.4021,0.0,1284.4568
nefer_10,143,0.4382,1.1676,729.7452,629.2246,0.0,1358.9698
nefer_10,144,0.4542,1.2277,767.3034,671.5342,0.0,1438.8376
nefer_10,145,0.4696,1.2743,796.4118,705.4268,0.0,1501.8385
nefer_10,146,0.4837,1.3274,829.6403,745.4157,0.0,1575.056
nefer_10,147,0.4956,1.3714,857.1253,779.558,0.0,1636.6833
nefer_10,148,0.5084,1.4186,886.6064,817.2017,0.0,1703.8081
nefer_10,149,0.5198,1.1191,916.9177,857.1084,0.0,1774.026
nefer_10,150,0.5289,1.1587,941.7307,890.7112,0.0,1832.442
nefer_10,151,0.5407,1.2112,974.7342,936.458,0.0,1911.1922
nefer_10,152,0.554,1.2718,1012.915,991.0237,0.0,2003.9388
nefer_10,153,0.5706,1.3398,1055.8968,1054.6814,0.0,2110.5782
nefer_10,154,0.5774,1.3763,1079.0366,1090.5731,0.0,2169.6097
nefer_10,155,0.585,1.417,1104.9153,1131.4972,0.0,2236.4125
nefer_10,156,0.5942,1.4648,1135.3175,1180.6374,0.0,2315.9549
nefer_10,157,0.607,1.5279,1175.5376,1247.4283,0.0,2422.9659
nefer_10,158,0.6225,1.6021,1222.94,1329.2376,0.0,2552.1776
nefer_10,159,0.6404,1.6649,1263.1843,1402.1073,0.0,2665.2916
nefer_10,160,0.6576,1.7402,1311.632,1494.9745,0.0,2806.6064
nefer_10,161,0.6721,1.8015,1351.1721,1575.1875,0.0,2926.3596
nefer_10,162,0.6864,1.8658,1392.8435,1663.9678,0.0,3056.8113
nefer_10,163,0.7017,1.9361,1438.5044,1766.1684,0.0,3204.6729
nefer_10,164,0.7183,2.0099,1486.6061,1879.8209,0.0,3366.427
nefer_10,165,0.7371,2.0877,1537.4429,2007.3939,0.0,3544.8367
nefer_10,166,0.7557,2.1593,1584.4949,2133.9702,0.0,3718.465
nefer_10,167,0.776,2.2266,1628.8084,2261.8604,0.0,3890.6688
nefer_10,168,0.7954,2.2892,1670.2969,2391.4318,0.0,4061.7287
nefer_10,169,0.8149,2.3422,1705.5296,2510.2148,0.0,4215.7444
nefer_10,170,0.835,2.403,1746.0983,2658.188,0.0,4404.2863
nefer_10,171,0.8535,2.4362,1768.3863,2746.5058,0.0,4514.8921
nefer_10,172,0.8707,2.4814,1798.8455,2876.8821,0.0,4675.7275
nefer_10,173,0.8846,2.5236,1827.3635,3008.1988,0.0,4835.5623
nefer_10,174,0.8969,2.5593,1851.533,3126.3326,0.0,4977.8656
nefer_10,175,0.9153,2.6069,1883.8743,3293.0847,0.0,5176.959
nefer_10,176,0.9386,2.6534,1915.6601,3470.6493,0.0,5386.3095
nefer_10,177,0.9603,2.697,1945.5621,3655.8324,0.0,5601.3944
nefer_10,178,0.9833,2.7274,1972.5382,3840.0079,0.0,5812.5461
nefer_10,179,1.0,2.7412,1994.5636,4006.8984,0.0,6001.462
nefer_10,180,1.0146,2.7656,2011.5613,4145.9047,0.0,6157.466
nefer_10,181,1.0287,2.7936,2031.108,4316.8195,0.0,6347.9275
nefer_10,182,1.0375,2.8085,2041.5125,4413.9427,0.0,6455.4552
nefer_10,183,1.0475,2.8347,2059.897,4592.7355,0.0,6652.6326
nefer_10,184,1.0598,2.8637,2080.308,4800.6511,0.0,6880.9591
nefer_10,185,1.0722,2.888,2099.8806,5011.8559,0.0,7111.7365
nefer_10,186,1.0858,2.8856,2114.0803,5172.1357,2.1594,7288.3754
nefer_10,187,1.0988,2.8721,2124.6217,5297.3982,5.4476,7427.4674
nefer_10,188,1.1132,2.8769,2140.6558,5495.7022,15.1052,7651.4633
nefer_10,189,1.1306,2.8963,2154.4662,5670.0849,32.4941,7857.0452
nefer_10,190,1.1481,2.9084,2167.5075,5830.0039,69.3657,8066.8772
nefer_10,191,1.1686,2.8942,2178.3499,5944.549,132.7535,8255.6524
nefer_10,192,1.1822,2.861,2182.4816,5973.7469,178.3666,8334.5951
nefer_10,193,1.1951,2.8356,2192.3869,6019.0966,324.5015,8535.9849
nefer_10,194,1.2095,2.8248,2202.007,6044.4468,497.0909,8743.5447
nefer_10,195,1.2271,2.8052,2210.8242,6053.9237,682.1044,8946.8523
nefer_10,196,1.2407,2.7612,2216.499,6054.555,830.9712,9102.0251
nefer_10,197,1.2507,2.7291,2220.3528,6054.555,1011.3755,9286.2834
nefer_10,198,1.2613,2.6942,2222.9455,6054.555,1219.7215,9497.222
nefer_10,199,1.2741,2.6613,2222.9455,6054.555,1452.5026,9730.0032
nefer_10,200,1.2895,2.5716,2222.9455,6054.555,1647.1072,9924.6078
nefer_10,201,1.3067,2.5161,2222.9455,6054.555,1836.7412,10114.2418
nefer_10,202,1.3247,2.4621,2222.9455,6054.555,2014.8235,10292.324
nefer_10,203,1.3399,2.3666,2222.9455,6054.555,2164.9668,10442.4673
nefer_10,204,1.3515,2.3221,2222.9455,6054.555,2356.4494,10633.95
nefer_10,205,1.3614,2.2623,2222.9455,6054.555,2518.9375,10796.4381
nefer_10,206,1.3719,2.2011,2222.9455,6054.555,2680.0649,10957.5654
nefer_10,207,1.3839,2.1562,2222.9455,6054.555,2849.1018,11126.6023
nefer_10,208,1.3954,2.1006,2222.9455,6054.555,2998.4663,11275.9669
nefer_10,209,1.4094,2.0584,2222.9455,6054.555,3141.0266,11418.5272
nefer_10,210,1.4253,2.0096,2222.9455,6054.555,3260.0502,11537.5507
nefer_10,211,1.4426,1.9117,2222.9455,6054.555,3361.5221,11639.0226
nefer_10,212,1.4611,1.7943,2222.9455,6054.555,3434.5055,11712.006
nefer_10,213,1.478,1.6419,2222.9455,6054.555,3512.9251,11790.4256
nefer_10,214,1.4957,1.5412,2222.9455,6054.555,3567.1219,11844.6224
nefer_10,215,1.5138,1.4738,2222.9455,6054.555,3610.2461,11887.7466
nefer_10,216,1.5329,1.3181,2222.9455,6004.3022,3669.0364,11896.2842
nefer_10,217,1.553,1.2008,2222.9455,5954.0494,3716.7766,11893.7715
nefer_10,218,1.5722,1.0514,2222.9455,5903.7966,3764.5168,11891.2589
nefer_10,219,1.5914,0.9909,2222.9455,5853.5438,3812.2569,11888.7463
nefer_10,220,1.611,0.8357,2222.9455,5803.291,3859.9971,11886.2336
nefer_10,221,1.6317,0.7295,2222.9455,5753.0382,3907.7373,11883.721
nefer_10,222,1.6513,0.6783,2222.9455,5702.7854,3955.4774,11881.2083
nefer_10,223,1.6708,0.5952,2222.9455,5652.5326,4003.2176,11878.6957
nefer_10,224,1.6916,0.5188,2222.9455,5602.2797,4050.9578,11876.1831
nefer_10,225,1.7107,0.4223,2222.9455,5552.0269,4098.6979,11873.6704
nefer_10,226,1.7291,0.3878,2222.9455,5501.7741,4146.4381,11871.1578
nefer_10,227,1.7466,0.3116,2222.9455,5451.5213,4194.1783,11868.6451
nefer_10,228,1.7652,0.295,2222.9455,5401.2685,4241.9184,11866.1325
nefer_10,229,1.7868,0.2486,2222.9455,5351.0157,4289.6586,11863.6199
nefer_10,230,1.804,0.1924,2222.9455,5300.7629,4337.3988,11861.1072
nefer_10,231,1.8223,0.1686,2222.9455,5250.5101,4385.1389,11858.5946
nefer_10,232,1.8408,0.149,2222.9455,5200.2573,4432.8791,11856.0819
nefer_10,233,1.8589,0.1095,2222.9455,5150.0045,4480.6193,11853.5693
nefer_10,234,1.878,0.0927,2222.9455,5099.7517,4528.3594,11851.0567
nefer_10,235,1.8978,0.0744,2222.9455,5049.4989,4576.0996,11848.544
nefer_10,236,1.9208,0.0597,2222.9455,4999.2461,4623.8398,11846.0314
nefer_10,237,1.9451,0.055,2222.9455,4948.9933,4671.5799,11843.5187
nefer_10,238,1.9657,0.0257,2222.9455,4898.7405,4719.3201,11841.0061
nefer_10,239,1.9881,0.0155,2222.9455,4848.4876,4767.0603,11838.4935
nefer_10,240,2.0,0.0,2222.9455,4843.644,4771.6617,11838.2513
nefer_10,241,2.0,0.0,2222.9455,4843.644,4771.6617,11838.2513
nefer_10,242,2.0,0.0,2222.9455,4843.644,4771.6617,11838.2513
nefer_10,243,2.0,0.0,2222.9455,4843.644,4771.6617,11838.2513
nefer_10,244,2.0,0.0,2222.9455,4843.644,4771.6617,11838.2513
nefer_10,245,2.0,0.0,2222.9455,4843.644,4771.6617,11838.2513
nefer_10,246,2.0,0.0,2222.9455,4843.644,4771.6617,11838.2513
nefer_10,247,2.0,0.0,2222.9455,4843.644,4771.6617,11838.2513
nefer_10,248,2.0,0.0,2222.9455,4843.644,4771.6617,11838.2513
nefer_10,249,2.0,0.0,2222.9455,4843.644,4771.6617,11838.2513
nefer_10,250,2.0,0.0,2222.9455,4843.644,4771.6617,11838.2513
nefer_10,251,2.0,0.0,2222.9455,4843.644,4771.6617,11838.2513
nefer_10,252,2.0,0.0,2222.9455,4843.644,4771.6617,11838.2513
nefer_10,253,2.0,0.0,2222.9455,4843.644,4771.6617,11838.2513
nefer_10,254,2.0,0.0,2222.9455,4843.644,4771.6617,11838.2513
nefer_10,255,2.0,0.0,2222.9455,4843.644,4771.6617,11838.2513
nefer_10,256,2.0,0.0,2222.9455,4843.644,4771.6617,11838.2513
nefer_10,257,2.0,0.0,2222.9455,4843.644,4771.6617,11838.2513
nefer_10,258,2.0,0.0,2222.9455,4843.644,4771.6617,11838.2513
nefer_10,259,2.0,0.0,2222.9455,4843.644,4771.6617,11838.2513
nefer_10,260,2.0,0.0,2222.9455,4843.644,4771.6617,11838.2513
nefer_10,261,2.0,0.0,2222.9455,4843.644,4771.6617,11838.2513
nefer_10,262,2.0,0.0,2222.9455,4843.644,4771.6617,11838.2513
nefer_10,263,2.0,0.0,2222.9455,4843.644,4771.6617,11838.2513
nefer_10,264,2.0,0.0,2222.9455,4843.644,4771.6617,11838.2513
nefer_10,265,2.0,0.0,2222.9455,4843.644,4771.6617,11838.2513
nefer_10,266,2.0,0.0,2222.9455,4843.644,4771.6617,11838.2513
nefer_10,267,2.0,0.0,2222.9455,4843.644,4771.6617,11838.2513
nefer_10,268,2.0,0.0,2222.9455,4843.644,4771.6617,11838.2513
nefer_10,269,2.0,0.0,2222.9455,4843.644,4771.6617,11838.2513
nefer_10,270,2.0,0.0,2222.9455,4843.644,4771.6617,11838.2513
nefer_10,271,2.0,0.0,2222.9455,4843.644,4771.6617,11838.2513
nefer_10,272,2.0,0.0,2222.9455,4843.644,4771.6617,11838.2513
nefer_10,273,2.0,0.0,2222.9455,4843.644,4771.6617,11838.2513
nefer_10,274,2.0,0.0,2222.9455,4843.644,4771.6617,11838.2513
nefer_10,275,2.0,0.0,2222.9455,4843.644,4771.6617,11838.2513
nefer_10,276,2.0,0.0,2222.9455,4843.644,4771.6617,11838.2513
nefer_10,277,2.0,0.0,2222.9455,4843.644,4771.6617,11838.2513
nefer_10,278,2.0,0.0,2222.9455,4843.644,4771.6617,11838.2513
nefer_10,279,2.0,0.0,2222.9455,4843.644,4771.6617,11838.2513
nefer_10,280,2.0,0.0,2222.9455,4843.644,4771.6617,11838.2513
nefer_10,281,2.0,0.0,2222.9455,4843.644,4771.6617,11838.2513
nefer_10,282,2.0,0.0,2222.9455,4843.644,4771.6617,11838.2513
nefer_10,283,2.0,0.0,2222.9455,4843.644,4771.6617,11838.2513
nefer_10,284,2.0,0.0,2222.9455,4843.644,4771.6617,11838.2513
nefer_10,285,2.0,0.0,2222.9455,4843.644,4771.6617,11838.2513
nefer_10,286,2.0,0.0,2222.9455,4843.644,4771.6617,11838.2513
nefer_10,287,2.0,0.0,2222.9455,4843.644,4771.6617,11838.2513
nefer_10,288,2.0,0.0,2222.9455,4843.644,4771.6617,11838.2513
nefer_10,289,2.0,0.0,2222.9455,4843.644,4771.6617,11838.2513
nefer_10,290,2.0,0.0,2222.9455,4843.644,4771.6617,11838.2513
nefer_10,291,2.0,0.0,2222.9455,4843.644,4771.6617,11838.2513
nefer_10,292,2.0,0.0,2222.9455,4843.644,4771.6617,11838.2513
nefer_10,293,2.0,0.0,2222.9455,4843.644,4771.6617,11838.2513
nefer_10,294,2.0,0.0,2222.9455,4843.644,4771.6617,11838.2513
nefer_10,295,2.0,0.0,2222.9455,4843.644,4771.6617,11838.2513
nefer_10,296,2.0,0.0,2222.9455,4843.644,4771.6617,11838.2513
nefer_10,297,2.0,0.0,2222.9455,4843.644,4771.6617,11838.2513
nefer_10,298,2.0,0.0,2222.9455,4843.644,4771.6617,11838.2513
nefer_10,299,2.0,0.0,2222.9455,4843.644,4771.6617,11838.2513
nefer_10,300,2.0,0.0,2222.9455,4843.644,4771.6617,11838.2513
nefer_10,301,2.0,0.0,2222.9455,4843.644,4771.6617,11838.2513
nefer_10,302,2.0,0.0,2222.9455,4843.644,4771.6617,11838.2513
nefer_10,303,2.0,0.0,2222.9455,4843.644,4771.6617,11838.2513
nefer_10,304,2.0,0.0,2222.9455,4843.644,4771.6617,11838.2513
nefer_10,305,2.0,0.0,2222.9455,4843.644,4771.6617,11838.2513
nefer_10,306,2.0,0.0,2222.9455,4843.644,4771.6617,11838.2513
nefer_10,307,2.0,0.0,2222.9455,4843.644,4771.6617,11838.2513
nefer_10,308,2.0,0.0,2222.9455,4843.644,4771.6617,11838.2513
nefer_10,309,2.0,0.0,2222.9455,4843.644,4771.6617,11838.2513
nefer_10,310,2.0,0.0,2222.9455,4843.644,4771.6617,11838.2513
nefer_10,311,2.0,0.0,2222.9455,4843.644,4771.6617,11838.2513
nefer_10,312,2.0,0.0,2222.9455,4843.644,4771.6617,11838.2513
nefer_10,313,2.0,0.0,2222.9455,4843.644,4771.6617,11838.2513
nefer_10,314,2.0,0.0,2222.9455,4843.644,4771.6617,11838.2513
nefer_10,315,2.0,0.0,2222.9455,4843.644,4771.6617,11838.2513
nefer_10,316,2.0,0.0,2222.9455,4843.644,4771.6617,11838.2513
nefer_10,317,2.0,0.0,2222.9455,4843.644,4771.6617,11838.2513
nefer_10,318,2.0,0.0,2222.9455,4843.644,4771.6617,11838.2513
nefer_10,319,2.0,0.0,2222.9455,4843.644,4771.6617,11838.2513
nefer_10,320,2.0,0.0,2222.9455,4843.644,4771.6617,11838.2513
nefer_10,321,2.0,0.0,2222.9455,4843.644,4771.6617,11838.2513
nefer_10,322,2.0,0.0,2222.9455,4843.644,4771.6617,11838.2513
nefer_10,323,2.0,0.0,2222.9455,4843.644,4771.6617,11838.2513
nefer_10,324,2.0,0.0,2222.9455,4843.644,4771.6617,11838.2513
nefer_10,325,2.0,0.0,2222.9455,4843.644,4771.6617,11838.2513
nefer_10,326,2.0,0.0,2222.9455,4843.644,4771.6617,11838.2513
nefer_10,327,2.0,0.0,2222.9455,4843.644,4771.6617,11838.2513
nefer_10,328,2.0,0.0,2222.9455,4843.644,4771.6617,11838.2513
nefer_10,329,2.0,0.0,2222.9455,4843.644,4771.6617,11838.2513
nefer_10,330,2.0,0.0,2222.9455,4843.644,4771.6617,11838.2513
nefer_10,331,2.0,0.0,2222.9455,4843.644,4771.6617,11838.2513
nefer_10,332,2.0,0.0,2222.9455,4843.644,4771.6617,11838.2513
nefer_10,333,2.0,0.0,2222.9455,4843.644,4771.6617,11838.2513
nefer_10,334,2.0,0.0,2222.9455,4843.644,4771.6617,11838.2513
nefer_10,335,2.0,0.0,2222.9455,4843.644,4771.6617,11838.2513
nefer_10,336,2.0,0.0,2222.9455,4843.644,4771.6617,11838.2513
nefer_10,337,2.0,0.0,2222.9455,4843.644,4771.6617,11838.2513
nefer_10,338,2.0,0.0,2222.9455,4843.644,4771.6617,11838.2513
nefer_10,339,2.0,0.0,2222.9455,4843.644,4771.6617,11838.2513
nefer_10,340,2.0,0.0,2222.9455,4843.644,4771.6617,11838.2513
nefer_10,341,2.0,0.0,2222.9455,4843.644,4771.6617,11838.2513
nefer_10,342,2.0,0.0,2222.9455,4843.644,4771.6617,11838.2513
nefer_10,343,2.0,0.0,2222.9455,4843.644,4771.6617,11838.2513
nefer_10,344,2.0,0.0,2222.9455,4843.644,4771.6617,11838.2513
nefer_10,345,2.0,0.0,2222.9455,4843.644,4771.6617,11838.2513
nefer_10,346,2.0,0.0,2222.9455,4843.644,4771.6617,11838.2513
nefer_10,347,2.0,0.0,2222.9455,4843.644,4771.6617,11838.2513
nefer_10,348,2.0,0.0,2222.9455,4843.644,4771.6617,11838.2513
nefer_10,349,2.0,0.0,2222.9455,4843.644,4771.6617,11838.2513
nefer_10,350,2.0,0.0,2222.9455,4843.644,4771.6617,11838.2513
nefer_10,351,2.0,0.0,2222.9455,4843.644,4771.6617,11838.2513
nefer_10,352,2.0,0.0,2222.9455,4843.644,4771.6617,11838.2513
nefer_10,353,2.0,0.0,2222.9455,4843.644,4771.6617,11838.2513
nefer_10,354,2.0,0.0,2222.9455,4843.644,4771.6617,11838.2513
nefer_10,355,2.0,0.0,2222.9455,4843.644,4771.6617,11838.2513
nefer_10,356,2.0,0.0,2222.9455,4843.644,4771.6617,11838.2513
nefer_10,357,2.0,0.0,2222.9455,4843.644,4771.6617,11838.2513
nefer_10,358,2.0,0.0,2222.9455,4843.644,4771.6617,11838.2513
nefer_10,359,2.0,0.0,2222.9455,4843.644,4771.6617,11838.2513
nefer_10,360,2.0,0.0,2222.9455,4843.644,4771.6617,11838.2513
nefer_10,361,2.0,0.0,2222.9455,4843.644,4771.6617,11838.2513
nefer_10,362,2.0,0.0,2222.9455,4843.644,4771.6617,11838.2513
nefer_10,363,2.0,0.0,2222.9455,4843.644,4771.6617,11838.2513
nefer_10,364,2.0,0.0,2222.9455,4843.644,4771.6617,11838.2513
nefer_11,0,-0.1,0.2319,144.9397,105.0603,0.0,250.0
nefer_11,1,0.0,0.2319,144.9397,105.0603,0.0,250.0
nefer_11,2,0.0,0.2347,146.6902,106.3291,0.0,253.0193
nefer_11,3,0.0,0.2387,149.1573,108.1174,0.0,257.2747
nefer_11,4,0.0,0.2449,153.0493,110.9385,0.0,263.9877
nefer_11,5,0.0,0.2514,157.1439,113.9065,0.0,271.0503
nefer_11,6,0.0,0.2536,158.4763,114.8723,0.0,273.3485
nefer_11,7,0.0,0.2568,160.5114,116.3475,0.0,276.8589
nefer_11,8,0.0,0.2623,163.9385,118.8316,0.0,282.7701
nefer_11,9,0.0,0.267,166.8737,120.9592,0.0,287.8329
nefer_11,10,0.0,0.2718,169.8438,123.1121,0.0,292.9558
nefer_11,11,0.0,0.2759,172.4568,125.0062,0.0,297.463
nefer_11,12,0.0001,0.2799,174.9673,126.8258,0.0,301.7931
nefer_11,13,0.0003,0.2857,178.5534,129.4254,0.0,307.9788
nefer_11,14,0.0006,0.2925,182.8311,132.5264,0.0,315.3575
nefer_11,15,0.0008,0.2941,183.8427,133.2598,0.0,317.1025
nefer_11,16,0.0008,0.2941,183.8427,133.2598,0.0,317.1025
nefer_11,17,0.001,0.2941,183.8427,133.2598,0.0,317.1025
nefer_11,18,0.0014,0.2941,183.8427,133.2598,0.0,317.1025
nefer_11,19,0.0016,0.2941,183.8427,133.2598,0.0,317.1025
nefer_11,20,0.0019,0.2941,183.8427,133.2598,0.0,317.1025
nefer_11,21,0.0025,0.2941,183.8427,133.2598,0.0,317.1025
nefer_11,22,0.0029,0.2941,183.8427,133.2598,0.0,317.1025
nefer_11,23,0.0034,0.2941,183.8427,133.2598,0.0,317.1025
nefer_11,24,0.0046,0.2953,184.5328,133.7606,0.0,318.2935
nefer_11,25,0.0061,0.2967,185.4534,134.429,0.0,319.8823
nefer_11,26,0.0074,0.3007,187.9564,136.2473,0.0,324.2037
nefer_11,27,0.0091,0.3072,192.0119,139.1946,0.0,331.2065
nefer_11,28,0.0103,0.3105,194.0736,140.6939,0.0,334.7675
nefer_11,29,0.0112,0.3136,195.995,142.0918,0.0,338.0869
nefer_11,30,0.0124,0.3183,198.9425,144.237,0.0,343.1795
nefer_11,31,0.0139,0.3211,200.703,145.5187,0.0,346.2217
nefer_11,32,0.0145,0.3238,202.368,146.7317,0.0,349.0997
nefer_11,33,0.0148,0.3244,202.7501,147.0102,0.0,349.7603
nefer_11,34,0.0148,0.3244,202.7501,147.0102,0.0,349.7603
nefer_11,35,0.0148,0.3244,202.7501,147.0102,0.0,349.7603
nefer_11,36,0.0148,0.3244,202.7501,147.0102,0.0,349.7603
nefer_11,37,0.015,0.3244,202.7501,147.0102,0.0,349.7603
nefer_11,38,0.0154,0.3244,202.7501,147.0102,0.0,349.7603
nefer_11,39,0.016,0.3244,202.7501,147.0102,0.0,349.7603
nefer_11,40,0.017,0.3244,202.7501,147.0102,0.0,349.7603
nefer_11,41,0.0174,0.3244,202.7501,147.0102,0.0,349.7603
nefer_11,42,0.0178,0.3244,202.7501,147.0102,0.0,349.7603
nefer_11,43,0.0187,0.3244,202.7501,147.0102,0.0,349.7603
nefer_11,44,0.0196,0.3244,202.7501,147.0102,0.0,349.7603
nefer_11,45,0.0203,0.3244,202.7501,147.0102,0.0,349.7603
nefer_11,46,0.021,0.3244,202.7501,147.0102,0.0,349.7603
nefer_11,47,0.0221,0.3244,202.7501,147.0102,0.0,349.7603
nefer_11,48,0.0228,0.3244,202.7501,147.0102,0.0,349.7603
nefer_11,49,0.023,0.3244,202.7501,147.0102,0.0,349.7603
nefer_11,50,0.023,0.3244,202.7501,147.0102,0.0,349.7603
nefer_11,51,0.023,0.3244,202.7501,147.0102,0.0,349.7603
nefer_11,52,0.023,0.3244,202.7501,147.0102,0.0,349.7603
nefer_11,53,0.0244,0.3244,202.7501,147.0102,0.0,349.7603
nefer_11,54,0.0266,0.3244,202.7501,147.0102,0.0,349.7603
nefer_11,55,0.0289,0.3244,202.7501,147.0102,0.0,349.7603
nefer_11,56,0.0306,0.3244,202.7501,147.0102,0.0,349.7603
nefer_11,57,0.0318,0.3244,202.7501,147.0102,0.0,349.7603
nefer_11,58,0.0331,0.325,203.1528,147.3056,0.0,350.4584
nefer_11,59,0.034,0.3257,203.5491,147.5964,0.0,351.1456
nefer_11,60,0.0355,0.327,204.3887,148.2129,0.0,352.6015
nefer_11,61,0.0375,0.3277,204.8375,148.5426,0.0,353.3801
nefer_11,62,0.0401,0.3292,205.7353,149.2028,0.0,354.9381
nefer_11,63,0.0416,0.3295,205.9408,149.354,0.0,355.2948
nefer_11,64,0.0434,0.3306,206.6241,149.8573,0.0,356.4814
nefer_11,65,0.0456,0.3324,207.7423,150.6816,0.0,358.4239
nefer_11,66,0.0479,0.3351,209.4177,151.9177,0.0,361.3354
nefer_11,67,0.05,0.3373,210.8304,152.9611,0.0,363.7915
nefer_11,68,0.052,0.3388,211.746,153.6379,0.0,365.3839
nefer_11,69,0.0542,0.3392,211.9734,153.8062,0.0,365.7796
nefer_11,70,0.0568,0.3399,212.4677,154.1722,0.0,366.6399
nefer_11,71,0.0596,0.3412,213.2783,154.7733,0.0,368.0515
nefer_11,72,0.063,0.3432,214.4788,155.6646,0.0,370.1434
nefer_11,73,0.0664,0.3483,217.6652,158.0339,0.0,375.6992
nefer_11,74,0.07,0.3542,221.3925,160.8099,0.0,382.2025
nefer_11,75,0.0724,0.3593,224.5366,163.1555,0.0,387.6921
nefer_11,76,0.0741,0.3636,227.2516,165.1834,0.0,392.435
nefer_11,77,0.0756,0.3673,229.5387,166.8931,0.0,396.4318
nefer_11,78,0.0777,0.3709,231.8292,168.6065,0.0,400.4357
nefer_11,79,0.0798,0.3718,232.4038,169.0368,0.0,401.4406
nefer_11,80,0.0804,0.3718,232.4038,169.0368,0.0,401.4406
nefer_11,81,0.0804,0.3718,232.4038,169.0368,0.0,401.4406
nefer_11,82,0.0804,0.3718,232.4038,169.0368,0.0,401.4406
nefer_11,83,0.0804,0.3718,232.4038,169.0368,0.0,401.4406
nefer_11,84,0.0808,0.3718,232.4038,169.0368,0.0,401.4406
nefer_11,85,0.0835,0.3718,232.4038,169.0368,0.0,401.4406
nefer_11,86,0.0862,0.3718,232.4038,169.0368,0.0,401.4406
nefer_11,87,0.0884,0.3718,232.4038,169.0368,0.0,401.4406
nefer_11,88,0.0891,0.3718,232.4038,169.0368,0.0,401.4406
nefer_11,89,0.0896,0.3718,232.4038,169.0368,0.0,401.4406
nefer_11,90,0.0896,0.3718,232.4038,169.0368,0.0,401.4406
nefer_11,91,0.0903,0.3718,232.4038,169.0368,0.0,401.4406
nefer_11,92,0.0918,0.3718,232.4038,169.0368,0.0,401.4406
nefer_11,93,0.0928,0.3718,232.4038,169.0368,0.0,401.4406
nefer_11,94,0.0944,0.3718,232.4038,169.0368,0.0,401.4406
nefer_11,95,0.0964,0.3718,232.4038,169.0368,0.0,401.4406
nefer_11,96,0.098,0.3718,232.4038,169.0368,0.0,401.4406
nefer_11,97,0.0997,0.3718,232.4038,169.0368,0.0,401.4406
nefer_11,98,0.1028,0.3718,232.4038,169.0368,0.0,401.4406
nefer_11,99,0.1072,0.3718,232.4038,169.0368,0.0,401.4406
nefer_11,100,0.112,0.3718,232.4038,169.0368,0.0,401.4406
nefer_11,101,0.1182,0.3724,232.7336,169.2884,0.0,402.022
nefer_11,102,0.1243,0.3781,236.3281,172.0405,0.0,408.3686
nefer_11,103,0.1305,0.3892,243.2274,177.3422,0.0,420.5696
nefer_11,104,0.1364,0.4006,250.3844,182.8632,0.0,433.2476
nefer_11,105,0.1421,0.4126,257.8573,188.6497,0.0,446.507
nefer_11,106,0.1464,0.4224,264.0047,193.4273,0.0,457.432
nefer_11,107,0.1494,0.4289,268.0906,196.6121,0.0,464.7027
nefer_11,108,0.152,0.4351,271.9439,199.6217,0.0,471.5656
nefer_11,109,0.1545,0.4405,275.302,202.2492,0.0,477.5512
nefer_11,110,0.1576,0.4443,277.6773,204.1109,0.0,481.7882
nefer_11,111,0.1618,0.4466,279.147,205.2654,0.0,484.4123
nefer_11,112,0.1626,0.4466,279.147,205.2654,0.0,484.4123
nefer_11,113,0.1633,0.4466,279.147,205.2654,0.0,484.4123
nefer_11,114,0.1666,0.4466,279.147,205.2654,0.0,484.4123
nefer_11,115,0.1704,0.4466,279.147,205.2654,0.0,484.4123
nefer_11,116,0.1783,0.4466,279.147,205.2654,0.0,484.4123
nefer_11,117,0.1883,0.451,281.8863,207.4503,0.0,489.3365
nefer_11,118,0.1913,0.4528,282.9697,208.3213,0.0,491.291
nefer_11,119,0.1945,0.4559,284.9573,209.9231,0.0,494.8803
nefer_11,120,0.1998,0.4655,290.9658,214.7781,0.0,505.744
nefer_11,121,0.2094,0.482,301.2574,223.1309,0.0,524.3882
nefer_11,122,0.2182,0.4948,309.2477,229.67,0.0,538.9176
nefer_11,123,0.2243,0.5061,316.2975,235.4851,0.0,551.7825
nefer_11,124,0.2301,0.5209,325.5505,243.1607,0.0,568.7112
nefer_11,125,0.2338,0.5308,331.7519,248.3327,0.0,580.0846
nefer_11,126,0.2366,0.5393,337.07,252.7844,0.0,589.8544
nefer_11,127,0.244,0.5599,349.9556,263.6005,0.0,613.5561
nefer_11,128,0.2533,0.5839,364.9684,276.2949,0.0,641.2633
nefer_11,129,0.2612,0.6013,375.7882,285.5317,0.0,661.32
nefer_11,130,0.2697,0.6156,384.7719,293.2661,0.0,678.038
nefer_11,131,0.2807,0.6339,396.1588,303.1615,0.0,699.3204
nefer_11,132,0.2917,0.6674,417.1047,321.5958,0.0,738.7005
nefer_11,133,0.3031,0.7047,440.4373,342.401,0.0,782.8384
nefer_11,134,0.3141,0.7432,464.4955,364.16,0.0,828.6556
nefer_11,135,0.3243,0.7761,485.0802,383.0474,0.0,868.1276
nefer_11,136,0.3343,0.8138,508.6512,404.9731,0.0,913.6243
nefer_11,137,0.3478,0.8654,540.8739,435.3715,0.0,976.2454
nefer_11,138,0.3634,0.9244,577.7445,470.8454,0.0,1048.5899
nefer_11,139,0.3814,0.9824,613.9883,506.5619,0.0,1120.5502
nefer_11,140,0.3975,1.0351,646.9171,539.9735,0.0,1186.8905
nefer_11,141,0.4082,1.0877,679.8362,574.3171,0.0,1254.1533
nefer_11,142,0.4203,1.1495,718.4382,615.3733,0.0,1333.8116
nefer_11,143,0.4382,1.2215,763.4592,664.3452,0.0,1427.8044
nefer_11,144,0.4542,1.3016,813.5188,720.7377,0.0,1534.2565
nefer_11,145,0.4696,1.3613,850.8307,764.1821,0.0,1615.0129
nefer_11,146,0.4837,1.4387,899.2155,822.411,0.0,1721.6265
nefer_11,147,0.4956,1.5068,941.7198,875.2106,0.0,1816.9304
nefer_11,148,0.5084,1.583,989.3847,936.0725,0.0,1925.4572
nefer_11,149,0.5198,1.3363,1030.4554,990.1447,0.0,2020.6001
nefer_11,150,0.5289,1.3873,1062.4732,1033.5045,0.0,2095.9776
nefer_11,151,0.5407,1.4497,1101.6938,1087.8689,0.0,2189.5627
nefer_11,152,0.554,1.52,1145.9968,1151.184,0.0,2297.1808
nefer_11,153,0.5706,1.5976,1194.9936,1223.7502,0.0,2418.7439
nefer_11,154,0.5774,1.6398,1221.75,1265.2515,0.0,2487.0015
nefer_11,155,0.585,1.6864,1251.3514,1312.0628,0.0,2563.4142
nefer_11,156,0.5942,1.7411,1286.1246,1368.2679,0.0,2654.3925
nefer_11,157,0.607,1.8123,1331.5335,1443.6757,0.0,2775.2092
nefer_11,158,0.6225,1.8954,1384.6031,1535.2656,0.0,2919.8687
nefer_11,159,0.6404,1.9653,1429.3941,1616.368,0.0,3045.7621
nefer_11,160,0.6576,2.0489,1483.2192,1719.5428,0.0,3202.762
nefer_11,161,0.6721,2.117,1527.1442,1808.6512,0.0,3335.7953
nefer_11,162,0.6864,2.1883,1573.336,1907.0624,0.0,3480.3984
nefer_11,163,0.7017,2.2657,1623.5865,2019.5353,0.0,3643.1217
nefer_11,164,0.7183,2.3465,1676.2773,2144.031,0.0,3820.3083
nefer_11,165,0.7371,2.4312,1731.6694,2283.0352,0.0,4014.7045
nefer_11,166,0.7557,2.5081,1782.997,2421.1134,0.0,4204.1104
nefer_11,167,0.776,2.5704,1831.208,2560.252,0.0,4391.4601
nefer_11,168,0.7954,2.6384,1876.2118,2700.8018,0.0,4577.0136
nefer_11,169,0.8149,2.6956,1914.2456,2829.0286,0.0,4743.2743
nefer_11,170,0.835,2.7616,1958.295,2989.6976,0.0,4947.9926
nefer_11,171,0.8535,2.7957,1982.0531,3083.8403,0.0,5065.8934
nefer_11,172,0.8707,2.8427,2015.0984,3225.2863,0.0,5240.3846
nefer_11,173,0.8846,2.8865,2046.5999,3370.3412,0.0,5416.9411
nefer_11,174,0.8969,2.9215,2073.3974,3501.3197,0.0,5574.7171
nefer_11,175,0.9153,2.9698,2108.728,3683.4849,0.0,5792.2129
nefer_11,176,0.9386,3.0192,2143.2393,3876.2746,0.0,6019.5139
nefer_11,177,0.9603,3.0633,2175.7153,4077.3991,0.0,6253.1144
nefer_11,178,0.9833,3.0947,2204.9755,4277.1688,0.0,6482.1443
nefer_11,179,1.0,3.112,2228.5639,4455.902,0.0,6684.4659
nefer_11,180,1.0146,3.137,2246.5726,4603.1771,0.0,6849.7498
nefer_11,181,1.0287,3.1669,2267.4594,4785.8089,0.0,7053.2684
nefer_11,182,1.0375,3.1827,2278.4581,4888.4792,0.0,7166.9373
nefer_11,183,1.0475,3.2112,2298.4777,5083.1734,0.0,7381.6512
nefer_11,184,1.0598,3.242,2320.5344,5307.8526,0.0,7628.3871
nefer_11,185,1.0722,3.2662,2341.6606,5535.8219,0.0,7877.4825
nefer_11,186,1.0858,3.265,2356.6521,5705.0398,2.2798,8063.9717
nefer_11,187,1.0988,3.2522,2367.6666,5835.9239,5.7155,8209.306
nefer_11,188,1.1132,3.2587,2384.8857,6048.882,16.0869,8449.8545
nefer_11,189,1.1306,3.2794,2399.6615,6235.4561,34.6915,8669.809
nefer_11,190,1.1481,3.2927,2413.635,6406.8054,74.1984,8894.6388
nefer_11,191,1.1686,3.2795,2425.1911,6528.8904,141.7588,9095.8403
nefer_11,192,1.1822,3.2465,2429.3878,6558.5481,188.0901,9176.0261
nefer_11,193,1.1951,3.2219,2439.9151,6606.7458,343.4026,9390.0635
nefer_11,194,1.2095,3.212,2450.1854,6633.8092,527.6554,9611.65
nefer_11,195,1.2271,3.1933,2459.6507,6643.9827,726.2687,9829.9021
nefer_11,196,1.2407,3.1498,2465.6477,6644.6499,883.5875,9993.885
nefer_11,197,1.2507,3.1181,2469.8574,6644.6499,1080.6481,10195.1553
nefer_11,198,1.2613,3.0836,2472.7819,6644.6499,1315.66,10433.0917
nefer_11,199,1.2741,3.0507,2472.7819,6644.6499,1580.2281,10697.6598
nefer_11,200,1.2895,2.9614,2472.7819,6644.6499,1800.707,10918.1387
nefer_11,201,1.3067,2.9024,2472.7819,6644.6499,2026.6099,11144.0417
nefer_11,202,1.3247,2.8444,2472.7819,6644.6499,2243.4215,11360.8533
nefer_11,203,1.3399,2.7391,2472.7819,6644.6499,2418.5693,11536.0011
nefer_11,204,1.3515,2.6773,2472.7819,6644.6499,2656.9785,11774.4103
nefer_11,205,1.3614,2.6053,2472.7819,6644.6499,2866.4533,11983.8851
nefer_11,206,1.3719,2.5252,2472.7819,6644.6499,3079.9198,12197.3516
nefer_11,207,1.3839,2.4655,2472.7819,6644.6499,3309.0807,12426.5125
nefer_11,208,1.3954,2.3881,2472.7819,6644.6499,3524.415,12641.8468
nefer_11,209,1.4094,2.3201,2472.7819,6644.6499,3738.854,12856.2857
nefer_11,210,1.4253,2.2438,2472.7819,6644.6499,3927.5308,13044.9626
nefer_11,211,1.4426,2.1272,2472.7819,6644.6499,4087.3838,13204.8155
nefer_11,212,1.4611,1.9945,2472.7819,6644.6499,4212.3319,13329.7637
nefer_11,213,1.478,1.8281,2472.7819,6644.6499,4345.9597,13463.3914
nefer_11,214,1.4957,1.7022,2472.7819,6644.6499,4451.9522,13569.3839
nefer_11,215,1.5138,1.6191,2472.7819,6644.6499,4541.3135,13658.7452
nefer_11,216,1.5329,1.4656,2472.7819,6589.4993,4648.3455,13710.6267
nefer_11,217,1.553,1.3262,2472.7819,6534.3487,4727.9554,13735.086
nefer_11,218,1.5722,1.168,2472.7819,6479.1981,4805.4788,13757.4587
nefer_11,219,1.5914,1.0833,2472.7819,6424.0475,4870.5476,13767.377
nefer_11,220,1.611,0.932,2472.7819,6368.8969,4924.9031,13766.5819
nefer_11,221,1.6317,0.8068,2472.7819,6313.7463,4977.2961,13763.8243
nefer_11,222,1.6513,0.7408,2472.7819,6258.5957,5029.6892,13761.0668
nefer_11,223,1.6708,0.6563,2472.7819,6203.4451,5082.0823,13758.3093
nefer_11,224,1.6916,0.5702,2472.7819,6148.2945,5134.4753,13755.5518
nefer_11,225,1.7107,0.4677,2472.7819,6093.1439,5186.8684,13752.7942
nefer_11,226,1.7291,0.4203,2472.7819,6037.9933,5239.2615,13750.0367
nefer_11,227,1.7466,0.3438,2472.7819,5982.8427,5291.6545,13747.2792
nefer_11,228,1.7652,0.318,2472.7819,5927.6921,5344.0476,13744.5216
nefer_11,229,1.7868,0.2723,2472.7819,5872.5415,5396.4407,13741.7641
nefer_11,230,1.804,0.2124,2472.7819,5817.3909,5448.8337,13739.0066
nefer_11,231,1.8223,0.1824,2472.7819,5762.2404,5501.2268,13736.249
nefer_11,232,1.8408,0.1612,2472.7819,5707.0898,5553.6199,13733.4915
nefer_11,233,1.8589,0.1215,2472.7819,5651.9392,5606.0129,13730.734
nefer_11,234,1.878,0.1008,2472.7819,5596.7886,5658.406,13727.9765
nefer_11,235,1.8978,0.0813,2472.7819,5541.638,5710.799,13725.2189
nefer_11,236,1.9208,0.0653,2472.7819,5486.4874,5763.1921,13722.4614
nefer_11,237,1.9451,0.0595,2472.7819,5431.3368,5815.5852,13719.7039
nefer_11,238,1.9657,0.0308,2472.7819,5376.1862,5867.9782,13716.9463
nefer_11,239,1.9881,0.0179,2472.7819,5321.0356,5920.3713,13714.1888
nefer_11,240,2.0,0.0,2472.7819,5315.7199,5925.4212,13713.923
nefer_11,241,2.0,0.0,2472.7819,5315.7199,5925.4212,13713.923
nefer_11,242,2.0,0.0,2472.7819,5315.7199,5925.4212,13713.923
nefer_11,243,2.0,0.0,2472.7819,5315.7199,5925.4212,13713.923
nefer_11,244,2.0,0.0,2472.7819,5315.7199,5925.4212,13713.923
nefer_11,245,2.0,0.0,2472.7819,5315.7199,5925.4212,13713.923
nefer_11,246,2.0,0.0,2472.7819,5315.7199,5925.4212,13713.923
nefer_11,247,2.0,0.0,2472.7819,5315.7199,5925.4212,13713.923
nefer_11,248,2.0,0.0,2472.7819,5315.7199,5925.4212,13713.923
nefer_11,249,2.0,0.0,2472.7819,5315.7199,5925.4212,13713.923
nefer_11,250,2.0,0.0,2472.7819,5315.7199,5925.4212,13713.923
nefer_11,251,2.0,0.0,2472.7819,5315.7199,5925.4212,13713.923
nefer_11,252,2.0,0.0,2472.7819,5315.7199,5925.4212,13713.923
nefer_11,253,2.0,0.0,2472.7819,5315.7199,5925.4212,13713.923
nefer_11,254,2.0,0.0,2472.7819,5315.7199,5925.4212,13713.923
nefer_11,255,2.0,0.0,2472.7819,5315.7199,5925.4212,13713.923
nefer_11,256,2.0,0.0,2472.7819,5315.7199,5925.4212,13713.923
nefer_11,257,2.0,0.0,2472.7819,5315.7199,5925.4212,13713.923
nefer_11,258,2.0,0.0,2472.7819,5315.7199,5925.4212,13713.923
nefer_11,259,2.0,0.0,2472.7819,5315.7199,5925.4212,13713.923
nefer_11,260,2.0,0.0,2472.7819,5315.7199,5925.4212,13713.923
nefer_11,261,2.0,0.0,2472.7819,5315.7199,5925.4212,13713.923
nefer_11,262,2.0,0.0,2472.7819,5315.7199,5925.4212,13713.923
nefer_11,263,2.0,0.0,2472.7819,5315.7199,5925.4212,13713.923
nefer_11,264,2.0,0.0,2472.7819,5315.7199,5925.4212,13713.923
nefer_11,265,2.0,0.0,2472.7819,5315.7199,5925.4212,13713.923
nefer_11,266,2.0,0.0,2472.7819,5315.7199,5925.4212,13713.923
nefer_11,267,2.0,0.0,2472.7819,5315.7199,5925.4212,13713.923
nefer_11,268,2.0,0.0,2472.7819,5315.7199,5925.4212,13713.923
nefer_11,269,2.0,0.0,2472.7819,5315.7199,5925.4212,13713.923
nefer_11,270,2.0,0.0,2472.7819,5315.7199,5925.4212,13713.923
nefer_11,271,2.0,0.0,2472.7819,5315.7199,5925.4212,13713.923
nefer_11,272,2.0,0.0,2472.7819,5315.7199,5925.4212,13713.923
nefer_11,273,2.0,0.0,2472.7819,5315.7199,5925.4212,13713.923
nefer_11,274,2.0,0.0,2472.7819,5315.7199,5925.4212,13713.923
nefer_11,275,2.0,0.0,2472.7819,5315.7199,5925.4212,13713.923
nefer_11,276,2.0,0.0,2472.7819,5315.7199,5925.4212,13713.923
nefer_11,277,2.0,0.0,2472.7819,5315.7199,5925.4212,13713.923
nefer_11,278,2.0,0.0,2472.7819,5315.7199,5925.4212,13713.923
nefer_11,279,2.0,0.0,2472.7819,5315.7199,5925.4212,13713.923
nefer_11,280,2.0,0.0,2472.7819,5315.7199,5925.4212,13713.923
nefer_11,281,2.0,0.0,2472.7819,5315.7199,5925.4212,13713.923
nefer_11,282,2.0,0.0,2472.7819,5315.7199,5925.4212,13713.923
nefer_11,283,2.0,0.0,2472.7819,5315.7199,5925.4212,13713.923
nefer_11,284,2.0,0.0,2472.7819,5315.7199,5925.4212,13713.923
nefer_11,285,2.0,0.0,2472.7819,5315.7199,5925.4212,13713.923
nefer_11,286,2.0,0.0,2472.7819,5315.7199,5925.4212,13713.923
nefer_11,287,2.0,0.0,2472.7819,5315.7199,5925.4212,13713.923
nefer_11,288,2.0,0.0,2472.7819,5315.7199,5925.4212,13713.923
nefer_11,289,2.0,0.0,2472.7819,5315.7199,5925.4212,13713.923
nefer_11,290,2.0,0.0,2472.7819,5315.7199,5925.4212,13713.923
nefer_11,291,2.0,0.0,2472.7819,5315.7199,5925.4212,13713.923
nefer_11,292,2.0,0.0,2472.7819,5315.7199,5925.4212,13713.923
nefer_11,293,2.0,0.0,2472.7819,5315.7199,5925.4212,13713.923
nefer_11,294,2.0,0.0,2472.7819,5315.7199,5925.4212,13713.923
nefer_11,295,2.0,0.0,2472.7819,5315.7199,5925.4212,13713.923
nefer_11,296,2.0,0.0,2472.7819,5315.7199,5925.4212,13713.923
nefer_11,297,2.0,0.0,2472.7819,5315.7199,5925.4212,13713.923
nefer_11,298,2.0,0.0,2472.7819,5315.7199,5925.4212,13713.923
nefer_11,299,2.0,0.0,2472.7819,5315.7199,5925.4212,13713.923
nefer_11,300,2.0,0.0,2472.7819,5315.7199,5925.4212,13713.923
nefer_11,301,2.0,0.0,2472.7819,5315.7199,5925.4212,13713.923
nefer_11,302,2.0,0.0,2472.7819,5315.7199,5925.4212,13713.923
nefer_11,303,2.0,0.0,2472.7819,5315.7199,5925.4212,13713.923
nefer_11,304,2.0,0.0,2472.7819,5315.7199,5925.4212,13713.923
nefer_11,305,2.0,0.0,2472.7819,5315.7199,5925.4212,13713.923
nefer_11,306,2.0,0.0,2472.7819,5315.7199,5925.4212,13713.923
nefer_11,307,2.0,0.0,2472.7819,5315.7199,5925.4212,13713.923
nefer_11,308,2.0,0.0,2472.7819,5315.7199,5925.4212,13713.923
nefer_11,309,2.0,0.0,2472.7819,5315.7199,5925.4212,13713.923
nefer_11,310,2.0,0.0,2472.7819,5315.7199,5925.4212,13713.923
nefer_11,311,2.0,0.0,2472.7819,5315.7199,5925.4212,13713.923
nefer_11,312,2.0,0.0,2472.7819,5315.7199,5925.4212,13713.923
nefer_11,313,2.0,0.0,2472.7819,5315.7199,5925.4212,13713.923
nefer_11,314,2.0,0.0,2472.7819,5315.7199,5925.4212,13713.923
nefer_11,315,2.0,0.0,2472.7819,5315.7199,5925.4212,13713.923
nefer_11,316,2.0,0.0,2472.7819,5315.7199,5925.4212,13713.923
nefer_11,317,2.0,0.0,2472.7819,5315.7199,5925.4212,13713.923
nefer_11,318,2.0,0.0,2472.7819,5315.7199,5925.4212,13713.923
nefer_11,319,2.0,0.0,2472.7819,5315.7199,5925.4212,13713.923
nefer_11,320,2.0,0.0,2472.7819,5315.7199,5925.4212,13713.923
nefer_11,321,2.0,0.0,2472.7819,5315.7199,5925.4212,13713.923
nefer_11,322,2.0,0.0,2472.7819,5315.7199,5925.4212,13713.923
nefer_11,323,2.0,0.0,2472.7819,5315.7199,5925.4212,13713.923
nefer_11,324,2.0,0.0,2472.7819,5315.7199,5925.4212,13713.923
nefer_11,325,2.0,0.0,2472.7819,5315.7199,5925.4212,13713.923
nefer_11,326,2.0,0.0,2472.7819,5315.7199,5925.4212,13713.923
nefer_11,327,2.0,0.0,2472.7819,5315.7199,5925.4212,13713.923
nefer_11,328,2.0,0.0,2472.7819,5315.7199,5925.4212,13713.923
nefer_11,329,2.0,0.0,2472.7819,5315.7199,5925.4212,13713.923
nefer_11,330,2.0,0.0,2472.7819,5315.7199,5925.4212,13713.923
nefer_11,331,2.0,0.0,2472.7819,5315.7199,5925.4212,13713.923
nefer_11,332,2.0,0.0,2472.7819,5315.7199,5925.4212,13713.923
nefer_11,333,2.0,0.0,2472.7819,5315.7199,5925.4212,13713.923
nefer_11,334,2.0,0.0,2472.7819,5315.7199,5925.4212,13713.923
nefer_11,335,2.0,0.0,2472.7819,5315.7199,5925.4212,13713.923
nefer_11,336,2.0,0.0,2472.7819,5315.7199,5925.4212,13713.923
nefer_11,337,2.0,0.0,2472.7819,5315.7199,5925.4212,13713.923
nefer_11,338,2.0,0.0,2472.7819,5315.7199,5925.4212,13713.923
nefer_11,339,2.0,0.0,2472.7819,5315.7199,5925.4212,13713.923
nefer_11,340,2.0,0.0,2472.7819,5315.7199,5925.4212,13713.923
nefer_11,341,2.0,0.0,2472.7819,5315.7199,5925.4212,13713.923
nefer_11,342,2.0,0.0,2472.7819,5315.7199,5925.4212,13713.923
nefer_11,343,2.0,0.0,2472.7819,5315.7199,5925.4212,13713.923
nefer_11,344,2.0,0.0,2472.7819,5315.7199,5925.4212,13713.923
nefer_11,345,2.0,0.0,2472.7819,5315.7199,5925.4212,13713.923
nefer_11,346,2.0,0.0,2472.7819,5315.7199,5925.4212,13713.923
nefer_11,347,2.0,0.0,2472.7819,5315.7199,5925.4212,13713.923
nefer_11,348,2.0,0.0,2472.7819,5315.7199,5925.4212,13713.923
nefer_11,349,2.0,0.0,2472.7819,5315.7199,5925.4212,13713.923
nefer_11,350,2.0,0.0,2472.7819,5315.7199,5925.4212,13713.923
nefer_11,351,2.0,0.0,2472.7819,5315.7199,5925.4212,13713.923
nefer_11,352,2.0,0.0,2472.7819,5315.7199,5925.4212,13713.923
nefer_11,353,2.0,0.0,2472.7819,5315.7199,5925.4212,13713.923
nefer_11,354,2.0,0.0,2472.7819,5315.7199,5925.4212,13713.923
nefer_11,355,2.0,0.0,2472.7819,5315.7199,5925.4212,13713.923
nefer_11,356,2.0,0.0,2472.7819,5315.7199,5925.4212,13713.923
nefer_11,357,2.0,0.0,2472.7819,5315.7199,5925.4212,13713.923
nefer_11,358,2.0,0.0,2472.7819,5315.7199,5925.4212,13713.923
nefer_11,359,2.0,0.0,2472.7819,5315.7199,5925.4212,13713.923
nefer_11,360,2.0,0.0,2472.7819,5315.7199,5925.4212,13713.923
nefer_11,361,2.0,0.0,2472.7819,5315.7199,5925.4212,13713.923
nefer_11,362,2.0,0.0,2472.7819,5315.7199,5925.4212,13713.923
nefer_11,363,2.0,0.0,2472.7819,5315.7199,5925.4212,13713.923
nefer_11,364,2.0,0.0,2472.7819,5315.7199,5925.4212,13713.923
nefer_12,0,-0.1,0.2319,144.9397,105.0603,0.0,250.0
nefer_12,1,0.0,0.2319,144.9397,105.0603,0.0,250.0
nefer_12,2,0.0,0.2347,146.6902,106.3291,0.0,253.0193
nefer_12,3,0.0,0.2387,149.1573,108.1174,0.0,257.2747
nefer_12,4,0.0,0.2449,153.0493,110.9385,0.0,263.9877
nefer_12,5,0.0,0.2514,157.1439,113.9065,0.0,271.0503
nefer_12,6,0.0,0.2536,158.4763,114.8723,0.0,273.3485
nefer_12,7,0.0,0.2568,160.5114,116.3475,0.0,276.8589
nefer_12,8,0.0,0.2623,163.9385,118.8316,0.0,282.7701
nefer_12,9,0.0,0.267,166.8737,120.9592,0.0,287.8329
nefer_12,10,0.0,0.2718,169.8438,123.1121,0.0,292.9558
nefer_12,11,0.0,0.2759,172.4568,125.0062,0.0,297.463
nefer_12,12,0.0001,0.2799,174.9673,126.8258,0.0,301.7931
nefer_12,13,0.0003,0.2857,178.5534,129.4254,0.0,307.9788
nefer_12,14,0.0006,0.2925,182.8311,132.5264,0.0,315.3575
nefer_12,15,0.0008,0.2941,183.8427,133.2598,0.0,317.1025
nefer_12,16,0.0008,0.2941,183.8427,133.2598,0.0,317.1025
nefer_12,17,0.001,0.2941,183.8427,133.2598,0.0,317.1025
nefer_12,18,0.0014,0.2941,183.8427,133.2598,0.0,317.1025
nefer_12,19,0.0016,0.2941,183.8427,133.2598,0.0,317.1025
nefer_12,20,0.0019,0.2941,183.8427,133.2598,0.0,317.1025
nefer_12,21,0.0025,0.2941,183.8427,133.2598,0.0,317.1025
nefer_12,22,0.0029,0.2941,183.8427,133.2598,0.0,317.1025
nefer_12,23,0.0034,0.2941,183.8427,133.2598,0.0,317.1025
nefer_12,24,0.0046,0.2953,184.5328,133.7606,0.0,318.2935
nefer_12,25,0.0061,0.2967,185.4534,134.429,0.0,319.8823
nefer_12,26,0.0074,0.3007,187.9564,136.2473,0.0,324.2037
nefer_12,27,0.0091,0.3072,192.0119,139.1946,0.0,331.2065
nefer_12,28,0.0103,0.3105,194.0736,140.6939,0.0,334.7675
nefer_12,29,0.0112,0.3136,195.995,142.0918,0.0,338.0869
nefer_12,30,0.0124,0.3183,198.9425,144.237,0.0,343.1795
nefer_12,31,0.0139,0.3211,200.703,145.5187,0.0,346.2217
nefer_12,32,0.0145,0.3238,202.368,146.7317,0.0,349.0997
nefer_12,33,0.0148,0.3244,202.7501,147.0102,0.0,349.7603
nefer_12,34,0.0148,0.3244,202.7501,147.0102,0.0,349.7603
nefer_12,35,0.0148,0.3244,202.7501,147.0102,0.0,349.7603
nefer_12,36,0.0148,0.3244,202.7501,147.0102,0.0,349.7603
nefer_12,37,0.015,0.3244,202.7501,147.0102,0.0,349.7603
nefer_12,38,0.0154,0.3244,202.7501,147.0102,0.0,349.7603
nefer_12,39,0.016,0.3244,202.7501,147.0102,0.0,349.7603
nefer_12,40,0.017,0.3244,202.7501,147.0102,0.0,349.7603
nefer_12,41,0.0174,0.3244,202.7501,147.0102,0.0,349.7603
nefer_12,42,0.0178,0.3244,202.7501,147.0102,0.0,349.7603
nefer_12,43,0.0187,0.3244,202.7501,147.0102,0.0,349.7603
nefer_12,44,0.0196,0.3244,202.7501,147.0102,0.0,349.7603
nefer_12,45,0.0203,0.3244,202.7501,147.0102,0.0,349.7603
nefer_12,46,0.021,0.3244,202.7501,147.0102,0.0,349.7603
nefer_12,47,0.0221,0.3244,202.7501,147.0102,0.0,349.7603
nefer_12,48,0.0228,0.3244,202.7501,147.0102,0.0,349.7603
nefer_12,49,0.023,0.3244,202.7501,147.0102,0.0,349.7603
nefer_12,50,0.023,0.3244,202.7501,147.0102,0.0,349.7603
nefer_12,51,0.023,0.3244,202.7501,147.0102,0.0,349.7603
nefer_12,52,0.023,0.3244,202.7501,147.0102,0.0,349.7603
nefer_12,53,0.0244,0.3244,202.7501,147.0102,0.0,349.7603
nefer_12,54,0.0266,0.3244,202.7501,147.0102,0.0,349.7603
nefer_12,55,0.0289,0.3244,202.7501,147.0102,0.0,349.7603
nefer_12,56,0.0306,0.3244,202.7501,147.0102,0.0,349.7603
nefer_12,57,0.0318,0.3244,202.7501,147.0102,0.0,349.7603
nefer_12,58,0.0331,0.325,203.1528,147.3056,0.0,350.4584
nefer_12,59,0.034,0.3257,203.5491,147.5964,0.0,351.1456
nefer_12,60,0.0355,0.327,204.3887,148.2129,0.0,352.6015
nefer_12,61,0.0375,0.3277,204.8375,148.5426,0.0,353.3801
nefer_12,62,0.0401,0.3292,205.7353,149.2028,0.0,354.9381
nefer_12,63,0.0416,0.3295,205.9408,149.354,0.0,355.2948
nefer_12,64,0.0434,0.3306,206.6241,149.8573,0.0,356.4814
nefer_12,65,0.0456,0.3324,207.7423,150.6816,0.0,358.4239
nefer_12,66,0.0479,0.3351,209.4177,151.9177,0.0,361.3354
nefer_12,67,0.05,0.3373,210.8304,152.9611,0.0,363.7915
nefer_12,68,0.052,0.3388,211.746,153.6379,0.0,365.3839
nefer_12,69,0.0542,0.3392,211.9734,153.8062,0.0,365.7796
nefer_12,70,0.0568,0.3399,212.4677,154.1722,0.0,366.6399
nefer_12,71,0.0596,0.3412,213.2783,154.7733,0.0,368.0515
nefer_12,72,0.063,0.3432,214.4788,155.6646,0.0,370.1434
nefer_12,73,0.0664,0.3483,217.6652,158.0339,0.0,375.6992
nefer_12,74,0.07,0.3542,221.3925,160.8099,0.0,382.2025
nefer_12,75,0.0724,0.3593,224.5366,163.1555,0.0,387.6921
nefer_12,76,0.0741,0.3636,227.2516,165.1834,0.0,392.435
nefer_12,77,0.0756,0.3673,229.5387,166.8931,0.0,396.4318
nefer_12,78,0.0777,0.3709,231.8292,168.6065,0.0,400.4357
nefer_12,79,0.0798,0.3718,232.4038,169.0368,0.0,401.4406
nefer_12,80,0.0804,0.3718,232.4038,169.0368,0.0,401.4406
nefer_12,81,0.0804,0.3718,232.4038,169.0368,0.0,401.4406
nefer_12,82,0.0804,0.3718,232.4038,169.0368,0.0,401.4406
nefer_12,83,0.0804,0.3718,232.4038,169.0368,0.0,401.4406
nefer_12,84,0.0808,0.3718,232.4038,169.0368,0.0,401.4406
nefer_12,85,0.0835,0.3718,232.4038,169.0368,0.0,401.4406
nefer_12,86,0.0862,0.3718,232.4038,169.0368,0.0,401.4406
nefer_12,87,0.0884,0.3718,232.4038,169.0368,0.0,401.4406
nefer_12,88,0.0891,0.3718,232.4038,169.0368,0.0,401.4406
nefer_12,89,0.0896,0.3718,232.4038,169.0368,0.0,401.4406
nefer_12,90,0.0896,0.3718,232.4038,169.0368,0.0,401.4406
nefer_12,91,0.0903,0.3718,232.4038,169.0368,0.0,401.4406
nefer_12,92,0.0918,0.3718,232.4038,169.0368,0.0,401.4406
nefer_12,93,0.0928,0.3718,232.4038,169.0368,0.0,401.4406
nefer_12,94,0.0944,0.3718,232.4038,169.0368,0.0,401.4406
nefer_12,95,0.0964,0.3718,232.4038,169.0368,0.0,401.4406
nefer_12,96,0.098,0.3718,232.4038,169.0368,0.0,401.4406
nefer_12,97,0.0997,0.3718,232.4038,169.0368,0.0,401.4406
nefer_12,98,0.1028,0.3718,232.4038,169.0368,0.0,401.4406
nefer_12,99,0.1072,0.3718,232.4038,169.0368,0.0,401.4406
nefer_12,100,0.112,0.3718,232.4038,169.0368,0.0,401.4406
nefer_12,101,0.1182,0.3724,232.7336,169.2884,0.0,402.022
nefer_12,102,0.1243,0.3781,236.3281,172.0405,0.0,408.3686
nefer_12,103,0.1305,0.3892,243.2274,177.3422,0.0,420.5696
nefer_12,104,0.1364,0.4006,250.3844,182.8632,0.0,433.2476
nefer_12,105,0.1421,0.4126,257.8573,188.6497,0.0,446.507
nefer_12,106,0.1464,0.4224,264.0047,193.4273,0.0,457.432
nefer_12,107,0.1494,0.4289,268.0906,196.6121,0.0,464.7027
nefer_12,108,0.152,0.4351,271.9439,199.6217,0.0,471.5656
nefer_12,109,0.1545,0.4405,275.302,202.2492,0.0,477.5512
nefer_12,110,0.1576,0.4443,277.6773,204.1109,0.0,481.7882
nefer_12,111,0.1618,0.4466,279.147,205.2654,0.0,484.4123
nefer_12,112,0.1626,0.4466,279.147,205.2654,0.0,484.4123
nefer_12,113,0.1633,0.4466,279.147,205.2654,0.0,484.4123
nefer_12,114,0.1666,0.4466,279.147,205.2654,0.0,484.4123
nefer_12,115,0.1704,0.4466,279.147,205.2654,0.0,484.4123
nefer_12,116,0.1783,0.4466,279.147,205.2654,0.0,484.4123
nefer_12,117,0.1883,0.451,281.8863,207.4503,0.0,489.3365
nefer_12,118,0.1913,0.4528,282.9697,208.3213,0.0,491.291
nefer_12,119,0.1945,0.4559,284.9573,209.9231,0.0,494.8803
nefer_12,120,0.1998,0.4655,290.9658,214.7781,0.0,505.744
nefer_12,121,0.2094,0.482,301.2574,223.1309,0.0,524.3882
nefer_12,122,0.2182,0.4948,309.2477,229.67,0.0,538.9176
nefer_12,123,0.2243,0.5061,316.2975,235.4851,0.0,551.7825
nefer_12,124,0.2301,0.5209,325.5505,243.1607,0.0,568.7112
nefer_12,125,0.2338,0.5308,331.7519,248.3327,0.0,580.0846
nefer_12,126,0.2366,0.5393,337.07,252.7844,0.0,589.8544
nefer_12,127,0.244,0.5599,349.9556,263.6005,0.0,613.5561
nefer_12,128,0.2533,0.5839,364.9684,276.2949,0.0,641.2633
nefer_12,129,0.2612,0.6013,375.7882,285.5317,0.0,661.32
nefer_12,130,0.2697,0.6156,384.7719,293.2661,0.0,678.038
nefer_12,131,0.2807,0.6339,396.1588,303.1615,0.0,699.3204
nefer_12,132,0.2917,0.6674,417.1047,321.5958,0.0,738.7005
nefer_12,133,0.3031,0.7047,440.4373,342.401,0.0,782.8384
nefer_12,134,0.3141,0.7432,464.4846,364.1502,0.0,828.6348
nefer_12,135,0.3243,0.7758,484.8878,382.8711,0.0,867.7588
nefer_12,136,0.3343,0.8129,508.0345,404.4019,0.0,912.4364
nefer_12,137,0.3478,0.8626,539.1522,433.758,0.0,972.9103
nefer_12,138,0.3634,0.9181,573.8279,467.1202,0.0,1040.9481
nefer_12,139,0.3814,0.9711,606.965,499.7751,0.0,1106.7401
nefer_12,140,0.3975,1.0186,636.636,529.8811,0.0,1166.5171
nefer_12,141,0.4082,1.0618,663.6423,558.0561,0.0,1221.6984
nefer_12,142,0.4203,1.1105,694.0547,590.4021,0.0,1284.4568
nefer_12,143,0.4382,1.1676,729.7452,629.2246,0.0,1358.9698
nefer_12,144,0.4542,1.2277,767.3034,671.5342,0.0,1438.8376
nefer_12,145,0.4696,1.2743,796.4118,705.4268,0.0,1501.8385
nefer_12,146,0.4837,1.3274,829.6403,745.4157,0.0,1575.056
nefer_12,147,0.4956,1.3714,857.1253,779.558,0.0,1636.6833
nefer_12,148,0.5084,1.4186,886.6064,817.2017,0.0,1703.8081
nefer_12,149,0.5198,1.1191,916.9177,857.1084,0.0,1774.026
nefer_12,150,0.5289,1.1587,941.7307,890.7112,0.0,1832.442
nefer_12,151,0.5407,1.2112,974.7342,936.458,0.0,1911.1922
nefer_12,152,0.554,1.2718,1012.915,991.0237,0.0,2003.9388
nefer_12,153,0.5706,1.3398,1055.8968,1054.6814,0.0,2110.5782
nefer_12,154,0.5774,1.3763,1079.0366,1090.5731,0.0,2169.6097
nefer_12,155,0.585,1.417,1104.9153,1131.4972,0.0,2236.4125
nefer_12,156,0.5942,1.4648,1135.3175,1180.6374,0.0,2315.9549
nefer_12,157,0.607,1.5279,1175.5376,1247.4283,0.0,2422.9659
nefer_12,158,0.6225,1.6021,1222.94,1329.2376,0.0,2552.1776
nefer_12,159,0.6404,1.6649,1263.1843,1402.1073,0.0,2665.2916
nefer_12,160,0.6576,1.7402,1311.632,1494.9745,0.0,2806.6064
nefer_12,161,0.6721,1.8015,1351.1721,1575.1875,0.0,2926.3596
nefer_12,162,0.6864,1.8658,1392.8435,1663.9678,0.0,3056.8113
nefer_12,163,0.7017,1.9361,1438.5044,1766.1684,0.0,3204.6729
nefer_12,164,0.7183,2.0099,1486.6061,1879.8209,0.0,3366.427
nefer_12,165,0.7371,2.0877,1537.4429,2007.3939,0.0,3544.8367
nefer_12,166,0.7557,2.1593,1584.4949,2133.9702,0.0,3718.465
nefer_12,167,0.776,2.2266,1628.8084,2261.8604,0.0,3890.6688
nefer_12,168,0.7954,2.2892,1670.2969,2391.4318,0.0,4061.7287
nefer_12,169,0.8149,2.3422,1705.5296,2510.2148,0.0,4215.7444
nefer_12,170,0.835,2.403,1746.0983,2658.188,0.0,4404.2863
nefer_12,171,0.8535,2.4362,1768.3863,2746.5058,0.0,4514.8921
nefer_12,172,0.8707,2.4814,1798.8455,2876.8821,0.0,4675.7275
nefer_12,173,0.8846,2.5236,1827.3635,3008.1988,0.0,4835.5623
nefer_12,174,0.8969,2.5593,1851.533,3126.3326,0.0,4977.8656
nefer_12,175,0.9153,2.6069,1883.8743,3293.0847,0.0,5176.959
nefer_12,176,0.9386,2.6534,1915.6601,3470.6493,0.0,5386.3095
nefer_12,177,0.9603,2.697,1945.5621,3655.8324,0.0,5601.3944
nefer_12,178,0.9833,2.7274,1972.5382,3840.0079,0.0,5812.5461
nefer_12,179,1.0,2.7412,1994.5636,4006.8984,0.0,6001.462
nefer_12,180,1.0146,2.7656,2011.5613,4145.9047,0.0,6157.466
nefer_12,181,1.0287,2.7936,2031.108,4316.8195,0.0,6347.9275
nefer_12,182,1.0375,2.8085,2041.5125,4413.9427,0.0,6455.4552
nefer_12,183,1.0475,2.8347,2059.897,4592.7355,0.0,6652.6326
nefer_12,184,1.0598,2.8637,2080.308,4800.6511,0.0,6880.9591
nefer_12,185,1.0722,2.888,2099.8806,5011.8559,0.0,7111.7365
nefer_12,186,1.0858,2.8856,2114.0803,5172.1357,2.1594,7288.3754
nefer_12,187,1.0988,2.8721,2124.6217,5297.3982,5.4476,7427.4674
nefer_12,188,1.1132,2.8769,2140.6558,5495.7022,15.1052,7651.4633
nefer_12,189,1.1306,2.8963,2154.4662,5670.0849,32.4941,7857.0452
nefer_12,190,1.1481,2.9084,2167.5075,5830.0039,69.3657,8066.8772
nefer_12,191,1.1686,2.8942,2178.3499,5944.549,132.7535,8255.6524
nefer_12,192,1.1822,2.861,2182.4816,5973.7469,178.3666,8334.5951
nefer_12,193,1.1951,2.8356,2192.3869,6019.0966,324.5015,8535.9849
nefer_12,194,1.2095,2.8248,2202.007,6044.4468,497.0909,8743.5447
nefer_12,195,1.2271,2.8052,2210.8242,6053.9237,682.1044,8946.8523
nefer_12,196,1.2407,2.7612,2216.499,6054.555,830.9712,9102.0251
nefer_12,197,1.2507,2.7291,2220.3528,6054.555,1011.3755,9286.2834
nefer_12,198,1.2613,2.6942,2222.9455,6054.555,1219.7215,9497.222
nefer_12,199,1.2741,2.6613,2222.9455,6054.555,1452.5026,9730.0032
nefer_12,200,1.2895,2.5716,2222.9455,6054.555,1647.1072,9924.6078
nefer_12,201,1.3067,2.5161,2222.9455,6054.555,1836.7412,10114.2418
nefer_12,202,1.3247,2.4621,2222.9455,6054.555,2014.8235,10292.324
nefer_12,203,1.3399,2.3666,2222.9455,6054.555,2164.9668,10442.4673
nefer_12,204,1.3515,2.3221,2222.9455,6054.555,2356.4494,10633.95
nefer_12,205,1.3614,2.2623,2222.9455,6054.555,2518.9375,10796.4381
nefer_12,206,1.3719,2.2011,2222.9455,6054.555,2680.0649,10957.5654
nefer_12,207,1.3839,2.1562,2222.9455,6054.555,2849.1018,11126.6023
nefer_12,208,1.3954,2.1006,2222.9455,6054.555,2998.4663,11275.9669
nefer_12,209,1.4094,2.0584,2222.9455,6054.555,3141.0266,11418.5272
nefer_12,210,1.4253,2.0096,2222.9455,6054.555,3260.0502,11537.5507
nefer_12,211,1.4426,1.9117,2222.9455,6054.555,3361.5221,11639.0226
nefer_12,212,1.4611,1.7943,2222.9455,6054.555,3434.5055,11712.006
nefer_12,213,1.478,1.6419,2222.9455,6054.555,3512.9251,11790.4256
nefer_12,214,1.4957,1.5412,2222.9455,6054.555,3567.1219,11844.6224
nefer_12,215,1.5138,1.4738,2222.9455,6054.555,3610.2461,11887.7466
nefer_12,216,1.5329,1.3181,2222.9455,6004.3022,3669.0364,11896.2842
nefer_12,217,1.553,1.2008,2222.9455,5954.0494,3716.7766,11893.7715
nefer_12,218,1.5722,1.0514,2222.9455,5903.7966,3764.5168,11891.2589
nefer_12,219,1.5914,0.9909,2222.9455,5853.5438,3812.2569,11888.7463
nefer_12,220,1.611,0.8357,2222.9455,5803.291,3859.9971,11886.2336
nefer_12,221,1.6317,0.7295,2222.9455,5753.0382,3907.7373,11883.721
nefer_12,222,1.6513,0.6783,2222.9455,5702.7854,3955.4774,11881.2083
nefer_12,223,1.6708,0.5952,2222.9455,5652.5326,4003.2176,11878.6957
nefer_12,224,1.6916,0.5188,2222.9455,5602.2797,4050.9578,11876.1831
nefer_12,225,1.7107,0.4223,2222.9455,5552.0269,4098.6979,11873.6704
nefer_12,226,1.7291,0.3878,2222.9455,5501.7741,4146.4381,11871.1578
nefer_12,227,1.7466,0.3116,2222.9455,5451.5213,4194.1783,11868.6451
nefer_12,228,1.7652,0.295,2222.9455,5401.2685,4241.9184,11866.1325
nefer_12,229,1.7868,0.2486,2222.9455,5351.0157,4289.6586,11863.6199
nefer_12,230,1.804,0.1924,2222.9455,5300.7629,4337.3988,11861.1072
nefer_12,231,1.8223,0.1686,2222.9455,5250.5101,4385.1389,11858.5946
nefer_12,232,1.8408,0.149,2222.9455,5200.2573,4432.8791,11856.0819
nefer_12,233,1.8589,0.1095,2222.9455,5150.0045,4480.6193,11853.5693
nefer_12,234,1.878,0.0927,2222.9455,5099.7517,4528.3594,11851.0567
nefer_12,235,1.8978,0.0744,2222.9455,5049.4989,4576.0996,11848.544
nefer_12,236,1.9208,0.0597,2222.9455,4999.2461,4623.8398,11846.0314
nefer_12,237,1.9451,0.055,2222.9455,4948.9933,4671.5799,11843.5187
nefer_12,238,1.9657,0.0257,2222.9455,4898.7405,4719.3201,11841.0061
nefer_12,239,1.9881,0.0155,2222.9455,4848.4876,4767.0603,11838.4935
nefer_12,240,2.0,0.0,2222.9455,4843.644,4771.6617,11838.2513
nefer_12,241,2.0,0.0,2222.9455,4843.644,4771.6617,11838.2513
nefer_12,242,2.0,0.0,2222.9455,4843.644,4771.6617,11838.2513
nefer_12,243,2.0,0.0,2222.9455,4843.644,4771.6617,11838.2513
nefer_12,244,2.0,0.0,2222.9455,4843.644,4771.6617,11838.2513
nefer_12,245,2.0,0.0,2222.9455,4843.644,4771.6617,11838.2513
nefer_12,246,2.0,0.0,2222.9455,4843.644,4771.6617,11838.2513
nefer_12,247,2.0,0.0,2222.9455,4843.644,4771.6617,11838.2513
nefer_12,248,2.0,0.0,2222.9455,4843.644,4771.6617,11838.2513
nefer_12,249,2.0,0.0,2222.9455,4843.644,4771.6617,11838.2513
nefer_12,250,2.0,0.0,2222.9455,4843.644,4771.6617,11838.2513
nefer_12,251,2.0,0.0,2222.9455,4843.644,4771.6617,11838.2513
nefer_12,252,2.0,0.0,2222.9455,4843.644,4771.6617,11838.2513
nefer_12,253,2.0,0.0,2222.9455,4843.644,4771.6617,11838.2513
nefer_12,254,2.0,0.0,2222.9455,4843.644,4771.6617,11838.2513
nefer_12,255,2.0,0.0,2222.9455,4843.644,4771.6617,11838.2513
nefer_12,256,2.0,0.0,2222.9455,4843.644,4771.6617,11838.2513
nefer_12,257,2.0,0.0,2222.9455,4843.644,4771.6617,11838.2513
nefer_12,258,2.0,0.0,2222.9455,4843.644,4771.6617,11838.2513
nefer_12,259,2.0,0.0,2222.9455,4843.644,4771.6617,11838.2513
nefer_12,260,2.0,0.0,2222.9455,4843.644,4771.6617,11838.2513
nefer_12,261,2.0,0.0,2222.9455,4843.644,4771.6617,11838.2513
nefer_12,262,2.0,0.0,2222.9455,4843.644,4771.6617,11838.2513
nefer_12,263,2.0,0.0,2222.9455,4843.644,4771.6617,11838.2513
nefer_12,264,2.0,0.0,2222.9455,4843.644,4771.6617,11838.2513
nefer_12,265,2.0,0.0,2222.9455,4843.644,4771.6617,11838.2513
nefer_12,266,2.0,0.0,2222.9455,4843.644,4771.6617,11838.2513
nefer_12,267,2.0,0.0,2222.9455,4843.644,4771.6617,11838.2513
nefer_12,268,2.0,0.0,2222.9455,4843.644,4771.6617,11838.2513
nefer_12,269,2.0,0.0,2222.9455,4843.644,4771.6617,11838.2513
nefer_12,270,2.0,0.0,2222.9455,4843.644,4771.6617,11838.2513
nefer_12,271,2.0,0.0,2222.9455,4843.644,4771.6617,11838.2513
nefer_12,272,2.0,0.0,2222.9455,4843.644,4771.6617,11838.2513
nefer_12,273,2.0,0.0,2222.9455,4843.644,4771.6617,11838.2513
nefer_12,274,2.0,0.0,2222.9455,4843.644,4771.6617,11838.2513
nefer_12,275,2.0,0.0,2222.9455,4843.644,4771.6617,11838.2513
nefer_12,276,2.0,0.0,2222.9455,4843.644,4771.6617,11838.2513
nefer_12,277,2.0,0.0,2222.9455,4843.644,4771.6617,11838.2513
nefer_12,278,2.0,0.0,2222.9455,4843.644,4771.6617,11838.2513
nefer_12,279,2.0,0.0,2222.9455,4843.644,4771.6617,11838.2513
nefer_12,280,2.0,0.0,2222.9455,4843.644,4771.6617,11838.2513
nefer_12,281,2.0,0.0,2222.9455,4843.644,4771.6617,11838.2513
nefer_12,282,2.0,0.0,2222.9455,4843.644,4771.6617,11838.2513
nefer_12,283,2.0,0.0,2222.9455,4843.644,4771.6617,11838.2513
nefer_12,284,2.0,0.0,2222.9455,4843.644,4771.6617,11838.2513
nefer_12,285,2.0,0.0,2222.9455,4843.644,4771.6617,11838.2513
nefer_12,286,2.0,0.0,2222.9455,4843.644,4771.6617,11838.2513
nefer_12,287,2.0,0.0,2222.9455,4843.644,4771.6617,11838.2513
nefer_12,288,2.0,0.0,2222.9455,4843.644,4771.6617,11838.2513
nefer_12,289,2.0,0.0,2222.9455,4843.644,4771.6617,11838.2513
nefer_12,290,2.0,0.0,2222.9455,4843.644,4771.6617,11838.2513
nefer_12,291,2.0,0.0,2222.9455,4843.644,4771.6617,11838.2513
nefer_12,292,2.0,0.0,2222.9455,4843.644,4771.6617,11838.2513
nefer_12,293,2.0,0.0,2222.9455,4843.644,4771.6617,11838.2513
nefer_12,294,2.0,0.0,2222.9455,4843.644,4771.6617,11838.2513
nefer_12,295,2.0,0.0,2222.9455,4843.644,4771.6617,11838.2513
nefer_12,296,2.0,0.0,2222.9455,4843.644,4771.6617,11838.2513
nefer_12,297,2.0,0.0,2222.9455,4843.644,4771.6617,11838.2513
nefer_12,298,2.0,0.0,2222.9455,4843.644,4771.6617,11838.2513
nefer_12,299,2.0,0.0,2222.9455,4843.644,4771.6617,11838.2513
nefer_12,300,2.0,0.0,2222.9455,4843.644,4771.6617,11838.2513
nefer_12,301,2.0,0.0,2222.9455,4843.644,4771.6617,11838.2513
nefer_12,302,2.0,0.0,2222.9455,4843.644,4771.6617,11838.2513
nefer_12,303,2.0,0.0,2222.9455,4843.644,4771.6617,11838.2513
nefer_12,304,2.0,0.0,2222.9455,4843.644,4771.6617,11838.2513
nefer_12,305,2.0,0.0,2222.9455,4843.644,4771.6617,11838.2513
nefer_12,306,2.0,0.0,2222.9455,4843.644,4771.6617,11838.2513
nefer_12,307,2.0,0.0,2222.9455,4843.644,4771.6617,11838.2513
nefer_12,308,2.0,0.0,2222.9455,4843.644,4771.6617,11838.2513
nefer_12,309,2.0,0.0,2222.9455,4843.644,4771.6617,11838.2513
nefer_12,310,2.0,0.0,2222.9455,4843.644,4771.6617,11838.2513
nefer_12,311,2.0,0.0,2222.9455,4843.644,4771.6617,11838.2513
nefer_12,312,2.0,0.0,2222.9455,4843.644,4771.6617,11838.2513
nefer_12,313,2.0,0.0,2222.9455,4843.644,4771.6617,11838.2513
nefer_12,314,2.0,0.0,2222.9455,4843.644,4771.6617,11838.2513
nefer_12,315,2.0,0.0,2222.9455,4843.644,4771.6617,11838.2513
nefer_12,316,2.0,0.0,2222.9455,4843.644,4771.6617,11838.2513
nefer_12,317,2.0,0.0,2222.9455,4843.644,4771.6617,11838.2513
nefer_12,318,2.0,0.0,2222.9455,4843.644,4771.6617,11838.2513
nefer_12,319,2.0,0.0,2222.9455,4843.644,4771.6617,11838.2513
nefer_12,320,2.0,0.0,2222.9455,4843.644,4771.6617,11838.2513
nefer_12,321,2.0,0.0,2222.9455,4843.644,4771.6617,11838.2513
nefer_12,322,2.0,0.0,2222.9455,4843.644,4771.6617,11838.2513
nefer_12,323,2.0,0.0,2222.9455,4843.644,4771.6617,11838.2513
nefer_12,324,2.0,0.0,2222.9455,4843.644,4771.6617,11838.2513
nefer_12,325,2.0,0.0,2222.9455,4843.644,4771.6617,11838.2513
nefer_12,326,2.0,0.0,2222.9455,4843.644,4771.6617,11838.2513
nefer_12,327,2.0,0.0,2222.9455,4843.644,4771.6617,11838.2513
nefer_12,328,2.0,0.0,2222.9455,4843.644,4771.6617,11838.2513
nefer_12,329,2.0,0.0,2222.9455,4843.644,4771.6617,11838.2513
nefer_12,330,2.0,0.0,2222.9455,4843.644,4771.6617,11838.2513
nefer_12,331,2.0,0.0,2222.9455,4843.644,4771.6617,11838.2513
nefer_12,332,2.0,0.0,2222.9455,4843.644,4771.6617,11838.2513
nefer_12,333,2.0,0.0,2222.9455,4843.644,4771.6617,11838.2513
nefer_12,334,2.0,0.0,2222.9455,4843.644,4771.6617,11838.2513
nefer_12,335,2.0,0.0,2222.9455,4843.644,4771.6617,11838.2513
nefer_12,336,2.0,0.0,2222.9455,4843.644,4771.6617,11838.2513
nefer_12,337,2.0,0.0,2222.9455,4843.644,4771.6617,11838.2513
nefer_12,338,2.0,0.0,2222.9455,4843.644,4771.6617,11838.2513
nefer_12,339,2.0,0.0,2222.9455,4843.644,4771.6617,11838.2513
nefer_12,340,2.0,0.0,2222.9455,4843.644,4771.6617,11838.2513
nefer_12,341,2.0,0.0,2222.9455,4843.644,4771.6617,11838.2513
nefer_12,342,2.0,0.0,2222.9455,4843.644,4771.6617,11838.2513
nefer_12,343,2.0,0.0,2222.9455,4843.644,4771.6617,11838.2513
nefer_12,344,2.0,0.0,2222.9455,4843.644,4771.6617,11838.2513
nefer_12,345,2.0,0.0,2222.9455,4843.644,4771.6617,11838.2513
nefer_12,346,2.0,0.0,2222.9455,4843.644,4771.6617,11838.2513
nefer_12,347,2.0,0.0,2222.9455,4843.644,4771.6617,11838.2513
nefer_12,348,2.0,0.0,2222.9455,4843.644,4771.6617,11838.2513
nefer_12,349,2.0,0.0,2222.9455,4843.644,4771.6617,11838.2513
nefer_12,350,2.0,0.0,2222.9455,4843.644,4771.6617,11838.2513
nefer_12,351,2.0,0.0,2222.9455,4843.644,4771.6617,11838.2513
nefer_12,352,2.0,0.0,2222.9455,4843.644,4771.6617,11838.2513
nefer_12,353,2.0,0.0,2222.9455,4843.644,4771.6617,11838.2513
nefer_12,354,2.0,0.0,2222.9455,4843.644,4771.6617,11838.2513
nefer_12,355,2.0,0.0,2222.9455,4843.644,4771.6617,11838.2513
nefer_12,356,2.0,0.0,2222.9455,4843.644,4771.6617,11838.2513
nefer_12,357,2.0,0.0,2222.9455,4843.644,4771.6617,11838.2513
nefer_12,358,2.0,0.0,2222.9455,4843.644,4771.6617,11838.2513
nefer_12,359,2.0,0.0,2222.9455,4843.644,4771.6617,11838.2513
nefer_12,360,2.0,0.0,2222.9455,4843.644,4771.6617,11838.2513
nefer_12,361,2.0,0.0,2222.9455,4843.644,4771.6617,11838.2513
nefer_12,362,2.0,0.0,2222.9455,4843.644,4771.6617,11838.2513
nefer_12,363,2.0,0.0,2222.9455,4843.644,4771.6617,11838.2513
nefer_12,364,2.0,0.0,2222.9455,4843.644,4771.6617,11838.2513
nefer_13,0,-0.1,0.2319,144.9397,105.0603,0.0,250.0
nefer_13,1,0.0,0.2319,144.9397,105.0603,0.0,250.0
nefer_13,2,0.0,0.2347,146.6902,106.3291,0.0,253.0193
nefer_13,3,0.0,0.2387,149.1573,108.1174,0.0,257.2747
nefer_13,4,0.0,0.2449,153.0493,110.9385,0.0,263.9877
nefer_13,5,0.0,0.2514,157.1439,113.9065,0.0,271.0503
nefer_13,6,0.0,0.2536,158.4763,114.8723,0.0,273.3485
nefer_13,7,0.0,0.2568,160.5114,116.3475,0.0,276.8589
nefer_13,8,0.0,0.2623,163.9385,118.8316,0.0,282.7701
nefer_13,9,0.0,0.267,166.8737,120.9592,0.0,287.8329
nefer_13,10,0.0,0.2718,169.8438,123.1121,0.0,292.9558
nefer_13,11,0.0,0.2759,172.4568,125.0062,0.0,297.463
nefer_13,12,0.0001,0.2799,174.9673,126.8258,0.0,301.7931
nefer_13,13,0.0003,0.2857,178.5534,129.4254,0.0,307.9788
nefer_13,14,0.0006,0.2925,182.8311,132.5264,0.0,315.3575
nefer_13,15,0.0008,0.2941,183.8427,133.2598,0.0,317.1025
nefer_13,16,0.0008,0.2941,183.8427,133.2598,0.0,317.1025
nefer_13,17,0.001,0.2941,183.8427,133.2598,0.0,317.1025
nefer_13,18,0.0014,0.2941,183.8427,133.2598,0.0,317.1025
nefer_13,19,0.0016,0.2941,183.8427,133.2598,0.0,317.1025
nefer_13,20,0.0019,0.2941,183.8427,133.2598,0.0,317.1025
nefer_13,21,0.0025,0.2941,183.8427,133.2598,0.0,317.1025
nefer_13,22,0.0029,0.2941,183.8427,133.2598,0.0,317.1025
nefer_13,23,0.0034,0.2941,183.8427,133.2598,0.0,317.1025
nefer_13,24,0.0046,0.2953,184.5328,133.7606,0.0,318.2935
nefer_13,25,0.0061,0.2967,185.4534,134.429,0.0,319.8823
nefer_13,26,0.0074,0.3007,187.9564,136.2473,0.0,324.2037
nefer_13,27,0.0091,0.3072,192.0119,139.1946,0.0,331.2065
nefer_13,28,0.0103,0.3105,194.0736,140.6939,0.0,334.7675
nefer_13,29,0.0112,0.3136,195.995,142.0918,0.0,338.0869
nefer_13,30,0.0124,0.3183,198.9425,144.237,0.0,343.1795
nefer_13,31,0.0139,0.3211,200.703,145.5187,0.0,346.2217
nefer_13,32,0.0145,0.3238,202.368,146.7317,0.0,349.0997
nefer_13,33,0.0148,0.3244,202.7501,147.0102,0.0,349.7603
nefer_13,34,0.0148,0.3244,202.7501,147.0102,0.0,349.7603
nefer_13,35,0.0148,0.3244,202.7501,147.0102,0.0,349.7603
nefer_13,36,0.0148,0.3244,202.7501,147.0102,0.0,349.7603
nefer_13,37,0.015,0.3244,202.7501,147.0102,0.0,349.7603
nefer_13,38,0.0154,0.3244,202.7501,147.0102,0.0,349.7603
nefer_13,39,0.016,0.3244,202.7501,147.0102,0.0,349.7603
nefer_13,40,0.017,0.3244,202.7501,147.0102,0.0,349.7603
nefer_13,41,0.0174,0.3244,202.7501,147.0102,0.0,349.7603
nefer_13,42,0.0178,0.3244,202.7501,147.0102,0.0,349.7603
nefer_13,43,0.0187,0.3244,202.7501,147.0102,0.0,349.7603
nefer_13,44,0.0196,0.3244,202.7501,147.0102,0.0,349.7603
nefer_13,45,0.0203,0.3244,202.7501,147.0102,0.0,349.7603
nefer_13,46,0.021,0.3244,202.7501,147.0102,0.0,349.7603
nefer_13,47,0.0221,0.3244,202.7501,147.0102,0.0,349.7603
nefer_13,48,0.0228,0.3244,202.7501,147.0102,0.0,349.7603
nefer_13,49,0.023,0.3244,202.7501,147.0102,0.0,349.7603
nefer_13,50,0.023,0.3244,202.7501,147.0102,0.0,349.7603
nefer_13,51,0.023,0.3244,202.7501,147.0102,0.0,349.7603
nefer_13,52,0.023,0.3244,202.7501,147.0102,0.0,349.7603
nefer_13,53,0.0244,0.3244,202.7501,147.0102,0.0,349.7603
nefer_13,54,0.0266,0.3244,202.7501,147.0102,0.0,349.7603
nefer_13,55,0.0289,0.3244,202.7501,147.0102,0.0,349.7603
nefer_13,56,0.0306,0.3244,202.7501,147.0102,0.0,349.7603
nefer_13,57,0.0318,0.3244,202.7501,147.0102,0.0,349.7603
nefer_13,58,0.0331,0.325,203.1528,147.3056,0.0,350.4584
nefer_13,59,0.034,0.3257,203.5491,147.5964,0.0,351.1456
nefer_13,60,0.0355,0.327,204.3887,148.2129,0.0,352.6015
nefer_13,61,0.0375,0.3277,204.8375,148.5426,0.0,353.3801
nefer_13,62,0.0401,0.3292,205.7353,149.2028,0.0,354.9381
nefer_13,63,0.0416,0.3295,205.9408,149.354,0.0,355.2948
nefer_13,64,0.0434,0.3306,206.6241,149.8573,0.0,356.4814
nefer_13,65,0.0456,0.3324,207.7423,150.6816,0.0,358.4239
nefer_13,66,0.0479,0.3351,209.4177,151.9177,0.0,361.3354
nefer_13,67,0.05,0.3373,210.8304,152.9611,0.0,363.7915
nefer_13,68,0.052,0.3388,211.746,153.6379,0.0,365.3839
nefer_13,69,0.0542,0.3392,211.9734,153.8062,0.0,365.7796
nefer_13,70,0.0568,0.3399,212.4677,154.1722,0.0,366.6399
nefer_13,71,0.0596,0.3412,213.2783,154.7733,0.0,368.0515
nefer_13,72,0.063,0.3432,214.4788,155.6646,0.0,370.1434
nefer_13,73,0.0664,0.3483,217.6652,158.0339,0.0,375.6992
nefer_13,74,0.07,0.3542,221.3925,160.8099,0.0,382.2025
nefer_13,75,0.0724,0.3593,224.5366,163.1555,0.0,387.6921
nefer_13,76,0.0741,0.3636,227.2516,165.1834,0.0,392.435
nefer_13,77,0.0756,0.3673,229.5387,166.8931,0.0,396.4318
nefer_13,78,0.0777,0.3709,231.8292,168.6065,0.0,400.4357
nefer_13,79,0.0798,0.3718,232.4038,169.0368,0.0,401.4406
nefer_13,80,0.0804,0.3718,232.4038,169.0368,0.0,401.4406
nefer_13,81,0.0804,0.3718,232.4038,169.0368,0.0,401.4406
nefer_13,82,0.0804,0.3718,232.4038,169.0368,0.0,401.4406
nefer_13,83,0.0804,0.3718,232.4038,169.0368,0.0,401.4406
nefer_13,84,0.0808,0.3718,232.4038,169.0368,0.0,401.4406
nefer_13,85,0.0835,0.3718,232.4038,169.0368,0.0,401.4406
nefer_13,86,0.0862,0.3718,232.4038,169.0368,0.0,401.4406
nefer_13,87,0.0884,0.3718,232.4038,169.0368,0.0,401.4406
nefer_13,88,0.0891,0.3718,232.4038,169.0368,0.0,401.4406
nefer_13,89,0.0896,0.3718,232.4038,169.0368,0.0,401.4406
nefer_13,90,0.0896,0.3718,232.4038,169.0368,0.0,401.4406
nefer_13,91,0.0903,0.3718,232.4038,169.0368,0.0,401.4406
nefer_13,92,0.0918,0.3718,232.4038,169.0368,0.0,401.4406
nefer_13,93,0.0928,0.3718,232.4038,169.0368,0.0,401.4406
nefer_13,94,0.0944,0.3718,232.4038,169.0368,0.0,401.4406
nefer_13,95,0.0964,0.3718,232.4038,169.0368,0.0,401.4406
nefer_13,96,0.098,0.3718,232.4038,169.0368,0.0,401.4406
nefer_13,97,0.0997,0.3718,232.4038,169.0368,0.0,401.4406
nefer_13,98,0.1028,0.3718,232.4038,169.0368,0.0,401.4406
nefer_13,99,0.1072,0.3718,232.4038,169.0368,0.0,401.4406
nefer_13,100,0.112,0.3718,232.4038,169.0368,0.0,401.4406
nefer_13,101,0.1182,0.3724,232.7336,169.2884,0.0,402.022
nefer_13,102,0.1243,0.3781,236.3281,172.0405,0.0,408.3686
nefer_13,103,0.1305,0.3892,243.2274,177.3422,0.0,420.5696
nefer_13,104,0.1364,0.4006,250.3844,182.8632,0.0,433.2476
nefer_13,105,0.1421,0.4126,257.8573,188.6497,0.0,446.507
nefer_13,106,0.1464,0.4224,264.0047,193.4273,0.0,457.432
nefer_13,107,0.1494,0.4289,268.0906,196.6121,0.0,464.7027
nefer_13,108,0.152,0.4351,271.9439,199.6217,0.0,471.5656
nefer_13,109,0.1545,0.4405,275.302,202.2492,0.0,477.5512
nefer_13,110,0.1576,0.4443,277.6773,204.1109,0.0,481.7882
nefer_13,111,0.1618,0.4466,279.147,205.2654,0.0,484.4123
nefer_13,112,0.1626,0.4466,279.147,205.2654,0.0,484.4123
nefer_13,113,0.1633,0.4466,279.147,205.2654,0.0,484.4123
nefer_13,114,0.1666,0.4466,279.147,205.2654,0.0,484.4123
nefer_13,115,0.1704,0.4466,279.147,205.2654,0.0,484.4123
nefer_13,116,0.1783,0.4466,279.147,205.2654,0.0,484.4123
nefer_13,117,0.1883,0.451,281.8863,207.4503,0.0,489.3365
nefer_13,118,0.1913,0.4528,282.9697,208.3213,0.0,491.291
nefer_13,119,0.1945,0.4559,284.9573,209.9231,0.0,494.8803
nefer_13,120,0.1998,0.4655,290.9658,214.7781,0.0,505.744
nefer_13,121,0.2094,0.482,301.2574,223.1309,0.0,524.3882
nefer_13,122,0.2182,0.4948,309.2477,229.67,0.0,538.9176
nefer_13,123,0.2243,0.5061,316.2975,235.4851,0.0,551.7825
nefer_13,124,0.2301,0.5209,325.5505,243.1607,0.0,568.7112
nefer_13,125,0.2338,0.5308,331.7519,248.3327,0.0,580.0846
nefer_13,126,0.2366,0.5393,337.07,252.7844,0.0,589.8544
nefer_13,127,0.244,0.5599,349.9556,263.6005,0.0,613.5561
nefer_13,128,0.2533,0.5839,364.9684,276.2949,0.0,641.2633
nefer_13,129,0.2612,0.6013,375.7882,285.5317,0.0,661.32
nefer_13,130,0.2697,0.6156,384.7719,293.2661,0.0,678.038
nefer_13,131,0.2807,0.6339,396.1588,303.1615,0.0,699.3204
nefer_13,132,0.2917,0.6674,417.1047,321.5958,0.0,738.7005
nefer_13,133,0.3031,0.7047,440.4373,342.401,0.0,782.8384
nefer_13,134,0.3141,0.7432,464.4955,364.16,0.0,828.6556
nefer_13,135,0.3243,0.7761,485.0802,383.0474,0.0,868.1276
nefer_13,136,0.3343,0.8138,508.6512,404.9731,0.0,913.6243
nefer_13,137,0.3478,0.8654,540.8739,435.3715,0.0,976.2454
nefer_13,138,0.3634,0.9244,577.7445,470.8454,0.0,1048.5899
nefer_13,139,0.3814,0.9824,613.9883,506.5619,0.0,1120.5502
nefer_13,140,0.3975,1.0351,646.9171,539.9735,0.0,1186.8905
nefer_13,141,0.4082,1.0877,679.8362,574.3171,0.0,1254.1533
nefer_13,142,0.4203,1.1495,718.4382,615.3733,0.0,1333.8116
nefer_13,143,0.4382,1.2215,763.4592,664.3452,0.0,1427.8044
nefer_13,144,0.4542,1.3016,813.5188,720.7377,0.0,1534.2565
nefer_13,145,0.4696,1.3613,850.8307,764.1821,0.0,1615.0129
nefer_13,146,0.4837,1.4387,899.2155,822.411,0.0,1721.6265
nefer_13,147,0.4956,1.5068,941.7198,875.2106,0.0,1816.9304
nefer_13,148,0.5084,1.583,989.3847,936.0725,0.0,1925.4572
nefer_13,149,0.5198,1.3363,1030.4554,990.1447,0.0,2020.6001
nefer_13,150,0.5289,1.3873,1062.4732,1033.5045,0.0,2095.9776
nefer_13,151,0.5407,1.4497,1101.6938,1087.8689,0.0,2189.5627
nefer_13,152,0.554,1.52,1145.9968,1151.184,0.0,2297.1808
nefer_13,153,0.5706,1.5976,1194.9936,1223.7502,0.0,2418.7439
nefer_13,154,0.5774,1.6398,1221.75,1265.2515,0.0,2487.0015
nefer_13,155,0.585,1.6864,1251.3514,1312.0628,0.0,2563.4142
nefer_13,156,0.5942,1.7411,1286.1246,1368.2679,0.0,2654.3925
nefer_13,157,0.607,1.8123,1331.5335,1443.6757,0.0,2775.2092
nefer_13,158,0.6225,1.8954,1384.6031,1535.2656,0.0,2919.8687
nefer_13,159,0.6404,1.9653,1429.3941,1616.368,0.0,3045.7621
nefer_13,160,0.6576,2.0489,1483.2192,1719.5428,0.0,3202.762
nefer_13,161,0.6721,2.117,1527.1442,1808.6512,0.0,3335.7953
nefer_13,162,0.6864,2.1883,1573.336,1907.0624,0.0,3480.3984
nefer_13,163,0.7017,2.2657,1623.5865,2019.5353,0.0,3643.1217
nefer_13,164,0.7183,2.3465,1676.2773,2144.031,0.0,3820.3083
nefer_13,165,0.7371,2.4312,1731.6694,2283.0352,0.0,4014.7045
nefer_13,166,0.7557,2.5081,1782.997,2421.1134,0.0,4204.1104
nefer_13,167,0.776,2.5704,1831.208,2560.252,0.0,4391.4601
nefer_13,168,0.7954,2.6384,1876.2118,2700.8018,0.0,4577.0136
nefer_13,169,0.8149,2.6956,1914.2456,2829.0286,0.0,4743.2743
nefer_13,170,0.835,2.7616,1958.295,2989.6976,0.0,4947.9926
nefer_13,171,0.8535,2.7957,1982.0531,3083.8403,0.0,5065.8934
nefer_13,172,0.8707,2.8427,2015.0984,3225.2863,0.0,5240.3846
nefer_13,173,0.8846,2.8865,2046.5999,3370.3412,0.0,5416.9411
nefer_13,174,0.8969,2.9215,2073.3974,3501.3197,0.0,5574.7171
nefer_13,175,0.9153,2.9698,2108.728,3683.4849,0.0,5792.2129
nefer_13,176,0.9386,3.0192,2143.2393,3876.2746,0.0,6019.5139
nefer_13,177,0.9603,3.0633,2175.7153,4077.3991,0.0,6253.1144
nefer_13,178,0.9833,3.0947,2204.9755,4277.1688,0.0,6482.1443
nefer_13,179,1.0,3.112,2228.5639,4455.902,0.0,6684.4659
nefer_13,180,1.0146,3.137,2246.5726,4603.1771,0.0,6849.7498
nefer_13,181,1.0287,3.1669,2267.4594,4785.8089,0.0,7053.2684
nefer_13,182,1.0375,3.1827,2278.4581,4888.4792,0.0,7166.9373
nefer_13,183,1.0475,3.2112,2298.4777,5083.1734,0.0,7381.6512
nefer_13,184,1.0598,3.242,2320.5344,5307.8526,0.0,7628.3871
nefer_13,185,1.0722,3.2662,2341.6606,5535.8219,0.0,7877.4825
nefer_13,186,1.0858,3.265,2356.6521,5705.0398,2.2798,8063.9717
nefer_13,187,1.0988,3.2522,2367.6666,5835.9239,5.7155,8209.306
nefer_13,188,1.1132,3.2587,2384.8857,6048.882,16.0869,8449.8545
nefer_13,189,1.1306,3.2794,2399.6615,6235.4561,34.6915,8669.809
nefer_13,190,1.1481,3.2927,2413.635,6406.8054,74.1984,8894.6388
nefer_13,191,1.1686,3.2795,2425.1911,6528.8904,141.7588,9095.8403
nefer_13,192,1.1822,3.2465,2429.3878,6558.5481,188.0901,9176.0261
nefer_13,193,1.1951,3.2219,2439.9151,6606.7458,343.4026,9390.0635
nefer_13,194,1.2095,3.212,2450.1854,6633.8092,527.6554,9611.65
nefer_13,195,1.2271,3.1933,2459.6507,6643.9827,726.2687,9829.9021
nefer_13,196,1.2407,3.1498,2465.6477,6644.6499,883.5875,9993.885
nefer_13,197,1.2507,3.1181,2469.8574,6644.6499,1080.6481,10195.1553
nefer_13,198,1.2613,3.0836,2472.7819,6644.6499,1315.66,10433.0917
nefer_13,199,1.2741,3.0507,2472.7819,6644.6499,1580.2281,10697.6598
nefer_13,200,1.2895,2.9614,2472.7819,6644.6499,1800.707,10918.1387
nefer_13,201,1.3067,2.9024,2472.7819,6644.6499,2026.6099,11144.0417
nefer_13,202,1.3247,2.8444,2472.7819,6644.6499,2243.4215,11360.8533
nefer_13,203,1.3399,2.7391,2472.7819,6644.6499,2418.5693,11536.0011
nefer_13,204,1.3515,2.6773,2472.7819,6644.6499,2656.9785,11774.4103
nefer_13,205,1.3614,2.6053,2472.7819,6644.6499,2866.4533,11983.8851
nefer_13,206,1.3719,2.5252,2472.7819,6644.6499,3079.9198,12197.3516
nefer_13,207,1.3839,2.4655,2472.7819,6644.6499,3309.0807,12426.5125
nefer_13,208,1.3954,2.3881,2472.7819,6644.6499,3524.415,12641.8468
nefer_13,209,1.4094,2.3201,2472.7819,6644.6499,3738.854,12856.2857
nefer_13,210,1.4253,2.2438,2472.7819,6644.6499,3927.5308,13044.9626
nefer_13,211,1.4426,2.1272,2472.7819,6644.6499,4087.3838,13204.8155
nefer_13,212,1.4611,1.9945,2472.7819,6644.6499,4212.3319,13329.7637
nefer_13,213,1.478,1.8281,2472.7819,6644.6499,4345.9597,13463.3914
nefer_13,214,1.4957,1.7022,2472.7819,6644.6499,4451.9522,13569.3839
nefer_13,215,1.5138,1.6191,2472.7819,6644.6499,4541.3135,13658.7452
nefer_13,216,1.5329,1.4656,2472.7819,6589.4993,4648.3455,13710.6267
nefer_13,217,1.553,1.3262,2472.7819,6534.3487,4727.9554,13735.086
nefer_13,218,1.5722,1.168,2472.7819,6479.1981,4805.4788,13757.4587
nefer_13,219,1.5914,1.0833,2472.7819,6424.0475,4870.5476,13767.377
nefer_13,220,1.611,0.932,2472.7819,6368.8969,4924.9031,13766.5819
nefer_13,221,1.6317,0.8068,2472.7819,6313.7463,4977.2961,13763.8243
nefer_13,222,1.6513,0.7408,2472.7819,6258.5957,5029.6892,13761.0668
nefer_13,223,1.6708,0.6563,2472.7819,6203.4451,5082.0823,13758.3093
nefer_13,224,1.6916,0.5702,2472.7819,6148.2945,5134.4753,13755.5518
nefer_13,225,1.7107,0.4677,2472.7819,6093.1439,5186.8684,13752.7942
nefer_13,226,1.7291,0.4203,2472.7819,6037.9933,5239.2615,13750.0367
nefer_13,227,1.7466,0.3438,2472.7819,5982.8427,5291.6545,13747.2792
nefer_13,228,1.7652,0.318,2472.7819,5927.6921,5344.0476,13744.5216
nefer_13,229,1.7868,0.2723,2472.7819,5872.5415,5396.4407,13741.7641
nefer_13,230,1.804,0.2124,2472.7819,5817.3909,5448.8337,13739.0066
nefer_13,231,1.8223,0.1824,2472.7819,5762.2404,5501.2268,13736.249
nefer_13,232,1.8408,0.1612,2472.7819,5707.0898,5553.6199,13733.4915
nefer_13,233,1.8589,0.1215,2472.7819,5651.9392,5606.0129,13730.734
nefer_13,234,1.878,0.1008,2472.7819,5596.7886,5658.406,13727.9765
nefer_13,235,1.8978,0.0813,2472.7819,5541.638,5710.799,13725.2189
nefer_13,236,1.9208,0.0653,2472.7819,5486.4874,5763.1921,13722.4614
nefer_13,237,1.9451,0.0595,2472.7819,5431.3368,5815.5852,13719.7039
nefer_13,238,1.9657,0.0308,2472.7819,5376.1862,5867.9782,13716.9463
nefer_13,239,1.9881,0.0179,2472.7819,5321.0356,5920.3713,13714.1888
nefer_13,240,2.0,0.0,2472.7819,5315.7199,5925.4212,13713.923
nefer_13,241,2.0,0.0,2472.7819,5315.7199,5925.4212,13713.923
nefer_13,242,2.0,0.0,2472.7819,5315.7199,5925.4212,13713.923
nefer_13,243,2.0,0.0,2472.7819,5315.7199,5925.4212,13713.923
nefer_13,244,2.0,0.0,2472.7819,5315.7199,5925.4212,13713.923
nefer_13,245,2.0,0.0,2472.7819,5315.7199,5925.4212,13713.923
nefer_13,246,2.0,0.0,2472.7819,5315.7199,5925.4212,13713.923
nefer_13,247,2.0,0.0,2472.7819,5315.7199,5925.4212,13713.923
nefer_13,248,2.0,0.0,2472.7819,5315.7199,5925.4212,13713.923
nefer_13,249,2.0,0.0,2472.7819,5315.7199,5925.4212,13713.923
nefer_13,250,2.0,0.0,2472.7819,5315.7199,5925.4212,13713.923
nefer_13,251,2.0,0.0,2472.7819,5315.7199,5925.4212,13713.923
nefer_13,252,2.0,0.0,2472.7819,5315.7199,5925.4212,13713.923
nefer_13,253,2.0,0.0,2472.7819,5315.7199,5925.4212,13713.923
nefer_13,254,2.0,0.0,2472.7819,5315.7199,5925.4212,13713.923
nefer_13,255,2.0,0.0,2472.7819,5315.7199,5925.4212,13713.923
nefer_13,256,2.0,0.0,2472.7819,5315.7199,5925.4212,13713.923
nefer_13,257,2.0,0.0,2472.7819,5315.7199,5925.4212,13713.923
nefer_13,258,2.0,0.0,2472.7819,5315.7199,5925.4212,13713.923
nefer_13,259,2.0,0.0,2472.7819,5315.7199,5925.4212,13713.923
nefer_13,260,2.0,0.0,2472.7819,5315.7199,5925.4212,13713.923
nefer_13,261,2.0,0.0,2472.7819,5315.7199,5925.4212,13713.923
nefer_13,262,2.0,0.0,2472.7819,5315.7199,5925.4212,13713.923
nefer_13,263,2.0,0.0,2472.7819,5315.7199,5925.4212,13713.923
nefer_13,264,2.0,0.0,2472.7819,5315.7199,5925.4212,13713.923
nefer_13,265,2.0,0.0,2472.7819,5315.7199,5925.4212,13713.923
nefer_13,266,2.0,0.0,2472.7819,5315.7199,5925.4212,13713.923
nefer_13,267,2.0,0.0,2472.7819,5315.7199,5925.4212,13713.923
nefer_13,268,2.0,0.0,2472.7819,5315.7199,5925.4212,13713.923
nefer_13,269,2.0,0.0,2472.7819,5315.7199,5925.4212,13713.923
nefer_13,270,2.0,0.0,2472.7819,5315.7199,5925.4212,13713.923
nefer_13,271,2.0,0.0,2472.7819,5315.7199,5925.4212,13713.923
nefer_13,272,2.0,0.0,2472.7819,5315.7199,5925.4212,13713.923
nefer_13,273,2.0,0.0,2472.7819,5315.7199,5925.4212,13713.923
nefer_13,274,2.0,0.0,2472.7819,5315.7199,5925.4212,13713.923
nefer_13,275,2.0,0.0,2472.7819,5315.7199,5925.4212,13713.923
nefer_13,276,2.0,0.0,2472.7819,5315.7199,5925.4212,13713.923
nefer_13,277,2.0,0.0,2472.7819,5315.7199,5925.4212,13713.923
nefer_13,278,2.0,0.0,2472.7819,5315.7199,5925.4212,13713.923
nefer_13,279,2.0,0.0,2472.7819,5315.7199,5925.4212,13713.923
nefer_13,280,2.0,0.0,2472.7819,5315.7199,5925.4212,13713.923
nefer_13,281,2.0,0.0,2472.7819,5315.7199,5925.4212,13713.923
nefer_13,282,2.0,0.0,2472.7819,5315.7199,5925.4212,13713.923
nefer_13,283,2.0,0.0,2472.7819,5315.7199,5925.4212,13713.923
nefer_13,284,2.0,0.0,2472.7819,5315.7199,5925.4212,13713.923
nefer_13,285,2.0,0.0,2472.7819,5315.7199,5925.4212,13713.923
nefer_13,286,2.0,0.0,2472.7819,5315.7199,5925.4212,13713.923
nefer_13,287,2.0,0.0,2472.7819,5315.7199,5925.4212,13713.923
nefer_13,288,2.0,0.0,2472.7819,5315.7199,5925.4212,13713.923
nefer_13,289,2.0,0.0,2472.7819,5315.7199,5925.4212,13713.923
nefer_13,290,2.0,0.0,2472.7819,5315.7199,5925.4212,13713.923
nefer_13,291,2.0,0.0,2472.7819,5315.7199,5925.4212,13713.923
nefer_13,292,2.0,0.0,2472.7819,5315.7199,5925.4212,13713.923
nefer_13,293,2.0,0.0,2472.7819,5315.7199,5925.4212,13713.923
nefer_13,294,2.0,0.0,2472.7819,5315.7199,5925.4212,13713.923
nefer_13,295,2.0,0.0,2472.7819,5315.7199,5925.4212,13713.923
nefer_13,296,2.0,0.0,2472.7819,5315.7199,5925.4212,13713.923
nefer_13,297,2.0,0.0,2472.7819,5315.7199,5925.4212,13713.923
nefer_13,298,2.0,0.0,2472.7819,5315.7199,5925.4212,13713.923
nefer_13,299,2.0,0.0,2472.7819,5315.7199,5925.4212,13713.923
nefer_13,300,2.0,0.0,2472.7819,5315.7199,5925.4212,13713.923
nefer_13,301,2.0,0.0,2472.7819,5315.7199,5925.4212,13713.923
nefer_13,302,2.0,0.0,2472.7819,5315.7199,5925.4212,13713.923
nefer_13,303,2.0,0.0,2472.7819,5315.7199,5925.4212,13713.923
nefer_13,304,2.0,0.0,2472.7819,5315.7199,5925.4212,13713.923
nefer_13,305,2.0,0.0,2472.7819,5315.7199,5925.4212,13713.923
nefer_13,306,2.0,0.0,2472.7819,5315.7199,5925.4212,13713.923
nefer_13,307,2.0,0.0,2472.7819,5315.7199,5925.4212,13713.923
nefer_13,308,2.0,0.0,2472.7819,5315.7199,5925.4212,13713.923
nefer_13,309,2.0,0.0,2472.7819,5315.7199,5925.4212,13713.923
nefer_13,310,2.0,0.0,2472.7819,5315.7199,5925.4212,13713.923
nefer_13,311,2.0,0.0,2472.7819,5315.7199,5925.4212,13713.923
nefer_13,312,2.0,0.0,2472.7819,5315.7199,5925.4212,13713.923
nefer_13,313,2.0,0.0,2472.7819,5315.7199,5925.4212,13713.923
nefer_13,314,2.0,0.0,2472.7819,5315.7199,5925.4212,13713.923
nefer_13,315,2.0,0.0,2472.7819,5315.7199,5925.4212,13713.923
nefer_13,316,2.0,0.0,2472.7819,5315.7199,5925.4212,13713.923
nefer_13,317,2.0,0.0,2472.7819,5315.7199,5925.4212,13713.923
nefer_13,318,2.0,0.0,2472.7819,5315.7199,5925.4212,13713.923
nefer_13,319,2.0,0.0,2472.7819,5315.7199,5925.4212,13713.923
nefer_13,320,2.0,0.0,2472.7819,5315.7199,5925.4212,13713.923
nefer_13,321,2.0,0.0,2472.7819,5315.7199,5925.4212,13713.923
nefer_13,322,2.0,0.0,2472.7819,5315.7199,5925.4212,13713.923
nefer_13,323,2.0,0.0,2472.7819,5315.7199,5925.4212,13713.923
nefer_13,324,2.0,0.0,2472.7819,5315.7199,5925.4212,13713.923
nefer_13,325,2.0,0.0,2472.7819,5315.7199,5925.4212,13713.923
nefer_13,326,2.0,0.0,2472.7819,5315.7199,5925.4212,13713.923
nefer_13,327,2.0,0.0,2472.7819,5315.7199,5925.4212,13713.923
nefer_13,328,2.0,0.0,2472.7819,5315.7199,5925.4212,13713.923
nefer_13,329,2.0,0.0,2472.7819,5315.7199,5925.4212,13713.923
nefer_13,330,2.0,0.0,2472.7819,5315.7199,5925.4212,13713.923
nefer_13,331,2.0,0.0,2472.7819,5315.7199,5925.4212,13713.923
nefer_13,332,2.0,0.0,2472.7819,5315.7199,5925.4212,13713.923
nefer_13,333,2.0,0.0,2472.7819,5315.7199,5925.4212,13713.923
nefer_13,334,2.0,0.0,2472.7819,5315.7199,5925.4212,13713.923
nefer_13,335,2.0,0.0,2472.7819,5315.7199,5925.4212,13713.923
nefer_13,336,2.0,0.0,2472.7819,5315.7199,5925.4212,13713.923
nefer_13,337,2.0,0.0,2472.7819,5315.7199,5925.4212,13713.923
nefer_13,338,2.0,0.0,2472.7819,5315.7199,5925.4212,13713.923
nefer_13,339,2.0,0.0,2472.7819,5315.7199,5925.4212,13713.923
nefer_13,340,2.0,0.0,2472.7819,5315.7199,5925.4212,13713.923
nefer_13,341,2.0,0.0,2472.7819,5315.7199,5925.4212,13713.923
nefer_13,342,2.0,0.0,2472.7819,5315.7199,5925.4212,13713.923
nefer_13,343,2.0,0.0,2472.7819,5315.7199,5925.4212,13713.923
nefer_13,344,2.0,0.0,2472.7819,5315.7199,5925.4212,13713.923
nefer_13,345,2.0,0.0,2472.7819,5315.7199,5925.4212,13713.923
nefer_13,346,2.0,0.0,2472.7819,5315.7199,5925.4212,13713.923
nefer_13,347,2.0,0.0,2472.7819,5315.7199,5925.4212,13713.923
nefer_13,348,2.0,0.0,2472.7819,5315.7199,5925.4212,13713.923
nefer_13,349,2.0,0.0,2472.7819,5315.7199,5925.4212,13713.923
nefer_13,350,2.0,0.0,2472.7819,5315.7199,5925.4212,13713.923
nefer_13,351,2.0,0.0,2472.7819,5315.7199,5925.4212,13713.923
nefer_13,352,2.0,0.0,2472.7819,5315.7199,5925.4212,13713.923
nefer_13,353,2.0,0.0,2472.7819,5315.7199,5925.4212,13713.923
nefer_13,354,2.0,0.0,2472.7819,5315.7199,5925.4212,13713.923
nefer_13,355,2.0,0.0,2472.7819,5315.7199,5925.4212,13713.923
nefer_13,356,2.0,0.0,2472.7819,5315.7199,5925.4212,13713.923
nefer_13,357,2.0,0.0,2472.7819,5315.7199,5925.4212,13713.923
nefer_13,358,2.0,0.0,2472.7819,5315.7199,5925.4212,13713.923
nefer_13,359,2.0,0.0,2472.7819,5315.7199,5925.4212,13713.923
nefer_13,360,2.0,0.0,2472.7819,5315.7199,5925.4212,13713.923
nefer_13,361,2.0,0.0,2472.7819,5315.7199,5925.4212,13713.923
nefer_13,362,2.0,0.0,2472.7819,5315.7199,5925.4212,13713.923
nefer_13,363,2.0,0.0,2472.7819,5315.7199,5925.4212,13713.923
nefer_13,364,2.0,0.0,2472.7819,5315.7199,5925.4212,13713.923
nefer_14,0,-0.1,0.2319,144.9397,105.0603,0.0,250.0
nefer_14,1,0.0,0.2319,144.9397,105.0603,0.0,250.0
nefer_14,2,0.0,0.2333,145.7894,105.6762,0.0,251.4656
nefer_14,3,0.0,0.239,149.3574,108.2624,0.0,257.6199
nefer_14,4,0.0,0.2455,153.4428,111.2238,0.0,264.6666
nefer_14,5,0.0,0.252,157.5294,114.1859,0.0,271.7153
nefer_14,6,0.0,0.2565,160.2931,116.1892,0.0,276.4824
nefer_14,7,0.0,0.2585,161.546,117.0974,0.0,278.6434
nefer_14,8,0.0,0.2629,164.3347,119.1188,0.0,283.4535
nefer_14,9,0.0,0.2646,165.3725,119.8711,0.0,285.2436
nefer_14,10,0.0,0.2662,166.3932,120.6109,0.0,287.0041
nefer_14,11,0.0,0.2671,166.9557,121.0186,0.0,287.9743
nefer_14,12,0.0,0.2671,166.9557,121.0186,0.0,287.9743
nefer_14,13,0.0,0.2671,166.9557,121.0186,0.0,287.9743
nefer_14,14,0.0003,0.2675,167.1773,121.1792,0.0,288.3565
nefer_14,15,0.0006,0.2683,167.7156,121.5695,0.0,289.285
nefer_14,16,0.0009,0.2692,168.2587,121.9633,0.0,290.222
nefer_14,17,0.0011,0.2695,168.4179,122.0787,0.0,290.4965
nefer_14,18,0.0015,0.2699,168.6871,122.2739,0.0,290.9609
nefer_14,19,0.0017,0.2707,169.1568,122.6146,0.0,291.7714
nefer_14,20,0.0019,0.2716,169.7671,123.0572,0.0,292.8243
nefer_14,21,0.0021,0.2716,169.7671,123.0572,0.0,292.8243
nefer_14,22,0.0022,0.2716,169.7671,123.0572,0.0,292.8243
nefer_14,23,0.0024,0.2716,169.7671,123.0572,0.0,292.8243
nefer_14,24,0.003,0.2716,169.7671,123.0572,0.0,292.8243
nefer_14,25,0.004,0.2716,169.7671,123.0572,0.0,292.8243
nefer_14,26,0.0056,0.2716,169.7671,123.0572,0.0,292.8243
nefer_14,27,0.0073,0.2757,172.3084,124.9029,0.0,297.2114
nefer_14,28,0.0087,0.2803,175.1911,126.9979,0.0,302.1891
nefer_14,29,0.0101,0.2864,179.0186,129.781,0.0,308.7996
nefer_14,30,0.0119,0.2902,181.3922,131.5077,0.0,312.8998
nefer_14,31,0.0137,0.2933,183.3275,132.9165,0.0,316.2441
nefer_14,32,0.0156,0.2964,185.2515,134.3181,0.0,319.5696
nefer_14,33,0.0179,0.3021,188.8014,136.9059,0.0,325.7073
nefer_14,34,0.0209,0.3126,195.3639,141.6939,0.0,337.0578
nefer_14,35,0.0235,0.3201,200.044,145.1123,0.0,345.1563
nefer_14,36,0.0254,0.3244,202.7214,147.07,0.0,349.7913
nefer_14,37,0.0273,0.3307,206.7166,149.9933,0.0,356.7099
nefer_14,38,0.0294,0.3349,209.3124,151.8941,0.0,361.2066
nefer_14,39,0.0322,0.3426,214.1231,155.4197,0.0,369.5427
nefer_14,40,0.0348,0.3508,219.2369,159.1718,0.0,378.4087
nefer_14,41,0.0369,0.3569,223.042,161.9665,0.0,385.0085
nefer_14,42,0.0391,0.3638,227.3873,165.1608,0.0,392.5481
nefer_14,43,0.0416,0.3694,230.868,167.7218,0.0,398.5898
nefer_14,44,0.0429,0.3736,233.5074,169.6659,0.0,403.1732
nefer_14,45,0.0446,0.3788,236.7706,172.0708,0.0,408.8414
nefer_14,46,0.0476,0.3841,240.0913,174.5198,0.0,414.6111
nefer_14,47,0.0502,0.3885,242.7981,176.5187,0.0,419.3168
nefer_14,48,0.052,0.3924,245.2263,178.3137,0.0,423.54
nefer_14,49,0.0535,0.3955,247.1784,179.758,0.0,426.9364
nefer_14,50,0.0547,0.3971,248.2152,180.5256,0.0,428.7408
nefer_14,51,0.0559,0.3984,249.0254,181.1259,0.0,430.1513
nefer_14,52,0.0586,0.4012,250.751,182.4048,0.0,433.1558
nefer_14,53,0.0609,0.4051,253.1933,184.2173,0.0,437.4106
nefer_14,54,0.0628,0.407,254.3542,185.0796,0.0,439.4337
nefer_14,55,0.0638,0.4074,254.594,185.2579,0.0,439.8519
nefer_14,56,0.0642,0.4074,254.594,185.2579,0.0,439.8519
nefer_14,57,0.0655,0.4082,255.1013,185.6353,0.0,440.7367
nefer_14,58,0.0666,0.4082,255.1013,185.6353,0.0,440.7367
nefer_14,59,0.0666,0.4082,255.1013,185.6353,0.0,440.7367
nefer_14,60,0.0675,0.4082,255.1013,185.6353,0.0,440.7367
nefer_14,61,0.0701,0.4082,255.1013,185.6353,0.0,440.7367
nefer_14,62,0.0714,0.4082,255.1013,185.6353,0.0,440.7367
nefer_14,63,0.073,0.4082,255.1013,185.6353,0.0,440.7367
nefer_14,64,0.0746,0.4082,255.1013,185.6353,0.0,440.7367
nefer_14,65,0.0757,0.4082,255.1013,185.6353,0.0,440.7367
nefer_14,66,0.0768,0.4082,255.1013,185.6353,0.0,440.7367
nefer_14,67,0.0779,0.4082,255.1013,185.6353,0.0,440.7367
nefer_14,68,0.0796,0.4082,255.1013,185.6353,0.0,440.7367
nefer_14,69,0.0824,0.4082,255.1013,185.6353,0.0,440.7367
nefer_14,70,0.086,0.4083,255.208,185.7154,0.0,440.9234
nefer_14,71,0.09,0.4108,256.7653,186.8866,0.0,443.6518
nefer_14,72,0.0961,0.4205,262.7967,191.4318,0.0,454.2285
nefer_14,73,0.1023,0.4329,270.5406,197.2869,0.0,467.8275
nefer_14,74,0.1087,0.4443,277.6837,202.706,0.0,480.3897
nefer_14,75,0.1116,0.4503,281.4656,205.5855,0.0,487.0511
nefer_14,76,0.1128,0.4536,283.4844,207.125,0.0,490.6094
nefer_14,77,0.1161,0.4593,287.0388,209.8377,0.0,496.8765
nefer_14,78,0.1203,0.4684,292.7242,214.185,0.0,506.9092
nefer_14,79,0.1227,0.4746,296.6359,217.1835,0.0,513.8194
nefer_14,80,0.1235,0.4763,297.6626,217.9717,0.0,515.6343
nefer_14,81,0.1242,0.4763,297.6626,217.9717,0.0,515.6343
nefer_14,82,0.1248,0.4763,297.6626,217.9717,0.0,515.6343
nefer_14,83,0.1293,0.4782,298.8681,218.8984,0.0,517.7665
nefer_14,84,0.1312,0.4791,299.4407,219.3397,0.0,518.7805
nefer_14,85,0.1339,0.4796,299.7312,219.5639,0.0,519.2951
nefer_14,86,0.1365,0.4796,299.7312,219.5639,0.0,519.2951
nefer_14,87,0.1409,0.482,301.2286,220.7235,0.0,521.952
nefer_14,88,0.1453,0.489,305.6369,224.1468,0.0,529.7838
nefer_14,89,0.1496,0.499,311.8944,229.0205,0.0,540.9149
nefer_14,90,0.1539,0.5086,317.8552,233.6765,0.0,551.5317
nefer_14,91,0.1588,0.5196,324.7559,239.0831,0.0,563.839
nefer_14,92,0.164,0.5315,332.1836,244.9226,0.0,577.1062
nefer_14,93,0.1689,0.5437,339.8069,250.9383,0.0,590.7452
nefer_14,94,0.1734,0.5538,346.1475,255.96,0.0,602.1075
nefer_14,95,0.1734,0.5538,346.1475,255.96,0.0,602.1075
nefer_14,96,0.1734,0.5538,346.1475,255.96,0.0,602.1075
nefer_14,97,0.1734,0.5538,346.1475,255.96,0.0,602.1075
nefer_14,98,0.1734,0.5538,346.1475,255.96,0.0,602.1075
nefer_14,99,0.1736,0.5538,346.1475,255.96,0.0,602.1075
nefer_14,100,0.1754,0.5538,346.1475,255.96,0.0,602.1075
nefer_14,101,0.1782,0.5538,346.1475,255.96,0.0,602.1075
nefer_14,102,0.1825,0.5538,346.1475,255.96,0.0,602.1075
nefer_14,103,0.1854,0.5538,346.1475,255.96,0.0,602.1075
nefer_14,104,0.1904,0.5538,346.1475,255.96,0.0,602.1075
nefer_14,105,0.1969,0.5538,346.1475,255.96,0.0,602.1075
nefer_14,106,0.2065,0.5565,347.8015,257.2992,0.0,605.1007
nefer_14,107,0.2137,0.5641,352.5498,261.1751,0.0,613.7249
nefer_14,108,0.2249,0.5945,371.5581,276.791,0.0,648.349
nefer_14,109,0.2351,0.6241,390.049,292.1385,0.0,682.1875
nefer_14,110,0.245,0.6545,409.0731,308.0827,0.0,717.1559
nefer_14,111,0.2549,0.686,428.7365,324.7273,0.0,753.4637
nefer_14,112,0.2641,0.7175,448.4232,341.5632,0.0,789.9864
nefer_14,113,0.2694,0.7362,460.1197,351.6652,0.0,811.785
nefer_14,114,0.2694,0.7362,460.1197,351.6652,0.0,811.785
nefer_14,115,0.2702,0.7391,461.9547,353.2593,0.0,815.2139
nefer_14,116,0.2721,0.7448,465.5007,356.3425,0.0,821.8432
nefer_14,117,0.2779,0.7503,468.9564,359.3541,0.0,828.3105
nefer_14,118,0.2847,0.7516,469.7231,360.0266,0.0,829.7497
nefer_14,119,0.29,0.7516,469.7231,360.0266,0.0,829.7497
nefer_14,120,0.2975,0.7516,469.7231,360.0266,0.0,829.7497
nefer_14,121,0.3041,0.7578,473.6553,363.558,0.0,837.2133
nefer_14,122,0.3136,0.7759,484.9094,373.7508,0.0,858.6603
nefer_14,123,0.3257,0.8164,510.2217,396.9584,0.0,907.1801
nefer_14,124,0.3366,0.853,533.1396,418.3173,0.0,951.4569
nefer_14,125,0.3472,0.8933,558.3071,442.1364,0.0,1000.4435
nefer_14,126,0.3574,0.9296,581.0119,463.96,0.0,1044.9719
nefer_14,127,0.3669,0.9653,603.2913,485.7118,0.0,1089.0031
nefer_14,128,0.3765,1.0036,627.2294,509.4332,0.0,1136.6626
nefer_14,129,0.3864,1.033,645.6082,527.932,0.0,1173.5402
nefer_14,130,0.3982,1.0801,675.0673,558.0794,0.0,1233.1467
nefer_14,131,0.4093,1.1224,701.5014,585.69,0.0,1287.1915
nefer_14,132,0.4187,1.161,725.6036,611.3745,0.0,1336.9781
nefer_14,133,0.4267,1.1839,739.9685,626.9548,0.0,1366.9233
nefer_14,134,0.4368,1.2207,762.9303,652.2424,0.0,1415.1728
nefer_14,135,0.4475,1.2619,788.6773,681.1678,0.0,1469.8451
nefer_14,136,0.4571,1.2879,804.9458,699.8445,0.0,1504.7902
nefer_14,137,0.4628,0.9629,819.2282,716.5751,0.0,1535.8034
nefer_14,138,0.4678,0.976,827.4368,726.3086,0.0,1553.7454
nefer_14,139,0.4753,0.9975,840.856,742.3928,0.0,1583.2487
nefer_14,140,0.4846,1.0232,856.8788,761.9191,0.0,1618.798
nefer_14,141,0.4945,1.0461,871.2458,779.801,0.0,1651.0467
nefer_14,142,0.5087,1.0845,895.2036,810.3173,0.0,1705.5208
nefer_14,143,0.526,1.1283,922.6249,846.4537,0.0,1769.0786
nefer_14,144,0.5405,1.1655,945.992,878.6049,0.0,1824.5968
nefer_14,145,0.557,1.2059,971.5015,915.0462,0.0,1886.5477
nefer_14,146,0.5777,1.2465,997.1565,953.3612,0.0,1950.5177
nefer_14,147,0.596,1.2883,1023.6807,995.3372,0.0,2019.0179
nefer_14,148,0.6159,1.3282,1049.1346,1037.8442,0.0,2086.9788
nefer_14,149,0.6402,1.3634,1071.6814,1077.8357,0.0,2149.5171
nefer_14,150,0.6577,1.3929,1090.6655,1114.2034,0.0,2204.8689
nefer_14,151,0.668,1.4092,1101.1507,1135.4845,0.0,2236.6352
nefer_14,152,0.6784,1.4289,1113.9018,1162.2728,0.0,2276.1746
nefer_14,153,0.6896,1.449,1126.9605,1190.7087,0.0,2317.6692
nefer_14,154,0.7021,1.4709,1141.1662,1222.8627,0.0,2364.0289
nefer_14,155,0.716,1.4945,1156.5635,1259.2995,0.0,2415.863
nefer_14,156,0.7325,1.5208,1173.7319,1302.0199,0.0,2475.7518
nefer_14,157,0.7517,1.5505,1193.2256,1353.5592,0.0,2546.7848
nefer_14,158,0.7678,1.5651,1202.8299,1380.8547,0.0,2583.6846
nefer_14,159,0.7755,1.5752,1209.524,1401.098,0.0,2610.622
nefer_14,160,0.7837,1.5852,1216.1187,1421.6501,0.0,2637.7688
nefer_14,161,0.793,1.5933,1221.509,1438.9966,0.0,2660.5056
nefer_14,162,0.8073,1.6073,1230.8358,1470.1455,0.0,2700.9813
nefer_14,163,0.8242,1.6236,1244.5982,1518.8269,0.0,2763.4251
nefer_14,164,0.8391,1.6222,1255.2832,1559.3193,0.0,2814.6025
nefer_14,165,0.856,1.6389,1266.5116,1604.5687,0.0,2871.0802
nefer_14,166,0.8727,1.6417,1277.7294,1653.1043,0.0,2930.8337
nefer_14,167,0.891,1.6511,1289.139,1706.0867,0.0,2995.2257
nefer_14,168,0.9127,1.6594,1301.0527,1765.9655,0.0,3067.0182
nefer_14,169,0.9363,1.6677,1311.6953,1824.7546,0.0,3136.4499
nefer_14,170,0.9621,1.6803,1320.9767,1881.6518,0.0,3202.6285
nefer_14,171,0.9844,1.6907,1328.1635,1931.1145,0.0,3259.278
nefer_14,172,1.0,1.7006,1335.0085,1983.2401,0.0,3318.2486
nefer_14,173,1.0097,1.7095,1341.2283,2034.1054,0.0,3375.3337
nefer_14,174,1.0193,1.7141,1346.8957,2082.5556,0.0,3429.4513
nefer_14,175,1.03,1.7107,1353.3595,2140.3241,0.0,3493.6836
nefer_14,176,1.042,1.7083,1360.2628,2205.1519,0.0,3565.4147
nefer_14,177,1.0503,1.6872,1362.9512,2231.842,0.0,3594.7932
nefer_14,178,1.0582,1.6926,1366.7882,2271.4477,0.0,3638.2359
nefer_14,179,1.0673,1.6773,1371.2008,2318.7052,0.0,3689.906
nefer_14,180,1.0768,1.6835,1375.596,2367.4134,0.4194,3743.4289
nefer_14,181,1.0856,1.6889,1379.3926,2411.0607,1.1572,3791.6105
nefer_14,182,1.0945,1.6943,1383.2142,2456.4344,2.3355,3841.984
nefer_14,183,1.1028,1.6749,1386.0296,2490.8303,3.7184,3880.5784
nefer_14,184,1.1141,1.6775,1389.7919,2537.7419,6.5271,3934.0608
nefer_14,185,1.1235,1.6488,1392.9229,2577.2773,10.6592,3980.8594
nefer_14,186,1.1316,1.6357,1395.6703,2611.6702,16.3316,4023.672
nefer_14,187,1.139,1.639,1398.0538,2640.7198,23.4235,4062.1971
nefer_14,188,1.1475,1.6426,1400.6292,2670.6864,33.9087,4105.2242
nefer_14,189,1.1579,1.6472,1403.9208,2705.749,52.6823,4162.3521
nefer_14,190,1.1666,1.6503,1406.1463,2725.8809,70.8142,4202.8414
nefer_14,191,1.1743,1.6462,1408.1922,2741.1277,92.2521,4241.572
nefer_14,192,1.1827,1.6487,1409.9463,2751.6755,114.3438,4275.9656
nefer_14,193,1.1942,1.6102,1412.6684,2763.9168,154.8521,4331.4372
nefer_14,194,1.2062,1.5905,1415.2898,2771.1563,201.2967,4387.7429
nefer_14,195,1.2182,1.5597,1417.6361,2774.4342,248.9552,4441.0255
nefer_14,196,1.23,1.4854,1419.9248,2775.5072,300.5438,4495.9758
nefer_14,197,1.2412,1.4772,1421.6248,2775.5099,347.8635,4544.9982
nefer_14,198,1.2556,1.4785,1422.5851,2775.5099,393.7686,4591.8636
nefer_14,199,1.2709,1.4728,1422.8358,2775.5099,436.4196,4634.7653
nefer_14,200,1.2869,1.3881,1422.8358,2775.5099,477.1675,4675.5132
nefer_14,201,1.2992,1.3755,1422.8358,2775.5099,511.5883,4709.934
nefer_14,202,1.3109,1.2669,1422.8358,2775.5099,547.159,4745.5047
nefer_14,203,1.324,1.2669,1422.8358,2775.5099,582.8862,4781.2319
nefer_14,204,1.3392,1.1661,1422.8358,2775.5099,615.1941,4813.5397
nefer_14,205,1.3564,1.1458,1422.8358,2775.5099,635.3599,4833.7056
nefer_14,206,1.3718,1.0002,1422.8358,2775.5099,649.5953,4847.941
nefer_14,207,1.3879,0.9561,1422.8358,2775.5099,666.5297,4864.8753
nefer_14,208,1.4036,0.8851,1422.8358,2775.5099,682.5116,4880.8572
nefer_14,209,1.4224,0.85,1422.8358,2775.5099,684.2376,4882.5833
nefer_14,210,1.4411,0.7756,1422.8358,2775.5099,684.2376,4882.5833
nefer_14,211,1.4576,0.6914,1422.8358,2775.5099,684.2376,4882.5833
nefer_14,212,1.471,0.6727,1422.8358,2775.5099,689.6598,4888.0055
nefer_14,213,1.4836,0.6212,1422.8358,2775.5099,700.6401,4898.9857
nefer_14,214,1.4952,0.5843,1422.8358,2775.5099,706.2989,4904.6446
nefer_14,215,1.5085,0.5429,1422.8358,2775.5099,712.1075,4910.4532
nefer_14,216,1.5204,0.5107,1422.8358,2752.4732,737.2678,4912.5768
nefer_14,217,1.531,0.4825,1422.8358,2729.4364,761.6241,4913.8963
nefer_14,218,1.5426,0.4427,1422.8358,2706.3997,786.4962,4915.7317
nefer_14,219,1.5547,0.4324,1422.8358,2683.363,810.1707,4916.3695
nefer_14,220,1.5672,0.3694,1422.8358,2660.3262,833.9171,4917.0792
nefer_14,221,1.5812,0.3614,1422.8358,2637.2895,855.802,4915.9273
nefer_14,222,1.5959,0.3209,1422.8358,2614.2528,877.6869,4914.7755
nefer_14,223,1.6115,0.304,1422.8358,2591.216,899.5718,4913.6236
nefer_14,224,1.6289,0.2853,1422.8358,2568.1793,921.4567,4912.4718
nefer_14,225,1.6467,0.2427,1422.8358,2545.1426,943.3416,4911.32
nefer_14,226,1.6628,0.2149,1422.8358,2522.1058,965.2265,4910.1681
nefer_14,227,1.6787,0.1785,1422.8358,2499.0691,987.1114,4909.0163
nefer_14,228,1.6965,0.1704,1422.8358,2476.0324,1008.9963,4907.8645
nefer_14,229,1.7156,0.1511,1422.8358,2452.9956,1030.8812,4906.7126
nefer_14,230,1.7347,0.1404,1422.8358,2429.9589,1052.7661,4905.5608
nefer_14,231,1.7551,0.1153,1422.8358,2406.9222,1074.651,4904.409
nefer_14,232,1.7764,0.1022,1422.8358,2383.8855,1096.5359,4903.2571
nefer_14,233,1.7969,0.0801,1422.8358,2360.8487,1118.4208,4902.1053
nefer_14,234,1.8168,0.0678,1422.8358,2337.812,1140.3057,4900.9534
nefer_14,235,1.8377,0.0566,1422.8358,2314.7753,1162.1906,4899.8016
nefer_14,236,1.8593,0.0482,1422.8358,2291.7385,1184.0755,4898.6498
nefer_14,237,1.8782,0.0322,1422.8358,2268.7018,1205.9604,4897.4979
nefer_14,238,1.8976,0.0298,1422.8358,2245.6651,1227.8452,4896.3461
nefer_14,239,1.9162,0.0195,1422.8358,2222.6283,1249.7301,4895.1943
nefer_14,240,1.9351,0.0167,1422.8358,2220.4079,1251.8395,4895.0832
nefer_14,241,1.9542,0.0071,1422.8358,2220.4079,1251.8395,4895.0832
nefer_14,242,1.9741,0.0071,1422.8358,2220.4079,1251.8395,4895.0832
nefer_14,243,1.9951,0.0,1422.8358,2220.4079,1251.8395,4895.0832
nefer_14,244,2.0,0.0,1422.8358,2220.4079,1251.8395,4895.0832
nefer_14,245,2.0,0.0,1422.8358,2220.4079,1251.8395,4895.0832
nefer_14,246,2.0,0.0,1422.8358,2220.4079,1251.8395,4895.0832
nefer_14,247,2.0,0.0,1422.8358,2220.4079,1251.8395,4895.0832
nefer_14,248,2.0,0.0,1422.8358,2220.4079,1251.8395,4895.0832
nefer_14,249,2.0,0.0,1422.8358,2220.4079,1251.8395,4895.0832
nefer_14,250,2.0,0.0,1422.8358,2220.4079,1251.8395,4895.0832
nefer_14,251,2.0,0.0,1422.8358,2220.4079,1251.8395,4895.0832
nefer_14,252,2.0,0.0,1422.8358,2220.4079,1251.8395,4895.0832
nefer_14,253,2.0,0.0,1422.8358,2220.4079,1251.8395,4895.0832
nefer_14,254,2.0,0.0,1422.8358,2220.4079,1251.8395,4895.0832
nefer_14,255,2.0,0.0,1422.8358,2220.4079,1251.8395,4895.0832
nefer_14,256,2.0,0.0,1422.8358,2220.4079,1251.8395,4895.0832
nefer_14,257,2.0,0.0,1422.8358,2220.4079,1251.8395,4895.0832
nefer_14,258,2.0,0.0,1422.8358,2220.4079,1251.8395,4895.0832
nefer_14,259,2.0,0.0,1422.8358,2220.4079,1251.8395,4895.0832
nefer_14,260,2.0,0.0,1422.8358,2220.4079,1251.8395,4895.0832
nefer_14,261,2.0,0.0,1422.8358,2220.4079,1251.8395,4895.0832
nefer_14,262,2.0,0.0,1422.8358,2220.4079,1251.8395,4895.0832
nefer_14,263,2.0,0.0,1422.8358,2220.4079,1251.8395,4895.0832
nefer_14,264,2.0,0.0,1422.8358,2220.4079,1251.8395,4895.0832
nefer_14,265,2.0,0.0,1422.8358,2220.4079,1251.8395,4895.0832
nefer_14,266,2.0,0.0,1422.8358,2220.4079,1251.8395,4895.0832
nefer_14,267,2.0,0.0,1422.8358,2220.4079,1251.8395,4895.0832
nefer_14,268,2.0,0.0,1422.8358,2220.4079,1251.8395,4895.0832
nefer_14,269,2.0,0.0,1422.8358,2220.4079,1251.8395,4895.0832
nefer_14,270,2.0,0.0,1422.8358,2220.4079,1251.8395,4895.0832
nefer_14,271,2.0,0.0,1422.8358,2220.4079,1251.8395,4895.0832
nefer_14,272,2.0,0.0,1422.8358,2220.4079,1251.8395,4895.0832
nefer_14,273,2.0,0.0,1422.8358,2220.4079,1251.8395,4895.0832
nefer_14,274,2.0,0.0,1422.8358,2220.4079,1251.8395,4895.0832
nefer_14,275,2.0,0.0,1422.8358,2220.4079,1251.8395,4895.0832
nefer_14,276,2.0,0.0,1422.8358,2220.4079,1251.8395,4895.0832
nefer_14,277,2.0,0.0,1422.8358,2220.4079,1251.8395,4895.0832
nefer_14,278,2.0,0.0,1422.8358,2220.4079,1251.8395,4895.0832
nefer_14,279,2.0,0.0,1422.8358,2220.4079,1251.8395,4895.0832
nefer_14,280,2.0,0.0,1422.8358,2220.4079,1251.8395,4895.0832
nefer_14,281,2.0,0.0,1422.8358,2220.4079,1251.8395,4895.0832
nefer_14,282,2.0,0.0,1422.8358,2220.4079,1251.8395,4895.0832
nefer_14,283,2.0,0.0,1422.8358,2220.4079,1251.8395,4895.0832
nefer_14,284,2.0,0.0,1422.8358,2220.4079,1251.8395,4895.0832
nefer_14,285,2.0,0.0,1422.8358,2220.4079,1251.8395,4895.0832
nefer_14,286,2.0,0.0,1422.8358,2220.4079,1251.8395,4895.0832
nefer_14,287,2.0,0.0,1422.8358,2220.4079,1251.8395,4895.0832
nefer_14,288,2.0,0.0,1422.8358,2220.4079,1251.8395,4895.0832
nefer_14,289,2.0,0.0,1422.8358,2220.4079,1251.8395,4895.0832
nefer_14,290,2.0,0.0,1422.8358,2220.4079,1251.8395,4895.0832
nefer_14,291,2.0,0.0,1422.8358,2220.4079,1251.8395,4895.0832
nefer_14,292,2.0,0.0,1422.8358,2220.4079,1251.8395,4895.0832
nefer_14,293,2.0,0.0,1422.8358,2220.4079,1251.8395,4895.0832
nefer_14,294,2.0,0.0,1422.8358,2220.4079,1251.8395,4895.0832
nefer_14,295,2.0,0.0,1422.8358,2220.4079,1251.8395,4895.0832
nefer_14,296,2.0,0.0,1422.8358,2220.4079,1251.8395,4895.0832
nefer_14,297,2.0,0.0,1422.8358,2220.4079,1251.8395,4895.0832
nefer_14,298,2.0,0.0,1422.8358,2220.4079,1251.8395,4895.0832
nefer_14,299,2.0,0.0,1422.8358,2220.4079,1251.8395,4895.0832
nefer_14,300,2.0,0.0,1422.8358,2220.4079,1251.8395,4895.0832
nefer_14,301,2.0,0.0,1422.8358,2220.4079,1251.8395,4895.0832
nefer_14,302,2.0,0.0,1422.8358,2220.4079,1251.8395,4895.0832
nefer_14,303,2.0,0.0,1422.8358,2220.4079,1251.8395,4895.0832
nefer_14,304,2.0,0.0,1422.8358,2220.4079,1251.8395,4895.0832
nefer_14,305,2.0,0.0,1422.8358,2220.4079,1251.8395,4895.0832
nefer_14,306,2.0,0.0,1422.8358,2220.4079,1251.8395,4895.0832
nefer_14,307,2.0,0.0,1422.8358,2220.4079,1251.8395,4895.0832
nefer_14,308,2.0,0.0,1422.8358,2220.4079,1251.8395,4895.0832
nefer_14,309,2.0,0.0,1422.8358,2220.4079,1251.8395,4895.0832
nefer_14,310,2.0,0.0,1422.8358,2220.4079,1251.8395,4895.0832
nefer_14,311,2.0,0.0,1422.8358,2220.4079,1251.8395,4895.0832
nefer_14,312,2.0,0.0,1422.8358,2220.4079,1251.8395,4895.0832
nefer_14,313,2.0,0.0,1422.8358,2220.4079,1251.8395,4895.0832
nefer_14,314,2.0,0.0,1422.8358,2220.4079,1251.8395,4895.0832
nefer_14,315,2.0,0.0,1422.8358,2220.4079,1251.8395,4895.0832
nefer_14,316,2.0,0.0,1422.8358,2220.4079,1251.8395,4895.0832
nefer_14,317,2.0,0.0,1422.8358,2220.4079,1251.8395,4895.0832
nefer_14,318,2.0,0.0,1422.8358,2220.4079,1251.8395,4895.0832
nefer_14,319,2.0,0.0,1422.8358,2220.4079,1251.8395,4895.0832
nefer_14,320,2.0,0.0,1422.8358,2220.4079,1251.8395,4895.0832
nefer_14,321,2.0,0.0,1422.8358,2220.4079,1251.8395,4895.0832
nefer_14,322,2.0,0.0,1422.8358,2220.4079,1251.8395,4895.0832
nefer_14,323,2.0,0.0,1422.8358,2220.4079,1251.8395,4895.0832
nefer_14,324,2.0,0.0,1422.8358,2220.4079,1251.8395,4895.0832
nefer_14,325,2.0,0.0,1422.8358,2220.4079,1251.8395,4895.0832
nefer_14,326,2.0,0.0,1422.8358,2220.4079,1251.8395,4895.0832
nefer_14,327,2.0,0.0,1422.8358,2220.4079,1251.8395,4895.0832
nefer_14,328,2.0,0.0,1422.8358,2220.4079,1251.8395,4895.0832
nefer_14,329,2.0,0.0,1422.8358,2220.4079,1251.8395,4895.0832
nefer_14,330,2.0,0.0,1422.8358,2220.4079,1251.8395,4895.0832
nefer_14,331,2.0,0.0,1422.8358,2220.4079,1251.8395,4895.0832
nefer_14,332,2.0,0.0,1422.8358,2220.4079,1251.8395,4895.0832
nefer_14,333,2.0,0.0,1422.8358,2220.4079,1251.8395,4895.0832
nefer_14,334,2.0,0.0,1422.8358,2220.4079,1251.8395,4895.0832
nefer_14,335,2.0,0.0,1422.8358,2220.4079,1251.8395,4895.0832
nefer_14,336,2.0,0.0,1422.8358,2220.4079,1251.8395,4895.0832
nefer_14,337,2.0,0.0,1422.8358,2220.4079,1251.8395,4895.0832
nefer_14,338,2.0,0.0,1422.8358,2220.4079,1251.8395,4895.0832
nefer_14,339,2.0,0.0,1422.8358,2220.4079,1251.8395,4895.0832
nefer_14,340,2.0,0.0,1422.8358,2220.4079,1251.8395,4895.0832
nefer_14,341,2.0,0.0,1422.8358,2220.4079,1251.8395,4895.0832
nefer_14,342,2.0,0.0,1422.8358,2220.4079,1251.8395,4895.0832
nefer_14,343,2.0,0.0,1422.8358,2220.4079,1251.8395,4895.0832
nefer_14,344,2.0,0.0,1422.8358,2220.4079,1251.8395,4895.0832
nefer_14,345,2.0,0.0,1422.8358,2220.4079,1251.8395,4895.0832
nefer_14,346,2.0,0.0,1422.8358,2220.4079,1251.8395,4895.0832
nefer_14,347,2.0,0.0,1422.8358,2220.4079,1251.8395,4895.0832
nefer_14,348,2.0,0.0,1422.8358,2220.4079,1251.8395,4895.0832
nefer_14,349,2.0,0.0,1422.8358,2220.4079,1251.8395,4895.0832
nefer_14,350,2.0,0.0,1422.8358,2220.4079,1251.8395,4895.0832
nefer_14,351,2.0,0.0,1422.8358,2220.4079,1251.8395,4895.0832
nefer_14,352,2.0,0.0,1422.8358,2220.4079,1251.8395,4895.0832
nefer_14,353,2.0,0.0,1422.8358,2220.4079,1251.8395,4895.0832
nefer_14,354,2.0,0.0,1422.8358,2220.4079,1251.8395,4895.0832
nefer_14,355,2.0,0.0,1422.8358,2220.4079,1251.8395,4895.0832
nefer_14,356,2.0,0.0,1422.8358,2220.4079,1251.8395,4895.0832
nefer_14,357,2.0,0.0,1422.8358,2220.4079,1251.8395,4895.0832
nefer_14,358,2.0,0.0,1422.8358,2220.4079,1251.8395,4895.0832
nefer_14,359,2.0,0.0,1422.8358,2220.4079,1251.8395,4895.0832
nefer_14,360,2.0,0.0,1422.8358,2220.4079,1251.8395,4895.0832
nefer_14,361,2.0,0.0,1422.8358,2220.4079,1251.8395,4895.0832
nefer_14,362,2.0,0.0,1422.8358,2220.4079,1251.8395,4895.0832
nefer_14,363,2.0,0.0,1422.8358,2220.4079,1251.8395,4895.0832
nefer_14,364,2.0,0.0,1422.8358,2220.4079,1251.8395,4895.0832
nefer_15,0,-0.1,0.2319,144.9397,105.0603,0.0,250.0
nefer_15,1,0.0,0.2319,144.9397,105.0603,0.0,250.0
nefer_15,2,0.0,0.2333,145.7894,105.6762,0.0,251.4656
nefer_15,3,0.0,0.239,149.3574,108.2624,0.0,257.6199
nefer_15,4,0.0,0.2455,153.4428,111.2238,0.0,264.6666
nefer_15,5,0.0,0.252,157.5294,114.1859,0.0,271.7153
nefer_15,6,0.0,0.2565,160.2931,116.1892,0.0,276.4824
nefer_15,7,0.0,0.2585,161.546,117.0974,0.0,278.6434
nefer_15,8,0.0,0.2629,164.3347,119.1188,0.0,283.4535
nefer_15,9,0.0,0.2646,165.3725,119.8711,0.0,285.2436
nefer_15,10,0.0,0.2662,166.3932,120.6109,0.0,287.0041
nefer_15,11,0.0,0.2671,166.9557,121.0186,0.0,287.9743
nefer_15,12,0.0,0.2671,166.9557,121.0186,0.0,287.9743
nefer_15,13,0.0,0.2671,166.9557,121.0186,0.0,287.9743
nefer_15,14,0.0003,0.2675,167.1773,121.1792,0.0,288.3565
nefer_15,15,0.0006,0.2683,167.7156,121.5695,0.0,289.285
nefer_15,16,0.0009,0.2692,168.2587,121.9633,0.0,290.222
nefer_15,17,0.0011,0.2695,168.4179,122.0787,0.0,290.4965
nefer_15,18,0.0015,0.2699,168.6871,122.2739,0.0,290.9609
nefer_15,19,0.0017,0.2707,169.1568,122.6146,0.0,291.7714
nefer_15,20,0.0019,0.2716,169.7671,123.0572,0.0,292.8243
nefer_15,21,0.0021,0.2716,169.7671,123.0572,0.0,292.8243
nefer_15,22,0.0022,0.2716,169.7671,123.0572,0.0,292.8243
nefer_15,23,0.0024,0.2716,169.7671,123.0572,0.0,292.8243
nefer_15,24,0.003,0.2716,169.7671,123.0572,0.0,292.8243
nefer_15,25,0.004,0.2716,169.7671,123.0572,0.0,292.8243
nefer_15,26,0.0056,0.2716,169.7671,123.0572,0.0,292.8243
nefer_15,27,0.0073,0.2757,172.3084,124.9029,0.0,297.2114
nefer_15,28,0.0087,0.2803,175.1911,126.9979,0.0,302.1891
nefer_15,29,0.0101,0.2864,179.0186,129.781,0.0,308.7996
nefer_15,30,0.0119,0.2902,181.3922,131.5077,0.0,312.8998
nefer_15,31,0.0137,0.2933,183.3275,132.9165,0.0,316.2441
nefer_15,32,0.0156,0.2964,185.2515,134.3181,0.0,319.5696
nefer_15,33,0.0179,0.3021,188.8014,136.9059,0.0,325.7073
nefer_15,34,0.0209,0.3126,195.3639,141.6939,0.0,337.0578
nefer_15,35,0.0235,0.3201,200.044,145.1123,0.0,345.1563
nefer_15,36,0.0254,0.3244,202.7214,147.07,0.0,349.7913
nefer_15,37,0.0273,0.3307,206.7166,149.9933,0.0,356.7099
nefer_15,38,0.0294,0.3349,209.3124,151.8941,0.0,361.2066
nefer_15,39,0.0322,0.3426,214.1231,155.4197,0.0,369.5427
nefer_15,40,0.0348,0.3508,219.2369,159.1718,0.0,378.4087
nefer_15,41,0.0369,0.3569,223.042,161.9665,0.0,385.0085
nefer_15,42,0.0391,0.3638,227.3873,165.1608,0.0,392.5481
nefer_15,43,0.0416,0.3694,230.868,167.7218,0.0,398.5898
nefer_15,44,0.0429,0.3736,233.5074,169.6659,0.0,403.1732
nefer_15,45,0.0446,0.3788,236.7706,172.0708,0.0,408.8414
nefer_15,46,0.0476,0.3841,240.0913,174.5198,0.0,414.6111
nefer_15,47,0.0502,0.3885,242.7981,176.5187,0.0,419.3168
nefer_15,48,0.052,0.3924,245.2263,178.3137,0.0,423.54
nefer_15,49,0.0535,0.3955,247.1784,179.758,0.0,426.9364
nefer_15,50,0.0547,0.3971,248.2152,180.5256,0.0,428.7408
nefer_15,51,0.0559,0.3984,249.0254,181.1259,0.0,430.1513
nefer_15,52,0.0586,0.4012,250.751,182.4048,0.0,433.1558
nefer_15,53,0.0609,0.4051,253.1933,184.2173,0.0,437.4106
nefer_15,54,0.0628,0.407,254.3542,185.0796,0.0,439.4337
nefer_15,55,0.0638,0.4074,254.594,185.2579,0.0,439.8519
nefer_15,56,0.0642,0.4074,254.594,185.2579,0.0,439.8519
nefer_15,57,0.0655,0.4082,255.1013,185.6353,0.0,440.7367
nefer_15,58,0.0666,0.4082,255.1013,185.6353,0.0,440.7367
nefer_15,59,0.0666,0.4082,255.1013,185.6353,0.0,440.7367
nefer_15,60,0.0675,0.4082,255.1013,185.6353,0.0,440.7367
nefer_15,61,0.0701,0.4082,255.1013,185.6353,0.0,440.7367
nefer_15,62,0.0714,0.4082,255.1013,185.6353,0.0,440.7367
nefer_15,63,0.073,0.4082,255.1013,185.6353,0.0,440.7367
nefer_15,64,0.0746,0.4082,255.1013,185.6353,0.0,440.7367
nefer_15,65,0.0757,0.4082,255.1013,185.6353,0.0,440.7367
nefer_15,66,0.0768,0.4082,255.1013,185.6353,0.0,440.7367
nefer_15,67,0.0779,0.4082,255.1013,185.6353,0.0,440.7367
nefer_15,68,0.0796,0.4082,255.1013,185.6353,0.0,440.7367
nefer_15,69,0.0824,0.4082,255.1013,185.6353,0.0,440.7367
nefer_15,70,0.086,0.4083,255.208,185.7154,0.0,440.9234
nefer_15,71,0.09,0.4108,256.7653,186.8866,0.0,443.6518
nefer_15,72,0.0961,0.4205,262.7967,191.4318,0.0,454.2285
nefer_15,73,0.1023,0.4329,270.5406,197.2869,0.0,467.8275
nefer_15,74,0.1087,0.4443,277.6837,202.706,0.0,480.3897
nefer_15,75,0.1116,0.4503,281.4656,205.5855,0.0,487.0511
nefer_15,76,0.1128,0.4536,283.4844,207.125,0.0,490.6094
nefer_15,77,0.1161,0.4593,287.0388,209.8377,0.0,496.8765
nefer_15,78,0.1203,0.4684,292.7242,214.185,0.0,506.9092
nefer_15,79,0.1227,0.4746,296.6359,217.1835,0.0,513.8194
nefer_15,80,0.1235,0.4763,297.6626,217.9717,0.0,515.6343
nefer_15,81,0.1242,0.4763,297.6626,217.9717,0.0,515.6343
nefer_15,82,0.1248,0.4763,297.6626,217.9717,0.0,515.6343
nefer_15,83,0.1293,0.4782,298.8681,218.8984,0.0,517.7665
nefer_15,84,0.1312,0.4791,299.4407,219.3397,0.0,518.7805
nefer_15,85,0.1339,0.4796,299.7312,219.5639,0.0,519.2951
nefer_15,86,0.1365,0.4796,299.7312,219.5639,0.0,519.2951
nefer_15,87,0.1409,0.482,301.2286,220.7235,0.0,521.952
nefer_15,88,0.1453,0.489,305.6369,224.1468,0.0,529.7838
nefer_15,89,0.1496,0.499,311.8944,229.0205,0.0,540.9149
nefer_15,90,0.1539,0.5086,317.8552,233.6765,0.0,551.5317
nefer_15,91,0.1588,0.5196,324.7559,239.0831,0.0,563.839
nefer_15,92,0.164,0.5315,332.1836,244.9226,0.0,577.1062
nefer_15,93,0.1689,0.5437,339.8069,250.9383,0.0,590.7452
nefer_15,94,0.1734,0.5538,346.1475,255.96,0.0,602.1075
nefer_15,95,0.1734,0.5538,346.1475,255.96,0.0,602.1075
nefer_15,96,0.1734,0.5538,346.1475,255.96,0.0,602.1075
nefer_15,97,0.1734,0.5538,346.1475,255.96,0.0,602.1075
nefer_15,98,0.1734,0.5538,346.1475,255.96,0.0,602.1075
nefer_15,99,0.1736,0.5538,346.1475,255.96,0.0,602.1075
nefer_15,100,0.1754,0.5538,346.1475,255.96,0.0,602.1075
nefer_15,101,0.1782,0.5538,346.1475,255.96,0.0,602.1075
nefer_15,102,0.1825,0.5538,346.1475,255.96,0.0,602.1075
nefer_15,103,0.1854,0.5538,346.1475,255.96,0.0,602.1075
nefer_15,104,0.1904,0.5538,346.1475,255.96,0.0,602.1075
nefer_15,105,0.1969,0.5538,346.1475,255.96,0.0,602.1075
nefer_15,106,0.2065,0.5565,347.8015,257.2992,0.0,605.1007
nefer_15,107,0.2137,0.5641,352.5498,261.1751,0.0,613.7249
nefer_15,108,0.2249,0.5945,371.5581,276.791,0.0,648.349
nefer_15,109,0.2351,0.6241,390.049,292.1385,0.0,682.1875
nefer_15,110,0.245,0.6545,409.0731,308.0827,0.0,717.1559
nefer_15,111,0.2549,0.686,428.7365,324.7273,0.0,753.4637
nefer_15,112,0.2641,0.7175,448.4232,341.5632,0.0,789.9864
nefer_15,113,0.2694,0.7362,460.1197,351.6652,0.0,811.785
nefer_15,114,0.2694,0.7362,460.1197,351.6652,0.0,811.785
nefer_15,115,0.2702,0.7391,461.9547,353.2593,0.0,815.2139
nefer_15,116,0.2721,0.7448,465.5007,356.3425,0.0,821.8432
nefer_15,117,0.2779,0.7503,468.9564,359.3541,0.0,828.3105
nefer_15,118,0.2847,0.7516,469.7231,360.0266,0.0,829.7497
nefer_15,119,0.29,0.7516,469.7231,360.0266,0.0,829.7497
nefer_15,120,0.2975,0.7516,469.7231,360.0266,0.0,829.7497
nefer_15,121,0.3041,0.7578,473.6553,363.558,0.0,837.2133
nefer_15,122,0.3136,0.7759,484.9094,373.7508,0.0,858.6603
nefer_15,123,0.3257,0.8164,510.2217,396.9584,0.0,907.1801
nefer_15,124,0.3366,0.853,533.1396,418.3173,0.0,951.4569
nefer_15,125,0.3472,0.8933,558.3071,442.1364,0.0,1000.4435
nefer_15,126,0.3574,0.9296,581.0119,463.96,0.0,1044.9719
nefer_15,127,0.3669,0.9653,603.2913,485.7118,0.0,1089.0031
nefer_15,128,0.3765,1.0087,630.4144,512.5894,0.0,1143.0038
nefer_15,129,0.3864,1.0421,651.2889,533.6002,0.0,1184.8891
nefer_15,130,0.3982,1.0995,687.2111,570.3617,0.0,1257.5727
nefer_15,131,0.4093,1.1524,720.2728,604.8948,0.0,1325.1676
nefer_15,132,0.4187,1.2045,752.839,639.5989,0.0,1392.4379
nefer_15,133,0.4267,1.2336,770.9802,659.275,0.0,1430.2553
nefer_15,134,0.4368,1.2835,802.2079,693.6658,0.0,1495.8737
nefer_15,135,0.4475,1.3443,840.2135,736.3633,0.0,1576.5768
nefer_15,136,0.4571,1.3788,861.7432,761.0799,0.0,1622.8232
nefer_15,137,0.4628,1.1846,885.301,788.6758,0.0,1673.9768
nefer_15,138,0.4678,1.2094,901.6404,808.0507,0.0,1709.6911
nefer_15,139,0.4753,1.2518,928.1674,839.8457,0.0,1768.0131
nefer_15,140,0.4846,1.2961,959.4501,877.9686,0.0,1837.4187
nefer_15,141,0.4945,1.3315,985.6583,910.5886,0.0,1896.2469
nefer_15,142,0.5087,1.4061,1032.2581,969.9453,0.0,2002.2034
nefer_15,143,0.526,1.4814,1083.4806,1037.4473,0.0,2120.928
nefer_15,144,0.5405,1.5532,1132.6548,1105.1071,0.0,2237.7619
nefer_15,145,0.557,1.6322,1187.8869,1184.0082,0.0,2371.8951
nefer_15,146,0.5777,1.7233,1245.7313,1270.3972,0.0,2516.1285
nefer_15,147,0.596,1.8132,1304.0701,1362.7214,0.0,2666.7914
nefer_15,148,0.6159,1.9043,1363.4829,1461.9387,0.0,2825.4216
nefer_15,149,0.6402,1.9943,1421.1024,1564.1387,0.0,2985.2411
nefer_15,150,0.6577,2.0512,1460.3127,1639.254,0.0,3099.5668
nefer_15,151,0.668,2.0791,1485.2566,1689.8805,0.0,3175.1371
nefer_15,152,0.6784,2.1388,1523.8783,1771.0194,0.0,3294.8978
nefer_15,153,0.6896,2.1952,1562.9657,1856.134,0.0,3419.0998
nefer_15,154,0.7021,2.2579,1605.693,1952.8455,0.0,3558.5385
nefer_15,155,0.716,2.3249,1651.3774,2060.955,0.0,3712.3324
nefer_15,156,0.7325,2.396,1701.5942,2185.9098,0.0,3887.5041
nefer_15,157,0.7517,2.4639,1753.025,2321.8879,0.0,4074.9129
nefer_15,158,0.7678,2.4849,1771.7355,2375.0629,0.0,4146.7984
nefer_15,159,0.7755,2.5105,1795.7668,2447.7355,0.0,4243.5023
nefer_15,160,0.7837,2.5435,1817.5827,2515.7235,0.0,4333.3062
nefer_15,161,0.793,2.5582,1830.0657,2555.895,0.0,4385.9607
nefer_15,162,0.8073,2.5838,1852.2205,2629.8863,0.0,4482.1068
nefer_15,163,0.8242,2.6386,1894.1701,2778.2731,0.0,4672.4431
nefer_15,164,0.8391,2.6729,1925.983,2898.8324,0.0,4824.8154
nefer_15,165,0.856,2.7131,1956.6814,3022.5449,0.0,4979.2263
nefer_15,166,0.8727,2.7579,1993.2968,3180.9661,0.0,5174.2629
nefer_15,167,0.891,2.803,2030.4018,3353.2702,0.0,5383.672
nefer_15,168,0.9127,2.8502,2068.3697,3544.0985,0.0,5612.4683
nefer_15,169,0.9363,2.8861,2098.293,3709.3929,0.0,5807.6858
nefer_15,170,0.9621,2.9223,2125.003,3873.1319,0.0,5998.1349
nefer_15,171,0.9844,2.9458,2141.239,3984.8758,0.0,6126.1148
nefer_15,172,1.0,2.978,2163.5438,4154.7288,0.0,6318.2727
nefer_15,173,1.0097,3.0082,2184.531,4326.3613,0.0,6510.8923
nefer_15,174,1.0193,3.0308,2202.1304,4476.8161,0.0,6678.9465
nefer_15,175,1.03,3.0514,2223.7255,4669.8183,0.0,6893.5438
nefer_15,176,1.042,3.0707,2246.3083,4881.8888,0.0,7128.1971
nefer_15,177,1.0503,3.0571,2252.3139,4941.5119,0.0,7193.8258
nefer_15,178,1.0582,3.0748,2266.9715,5092.8092,0.0,7359.7807
nefer_15,179,1.0673,3.0816,2283.9855,5275.0219,0.0,7559.0075
nefer_15,180,1.0768,3.1023,2299.5556,5447.5727,1.4859,7748.6143
nefer_15,181,1.0856,3.1212,2313.9125,5612.6244,4.2758,7930.8127
nefer_15,182,1.0945,3.1397,2328.7639,5788.9561,8.8547,8126.5747
nefer_15,183,1.1028,3.1349,2337.4802,5895.4425,13.1362,8246.0589
nefer_15,184,1.1141,3.1393,2347.392,6019.0325,20.5356,8386.9601
nefer_15,185,1.1235,3.1304,2357.3866,6145.2343,33.7261,8536.347
nefer_15,186,1.1316,3.124,2368.8131,6288.2765,57.3177,8714.4073
nefer_15,187,1.139,3.1389,2379.4977,6418.4989,89.1088,8887.1054
nefer_15,188,1.1475,3.1546,2390.8055,6550.0721,135.146,9076.0236
nefer_15,189,1.1579,3.1729,2403.9418,6690.0023,210.069,9304.0132
nefer_15,190,1.1666,3.181,2411.6905,6760.0958,273.199,9444.9854
nefer_15,191,1.1743,3.1861,2420.8951,6828.6935,369.6508,9619.2394
nefer_15,192,1.1827,3.194,2426.6091,6863.0518,441.6124,9731.2734
nefer_15,193,1.1942,3.1761,2435.7015,6903.9411,576.9218,9916.5645
nefer_15,194,1.2062,3.159,2444.7316,6928.8793,736.9098,10110.5208
nefer_15,195,1.2182,3.1398,2452.9503,6940.3608,903.8475,10297.1586
nefer_15,196,1.23,3.0916,2463.714,6945.4076,1146.4726,10555.5942
nefer_15,197,1.2412,3.0702,2472.1574,6945.4208,1381.4921,10799.0703
nefer_15,198,1.2556,3.076,2477.2992,6945.4208,1627.2821,11050.0021
nefer_15,199,1.2709,3.0716,2478.719,6945.4208,1868.8673,11293.0071
nefer_15,200,1.2869,3.0131,2478.719,6945.4208,2100.4747,11524.6145
nefer_15,201,1.2992,2.9764,2478.719,6945.4208,2218.4142,11642.5539
nefer_15,202,1.3109,2.8998,2478.719,6945.4208,2360.2569,11784.3967
nefer_15,203,1.324,2.8642,2478.719,6945.4208,2541.2389,11965.3787
nefer_15,204,1.3392,2.7872,2478.719,6945.4208,2755.9193,12180.0591
nefer_15,205,1.3564,2.7286,2478.719,6945.4208,2954.1171,12378.2569
nefer_15,206,1.3718,2.5906,2478.719,6945.4208,3022.9951,12447.1349
nefer_15,207,1.3879,2.4806,2478.719,6945.4208,3216.1235,12640.2633
nefer_15,208,1.4036,2.3812,2478.719,6945.4208,3383.9761,12808.1159
nefer_15,209,1.4224,2.2879,2478.719,6945.4208,3532.9057,12957.0455
nefer_15,210,1.4411,2.1685,2478.719,6945.4208,3644.8414,13068.9812
nefer_15,211,1.4576,2.004,2478.719,6945.4208,3703.4839,13127.6236
nefer_15,212,1.471,1.9233,2478.719,6945.4208,3784.6955,13208.8353
nefer_15,213,1.4836,1.8304,2478.719,6945.4208,3923.9348,13348.0746
nefer_15,214,1.4952,1.7377,2478.719,6945.4208,4018.4446,13442.5844
nefer_15,215,1.5085,1.6439,2478.719,6945.4208,4147.7712,13571.911
nefer_15,216,1.5204,1.5536,2478.719,6887.7738,4292.4216,13658.9144
nefer_15,217,1.531,1.4959,2478.719,6830.1268,4434.0869,13742.9327
nefer_15,218,1.5426,1.3916,2478.719,6772.4798,4583.946,13835.1448
nefer_15,219,1.5547,1.3371,2478.719,6714.8328,4725.1537,13918.7055
nefer_15,220,1.5672,1.189,2478.719,6657.1858,4859.5493,13995.4542
nefer_15,221,1.5812,1.1226,2478.719,6599.5388,4949.4732,14027.7311
nefer_15,222,1.5959,1.0425,2478.719,6541.8918,5027.3457,14047.9565
nefer_15,223,1.6115,0.9802,2478.719,6484.2449,5110.0985,14073.0624
nefer_15,224,1.6289,0.9301,2478.719,6426.5979,5173.4088,14078.7257
nefer_15,225,1.6467,0.8276,2478.719,6368.9509,5228.5578,14076.2276
nefer_15,226,1.6628,0.7362,2478.719,6311.3039,5283.3224,14073.3453
nefer_15,227,1.6787,0.6253,2478.719,6253.6569,5338.0871,14070.4629
nefer_15,228,1.6965,0.5766,2478.719,6196.0099,5392.8517,14067.5806
nefer_15,229,1.7156,0.5335,2478.719,6138.3629,5447.6163,14064.6982
nefer_15,230,1.7347,0.4952,2478.719,6080.7159,5502.381,14061.8159
nefer_15,231,1.7551,0.4378,2478.719,6023.0689,5557.1456,14058.9335
nefer_15,232,1.7764,0.3829,2478.719,5965.4219,5611.9103,14056.0512
nefer_15,233,1.7969,0.3192,2478.719,5907.7749,5666.6749,14053.1688
nefer_15,234,1.8168,0.2669,2478.719,5850.1279,5721.4396,14050.2865
nefer_15,235,1.8377,0.2256,2478.719,5792.4809,5776.2042,14047.4041
nefer_15,236,1.8593,0.1932,2478.719,5734.834,5830.9688,14044.5218
nefer_15,237,1.8782,0.1485,2478.719,5677.187,5885.7335,14041.6394
nefer_15,238,1.8976,0.119,2478.719,5619.54,5940.4981,14038.7571
nefer_15,239,1.9162,0.0901,2478.719,5561.893,5995.2628,14035.8747
nefer_15,240,1.9351,0.0701,2478.719,5556.3366,6000.5413,14035.5969
nefer_15,241,1.9542,0.0449,2478.719,5556.3366,6000.5413,14035.5969
nefer_15,242,1.9741,0.0346,2478.719,5556.3366,6000.5413,14035.5969
nefer_15,243,1.9951,0.0076,2478.719,5556.3366,6000.5413,14035.5969
nefer_15,244,2.0,0.0017,2478.719,5556.3366,6000.5413,14035.5969
nefer_15,245,2.0,0.0017,2478.719,5556.3366,6000.5413,14035.5969
nefer_15,246,2.0,0.0017,2478.719,5556.3366,6000.5413,14035.5969
nefer_15,247,2.0,0.0017,2478.719,5556.3366,6000.5413,14035.5969
nefer_15,248,2.0,0.0017,2478.719,5556.3366,6000.5413,14035.5969
nefer_15,249,2.0,0.0017,2478.719,5556.3366,6000.5413,14035.5969
nefer_15,250,2.0,0.0017,2478.719,5556.3366,6000.5413,14035.5969
nefer_15,251,2.0,0.0017,2478.719,5556.3366,6000.5413,14035.5969
nefer_15,252,2.0,0.0017,2478.719,5556.3366,6000.5413,14035.5969
nefer_15,253,2.0,0.0017,2478.719,5556.3366,6000.5413,14035.5969
nefer_15,254,2.0,0.0017,2478.719,5556.3366,6000.5413,14035.5969
nefer_15,255,2.0,0.0017,2478.719,5556.3366,6000.5413,14035.5969
nefer_15,256,2.0,0.0017,2478.719,5556.3366,6000.5413,14035.5969
nefer_15,257,2.0,0.0017,2478.719,5556.3366,6000.5413,14035.5969
nefer_15,258,2.0,0.0017,2478.719,5556.3366,6000.5413,14035.5969
nefer_15,259,2.0,0.0017,2478.719,5556.3366,6000.5413,14035.5969
nefer_15,260,2.0,0.0017,2478.719,5556.3366,6000.5413,14035.5969
nefer_15,261,2.0,0.0017,2478.719,5556.3366,6000.5413,14035.5969
nefer_15,262,2.0,0.0017,2478.719,5556.3366,6000.5413,14035.5969
nefer_15,263,2.0,0.0017,2478.719,5556.3366,6000.5413,14035.5969
nefer_15,264,2.0,0.0017,2478.719,5556.3366,6000.5413,14035.5969
nefer_15,265,2.0,0.0017,2478.719,5556.3366,6000.5413,14035.5969
nefer_15,266,2.0,0.0017,2478.719,5556.3366,6000.5413,14035.5969
nefer_15,267,2.0,0.0017,2478.719,5556.3366,6000.5413,14035.5969
nefer_15,268,2.0,0.0017,2478.719,5556.3366,6000.5413,14035.5969
nefer_15,269,2.0,0.0017,2478.719,5556.3366,6000.5413,14035.5969
nefer_15,270,2.0,0.0017,2478.719,5556.3366,6000.5413,14035.5969
nefer_15,271,2.0,0.0017,2478.719,5556.3366,6000.5413,14035.5969
nefer_15,272,2.0,0.0017,2478.719,5556.3366,6000.5413,14035.5969
nefer_15,273,2.0,0.0017,2478.719,5556.3366,6000.5413,14035.5969
nefer_15,274,2.0,0.0017,2478.719,5556.3366,6000.5413,14035.5969
nefer_15,275,2.0,0.0017,2478.719,5556.3366,6000.5413,14035.5969
nefer_15,276,2.0,0.0017,2478.719,5556.3366,6000.5413,14035.5969
nefer_15,277,2.0,0.0017,2478.719,5556.3366,6000.5413,14035.5969
nefer_15,278,2.0,0.0017,2478.719,5556.3366,6000.5413,14035.5969
nefer_15,279,2.0,0.0017,2478.719,5556.3366,6000.5413,14035.5969
nefer_15,280,2.0,0.0017,2478.719,5556.3366,6000.5413,14035.5969
nefer_15,281,2.0,0.0017,2478.719,5556.3366,6000.5413,14035.5969
nefer_15,282,2.0,0.0017,2478.719,5556.3366,6000.5413,14035.5969
nefer_15,283,2.0,0.0017,2478.719,5556.3366,6000.5413,14035.5969
nefer_15,284,2.0,0.0017,2478.719,5556.3366,6000.5413,14035.5969
nefer_15,285,2.0,0.0017,2478.719,5556.3366,6000.5413,14035.5969
nefer_15,286,2.0,0.0017,2478.719,5556.3366,6000.5413,14035.5969
nefer_15,287,2.0,0.0017,2478.719,5556.3366,6000.5413,14035.5969
nefer_15,288,2.0,0.0017,2478.719,5556.3366,6000.5413,14035.5969
nefer_15,289,2.0,0.0017,2478.719,5556.3366,6000.5413,14035.5969
nefer_15,290,2.0,0.0017,2478.719,5556.3366,6000.5413,14035.5969
nefer_15,291,2.0,0.0017,2478.719,5556.3366,6000.5413,14035.5969
nefer_15,292,2.0,0.0017,2478.719,5556.3366,6000.5413,14035.5969
nefer_15,293,2.0,0.0017,2478.719,5556.3366,6000.5413,14035.5969
nefer_15,294,2.0,0.0017,2478.719,5556.3366,6000.5413,14035.5969
nefer_15,295,2.0,0.0017,2478.719,5556.3366,6000.5413,14035.5969
nefer_15,296,2.0,0.0017,2478.719,5556.3366,6000.5413,14035.5969
nefer_15,297,2.0,0.0017,2478.719,5556.3366,6000.5413,14035.5969
nefer_15,298,2.0,0.0017,2478.719,5556.3366,6000.5413,14035.5969
nefer_15,299,2.0,0.0017,2478.719,5556.3366,6000.5413,14035.5969
nefer_15,300,2.0,0.0017,2478.719,5556.3366,6000.5413,14035.5969
nefer_15,301,2.0,0.0017,2478.719,5556.3366,6000.5413,14035.5969
nefer_15,302,2.0,0.0017,2478.719,5556.3366,6000.5413,14035.5969
nefer_15,303,2.0,0.0017,2478.719,5556.3366,6000.5413,14035.5969
nefer_15,304,2.0,0.0017,2478.719,5556.3366,6000.5413,14035.5969
nefer_15,305,2.0,0.0017,2478.719,5556.3366,6000.5413,14035.5969
nefer_15,306,2.0,0.0017,2478.719,5556.3366,6000.5413,14035.5969
nefer_15,307,2.0,0.0017,2478.719,5556.3366,6000.5413,14035.5969
nefer_15,308,2.0,0.0017,2478.719,5556.3366,6000.5413,14035.5969
nefer_15,309,2.0,0.0017,2478.719,5556.3366,6000.5413,14035.5969
nefer_15,310,2.0,0.0017,2478.719,5556.3366,6000.5413,14035.5969
nefer_15,311,2.0,0.0017,2478.719,5556.3366,6000.5413,14035.5969
nefer_15,312,2.0,0.0017,2478.719,5556.3366,6000.5413,14035.5969
nefer_15,313,2.0,0.0017,2478.719,5556.3366,6000.5413,14035.5969
nefer_15,314,2.0,0.0017,2478.719,5556.3366,6000.5413,14035.5969
nefer_15,315,2.0,0.0017,2478.719,5556.3366,6000.5413,14035.5969
nefer_15,316,2.0,0.0017,2478.719,5556.3366,6000.5413,14035.5969
nefer_15,317,2.0,0.0017,2478.719,5556.3366,6000.5413,14035.5969
nefer_15,318,2.0,0.0017,2478.719,5556.3366,6000.5413,14035.5969
nefer_15,319,2.0,0.0017,2478.719,5556.3366,6000.5413,14035.5969
nefer_15,320,2.0,0.0017,2478.719,5556.3366,6000.5413,14035.5969
nefer_15,321,2.0,0.0017,2478.719,5556.3366,6000.5413,14035.5969
nefer_15,322,2.0,0.0017,2478.719,5556.3366,6000.5413,14035.5969
nefer_15,323,2.0,0.0017,2478.719,5556.3366,6000.5413,14035.5969
nefer_15,324,2.0,0.0017,2478.719,5556.3366,6000.5413,14035.5969
nefer_15,325,2.0,0.0017,2478.719,5556.3366,6000.5413,14035.5969
nefer_15,326,2.0,0.0017,2478.719,5556.3366,6000.5413,14035.5969
nefer_15,327,2.0,0.0017,2478.719,5556.3366,6000.5413,14035.5969
nefer_15,328,2.0,0.0017,2478.719,5556.3366,6000.5413,14035.5969
nefer_15,329,2.0,0.0017,2478.719,5556.3366,6000.5413,14035.5969
nefer_15,330,2.0,0.0017,2478.719,5556.3366,6000.5413,14035.5969
nefer_15,331,2.0,0.0017,2478.719,5556.3366,6000.5413,14035.5969
nefer_15,332,2.0,0.0017,2478.719,5556.3366,6000.5413,14035.5969
nefer_15,333,2.0,0.0017,2478.719,5556.3366,6000.5413,14035.5969
nefer_15,334,2.0,0.0017,2478.719,5556.3366,6000.5413,14035.5969
nefer_15,335,2.0,0.0017,2478.719,5556.3366,6000.5413,14035.5969
nefer_15,336,2.0,0.0017,2478.719,5556.3366,6000.5413,14035.5969
nefer_15,337,2.0,0.0017,2478.719,5556.3366,6000.5413,14035.5969
nefer_15,338,2.0,0.0017,2478.719,5556.3366,6000.5413,14035.5969
nefer_15,339,2.0,0.0017,2478.719,5556.3366,6000.5413,14035.5969
nefer_15,340,2.0,0.0017,2478.719,5556.3366,6000.5413,14035.5969
nefer_15,341,2.0,0.0017,2478.719,5556.3366,6000.5413,14035.5969
nefer_15,342,2.0,0.0017,2478.719,5556.3366,6000.5413,14035.5969
nefer_15,343,2.0,0.0017,2478.719,5556.3366,6000.5413,14035.5969
nefer_15,344,2.0,0.0017,2478.719,5556.3366,6000.5413,14035.5969
nefer_15,345,2.0,0.0017,2478.719,5556.3366,6000.5413,14035.5969
nefer_15,346,2.0,0.0017,2478.719,5556.3366,6000.5413,14035.5969
nefer_15,347,2.0,0.0017,2478.719,5556.3366,6000.5413,14035.5969
nefer_15,348,2.0,0.0017,2478.719,5556.3366,6000.5413,14035.5969
nefer_15,349,2.0,0.0017,2478.719,5556.3366,6000.5413,14035.5969
nefer_15,350,2.0,0.0017,2478.719,5556.3366,6000.5413,14035.5969
nefer_15,351,2.0,0.0017,2478.719,5556.3366,6000.5413,14035.5969
nefer_15,352,2.0,0.0017,2478.719,5556.3366,6000.5413,14035.5969
nefer_15,353,2.0,0.0017,2478.719,5556.3366,6000.5413,14035.5969
nefer_15,354,2.0,0.0017,2478.719,5556.3366,6000.5413,14035.5969
nefer_15,355,2.0,0.0017,2478.719,5556.3366,6000.5413,14035.5969
nefer_15,356,2.0,0.0017,2478.719,5556.3366,6000.5413,14035.5969
nefer_15,357,2.0,0.0017,2478.719,5556.3366,6000.5413,14035.5969
nefer_15,358,2.0,0.0017,2478.719,5556.3366,6000.5413,14035.5969
nefer_15,359,2.0,0.0017,2478.719,5556.3366,6000.5413,14035.5969
nefer_15,360,2.0,0.0017,2478.719,5556.3366,6000.5413,14035.5969
nefer_15,361,2.0,0.0017,2478.719,5556.3366,6000.5413,14035.5969
nefer_15,362,2.0,0.0017,2478.719,5556.3366,6000.5413,14035.5969
nefer_15,363,2.0,0.0017,2478.719,5556.3366,6000.5413,14035.5969
nefer_15,364,2.0,0.0017,2478.719,5556.3366,6000.5413,14035.5969
nefer_16,0,-0.1,0.2319,144.9397,105.0603,0.0,250.0
nefer_16,1,0.0,0.2319,144.9397,105.0603,0.0,250.0
nefer_16,2,0.0,0.2333,145.7894,105.6762,0.0,251.4656
nefer_16,3,0.0,0.239,149.3574,108.2624,0.0,257.6199
nefer_16,4,0.0,0.2455,153.4428,111.2238,0.0,264.6666
nefer_16,5,0.0,0.252,157.5294,114.1859,0.0,271.7153
nefer_16,6,0.0,0.2565,160.2931,116.1892,0.0,276.4824
nefer_16,7,0.0,0.2585,161.546,117.0974,0.0,278.6434
nefer_16,8,0.0,0.2629,164.3347,119.1188,0.0,283.4535
nefer_16,9,0.0,0.2646,165.3725,119.8711,0.0,285.2436
nefer_16,10,0.0,0.2662,166.3932,120.6109,0.0,287.0041
nefer_16,11,0.0,0.2671,166.9557,121.0186,0.0,287.9743
nefer_16,12,0.0,0.2671,166.9557,121.0186,0.0,287.9743
nefer_16,13,0.0,0.2671,166.9557,121.0186,0.0,287.9743
nefer_16,14,0.0003,0.2675,167.1773,121.1792,0.0,288.3565
nefer_16,15,0.0006,0.2683,167.7156,121.5695,0.0,289.285
nefer_16,16,0.0009,0.2692,168.2587,121.9633,0.0,290.222
nefer_16,17,0.0011,0.2695,168.4179,122.0787,0.0,290.4965
nefer_16,18,0.0015,0.2699,168.6871,122.2739,0.0,290.9609
nefer_16,19,0.0017,0.2707,169.1568,122.6146,0.0,291.7714
nefer_16,20,0.0019,0.2716,169.7671,123.0572,0.0,292.8243
nefer_16,21,0.0021,0.2716,169.7671,123.0572,0.0,292.8243
nefer_16,22,0.0022,0.2716,169.7671,123.0572,0.0,292.8243
nefer_16,23,0.0024,0.2716,169.7671,123.0572,0.0,292.8243
nefer_16,24,0.003,0.2716,169.7671,123.0572,0.0,292.8243
nefer_16,25,0.004,0.2716,169.7671,123.0572,0.0,292.8243
nefer_16,26,0.0056,0.2716,169.7671,123.0572,0.0,292.8243
nefer_16,27,0.0073,0.2757,172.3084,124.9029,0.0,297.2114
nefer_16,28,0.0087,0.2803,175.1911,126.9979,0.0,302.1891
nefer_16,29,0.0101,0.2864,179.0186,129.781,0.0,308.7996
nefer_16,30,0.0119,0.2902,181.3922,131.5077,0.0,312.8998
nefer_16,31,0.0137,0.2933,183.3275,132.9165,0.0,316.2441
nefer_16,32,0.0156,0.2964,185.2515,134.3181,0.0,319.5696
nefer_16,33,0.0179,0.3021,188.8014,136.9059,0.0,325.7073
nefer_16,34,0.0209,0.3126,195.3639,141.6939,0.0,337.0578
nefer_16,35,0.0235,0.3201,200.044,145.1123,0.0,345.1563
nefer_16,36,0.0254,0.3244,202.7214,147.07,0.0,349.7913
nefer_16,37,0.0273,0.3307,206.7166,149.9933,0.0,356.7099
nefer_16,38,0.0294,0.3349,209.3124,151.8941,0.0,361.2066
nefer_16,39,0.0322,0.3426,214.1231,155.4197,0.0,369.5427
nefer_16,40,0.0348,0.3508,219.2369,159.1718,0.0,378.4087
nefer_16,41,0.0369,0.3569,223.042,161.9665,0.0,385.0085
nefer_16,42,0.0391,0.3638,227.3873,165.1608,0.0,392.5481
nefer_16,43,0.0416,0.3694,230.868,167.7218,0.0,398.5898
nefer_16,44,0.0429,0.3736,233.5074,169.6659,0.0,403.1732
nefer_16,45,0.0446,0.3788,236.7706,172.0708,0.0,408.8414
nefer_16,46,0.0476,0.3841,240.0913,174.5198,0.0,414.6111
nefer_16,47,0.0502,0.3885,242.7981,176.5187,0.0,419.3168
nefer_16,48,0.052,0.3924,245.2263,178.3137,0.0,423.54
nefer_16,49,0.0535,0.3955,247.1784,179.758,0.0,426.9364
nefer_16,50,0.0547,0.3971,248.2152,180.5256,0.0,428.7408
nefer_16,51,0.0559,0.3984,249.0254,181.1259,0.0,430.1513
nefer_16,52,0.0586,0.4012,250.751,182.4048,0.0,433.1558
nefer_16,53,0.0609,0.4051,253.1933,184.2173,0.0,437.4106
nefer_16,54,0.0628,0.407,254.3542,185.0796,0.0,439.4337
nefer_16,55,0.0638,0.4074,254.594,185.2579,0.0,439.8519
nefer_16,56,0.0642,0.4074,254.594,185.2579,0.0,439.8519
nefer_16,57,0.0655,0.4082,255.1013,185.6353,0.0,440.7367
nefer_16,58,0.0666,0.4082,255.1013,185.6353,0.0,440.7367
nefer_16,59,0.0666,0.4082,255.1013,185.6353,0.0,440.7367
nefer_16,60,0.0675,0.4082,255.1013,185.6353,0.0,440.7367
nefer_16,61,0.0701,0.4082,255.1013,185.6353,0.0,440.7367
nefer_16,62,0.0714,0.4082,255.1013,185.6353,0.0,440.7367
nefer_16,63,0.073,0.4082,255.1013,185.6353,0.0,440.7367
nefer_16,64,0.0746,0.4082,255.1013,185.6353,0.0,440.7367
nefer_16,65,0.0757,0.4082,255.1013,185.6353,0.0,440.7367
nefer_16,66,0.0768,0.4082,255.1013,185.6353,0.0,440.7367
nefer_16,67,0.0779,0.4082,255.1013,185.6353,0.0,440.7367
nefer_16,68,0.0796,0.4082,255.1013,185.6353,0.0,440.7367
nefer_16,69,0.0824,0.4082,255.1013,185.6353,0.0,440.7367
nefer_16,70,0.086,0.4083,255.208,185.7154,0.0,440.9234
nefer_16,71,0.09,0.4108,256.7653,186.8866,0.0,443.6518
nefer_16,72,0.0961,0.4205,262.7967,191.4318,0.0,454.2285
nefer_16,73,0.1023,0.4329,270.5406,197.2869,0.0,467.8275
nefer_16,74,0.1087,0.4443,277.6837,202.706,0.0,480.3897
nefer_16,75,0.1116,0.4503,281.4656,205.5855,0.0,487.0511
nefer_16,76,0.1128,0.4536,283.4844,207.125,0.0,490.6094
nefer_16,77,0.1161,0.4593,287.0388,209.8377,0.0,496.8765
nefer_16,78,0.1203,0.4684,292.7242,214.185,0.0,506.9092
nefer_16,79,0.1227,0.4746,296.6359,217.1835,0.0,513.8194
nefer_16,80,0.1235,0.4763,297.6626,217.9717,0.0,515.6343
nefer_16,81,0.1242,0.4763,297.6626,217.9717,0.0,515.6343
nefer_16,82,0.1248,0.4763,297.6626,217.9717,0.0,515.6343
nefer_16,83,0.1293,0.4782,298.8681,218.8984,0.0,517.7665
nefer_16,84,0.1312,0.4791,299.4407,219.3397,0.0,518.7805
nefer_16,85,0.1339,0.4796,299.7312,219.5639,0.0,519.2951
nefer_16,86,0.1365,0.4796,299.7312,219.5639,0.0,519.2951
nefer_16,87,0.1409,0.482,301.2286,220.7235,0.0,521.952
nefer_16,88,0.1453,0.489,305.6369,224.1468,0.0,529.7838
nefer_16,89,0.1496,0.499,311.8944,229.0205,0.0,540.9149
nefer_16,90,0.1539,0.5086,317.8552,233.6765,0.0,551.5317
nefer_16,91,0.1588,0.5196,324.7559,239.0831,0.0,563.839
nefer_16,92,0.164,0.5315,332.1836,244.9226,0.0,577.1062
nefer_16,93,0.1689,0.5437,339.8069,250.9383,0.0,590.7452
nefer_16,94,0.1734,0.5538,346.1475,255.96,0.0,602.1075
nefer_16,95,0.1734,0.5538,346.1475,255.96,0.0,602.1075
nefer_16,96,0.1734,0.5538,346.1475,255.96,0.0,602.1075
nefer_16,97,0.1734,0.5538,346.1475,255.96,0.0,602.1075
nefer_16,98,0.1734,0.5538,346.1475,255.96,0.0,602.1075
nefer_16,99,0.1736,0.5538,346.1475,255.96,0.0,602.1075
nefer_16,100,0.1754,0.5538,346.1475,255.96,0.0,602.1075
nefer_16,101,0.1782,0.5538,346.1475,255.96,0.0,602.1075
nefer_16,102,0.1825,0.5538,346.1475,255.96,0.0,602.1075
nefer_16,103,0.1854,0.5538,346.1475,255.96,0.0,602.1075
nefer_16,104,0.1904,0.5538,346.1475,255.96,0.0,602.1075
nefer_16,105,0.1969,0.5538,346.1475,255.96,0.0,602.1075
nefer_16,106,0.2065,0.5565,347.8015,257.2992,0.0,605.1007
nefer_16,107,0.2137,0.5641,352.5498,261.1751,0.0,613.7249
nefer_16,108,0.2249,0.5945,371.5581,276.791,0.0,648.349
nefer_16,109,0.2351,0.6241,390.049,292.1385,0.0,682.1875
nefer_16,110,0.245,0.6545,409.0731,308.0827,0.0,717.1559
nefer_16,111,0.2549,0.686,428.7365,324.7273,0.0,753.4637
nefer_16,112,0.2641,0.7175,448.4232,341.5632,0.0,789.9864
nefer_16,113,0.2694,0.7362,460.1197,351.6652,0.0,811.785
nefer_16,114,0.2694,0.7362,460.1197,351.6652,0.0,811.785
nefer_16,115,0.2702,0.7391,461.9547,353.2593,0.0,815.2139
nefer_16,116,0.2721,0.7448,465.5007,356.3425,0.0,821.8432
nefer_16,117,0.2779,0.7503,468.9564,359.3541,0.0,828.3105
nefer_16,118,0.2847,0.7516,469.7231,360.0266,0.0,829.7497
nefer_16,119,0.29,0.7516,469.7231,360.0266,0.0,829.7497
nefer_16,120,0.2975,0.7516,469.7231,360.0266,0.0,829.7497
nefer_16,121,0.3041,0.7578,473.6553,363.558,0.0,837.2133
nefer_16,122,0.3136,0.7759,484.9094,373.7508,0.0,858.6603
nefer_16,123,0.3257,0.8164,510.2217,396.9584,0.0,907.1801
nefer_16,124,0.3366,0.853,533.1396,418.3173,0.0,951.4569
nefer_16,125,0.3472,0.8933,558.3071,442.1364,0.0,1000.4435
nefer_16,126,0.3574,0.9296,581.0119,463.96,0.0,1044.9719
nefer_16,127,0.3669,0.9653,603.2913,485.7118,0.0,1089.0031
nefer_16,128,0.3765,1.0036,627.2294,509.4332,0.0,1136.6626
nefer_16,129,0.3864,1.033,645.6082,527.932,0.0,1173.5402
nefer_16,130,0.3982,1.0801,675.0673,558.0794,0.0,1233.1467
nefer_16,131,0.4093,1.1224,701.5014,585.69,0.0,1287.1915
nefer_16,132,0.4187,1.161,725.6036,611.3745,0.0,1336.9781
nefer_16,133,0.4267,1.1839,739.9685,626.9548,0.0,1366.9233
nefer_16,134,0.4368,1.2207,762.9303,652.2424,0.0,1415.1728
nefer_16,135,0.4475,1.2619,788.6773,681.1678,0.0,1469.8451
nefer_16,136,0.4571,1.2879,804.9458,699.8445,0.0,1504.7902
nefer_16,137,0.4628,0.9629,819.2282,716.5751,0.0,1535.8034
nefer_16,138,0.4678,0.976,827.4368,726.3086,0.0,1553.7454
nefer_16,139,0.4753,0.9975,840.856,742.3928,0.0,1583.2487
nefer_16,140,0.4846,1.0232,856.8788,761.9191,0.0,1618.798
nefer_16,141,0.4945,1.0461,871.2458,779.801,0.0,1651.0467
nefer_16,142,0.5087,1.0845,895.2036,810.3173,0.0,1705.5208
nefer_16,143,0.526,1.1283,922.6249,846.4537,0.0,1769.0786
nefer_16,144,0.5405,1.1655,945.992,878.6049,0.0,1824.5968
nefer_16,145,0.557,1.2059,971.5015,915.0462,0.0,1886.5477
nefer_16,146,0.5777,1.2465,997.1565,953.3612,0.0,1950.5177
nefer_16,147,0.596,1.2883,1023.6807,995.3372,0.0,2019.0179
nefer_16,148,0.6159,1.3282,1049.1346,1037.8442,0.0,2086.9788
nefer_16,149,0.6402,1.3634,1071.6814,1077.8357,0.0,2149.5171
nefer_16,150,0.6577,1.3929,1090.6655,1114.2034,0.0,2204.8689
nefer_16,151,0.668,1.4092,1101.1507,1135.4845,0.0,2236.6352
nefer_16,152,0.6784,1.4289,1113.9018,1162.2728,0.0,2276.1746
nefer_16,153,0.6896,1.449,1126.9605,1190.7087,0.0,2317.6692
nefer_16,154,0.7021,1.4709,1141.1662,1222.8627,0.0,2364.0289
nefer_16,155,0.716,1.4945,1156.5635,1259.2995,0.0,2415.863
nefer_16,156,0.7325,1.5208,1173.7319,1302.0199,0.0,2475.7518
nefer_16,157,0.7517,1.5505,1193.2256,1353.5592,0.0,2546.7848
nefer_16,158,0.7678,1.5651,1202.8299,1380.8547,0.0,2583.6846
nefer_16,159,0.7755,1.5752,1209.524,1401.098,0.0,2610.622
nefer_16,160,0.7837,1.5852,1216.1187,1421.6501,0.0,2637.7688
nefer_16,161,0.793,1.5933,1221.509,1438.9966,0.0,2660.5056
nefer_16,162,0.8073,1.6073,1230.8358,1470.1455,0.0,2700.9813
nefer_16,163,0.8242,1.6236,1244.5982,1518.8269,0.0,2763.4251
nefer_16,164,0.8391,1.6222,1255.2832,1559.3193,0.0,2814.6025
nefer_16,165,0.856,1.6389,1266.5116,1604.5687,0.0,2871.0802
nefer_16,166,0.8727,1.6417,1277.7294,1653.1043,0.0,2930.8337
nefer_16,167,0.891,1.6511,1289.139,1706.0867,0.0,2995.2257
nefer_16,168,0.9127,1.6594,1301.0527,1765.9655,0.0,3067.0182
nefer_16,169,0.9363,1.6677,1311.6953,1824.7546,0.0,3136.4499
nefer_16,170,0.9621,1.6803,1320.9767,1881.6518,0.0,3202.6285
nefer_16,171,0.9844,1.6907,1328.1635,1931.1145,0.0,3259.278
nefer_16,172,1.0,1.7006,1335.0085,1983.2401,0.0,3318.2486
nefer_16,173,1.0097,1.7095,1341.2283,2034.1054,0.0,3375.3337
nefer_16,174,1.0193,1.7141,1346.8957,2082.5556,0.0,3429.4513
nefer_16,175,1.03,1.7107,1353.3595,2140.3241,0.0,3493.6836
nefer_16,176,1.042,1.7083,1360.2628,2205.1519,0.0,3565.4147
nefer_16,177,1.0503,1.6872,1362.9512,2231.842,0.0,3594.7932
nefer_16,178,1.0582,1.6926,1366.7882,2271.4477,0.0,3638.2359
nefer_16,179,1.0673,1.6773,1371.2008,2318.7052,0.0,3689.906
nefer_16,180,1.0768,1.6835,1375.596,2367.4134,0.4194,3743.4289
nefer_16,181,1.0856,1.6889,1379.3926,2411.0607,1.1572,3791.6105
nefer_16,182,1.0945,1.6943,1383.2142,2456.4344,2.3355,3841.984
nefer_16,183,1.1028,1.6749,1386.0296,2490.8303,3.7184,3880.5784
nefer_16,184,1.1141,1.6775,1389.7919,2537.7419,6.5271,3934.0608
nefer_16,185,1.1235,1.6488,1392.9229,2577.2773,10.6592,3980.8594
nefer_16,186,1.1316,1.6357,1395.6703,2611.6702,16.3316,4023.672
nefer_16,187,1.139,1.639,1398.0538,2640.7198,23.4235,4062.1971
nefer_16,188,1.1475,1.6426,1400.6292,2670.6864,33.9087,4105.2242
nefer_16,189,1.1579,1.6472,1403.9208,2705.749,52.6823,4162.3521
nefer_16,190,1.1666,1.6503,1406.1463,2725.8809,70.8142,4202.8414
nefer_16,191,1.1743,1.6462,1408.1922,2741.1277,92.2521,4241.572
nefer_16,192,1.1827,1.6487,1409.9463,2751.6755,114.3438,4275.9656
nefer_16,193,1.1942,1.6102,1412.6684,2763.9168,154.8521,4331.4372
nefer_16,194,1.2062,1.5905,1415.2898,2771.1563,201.2967,4387.7429
nefer_16,195,1.2182,1.5597,1417.6361,2774.4342,248.9552,4441.0255
nefer_16,196,1.23,1.4854,1419.9248,2775.5072,300.5438,4495.9758
nefer_16,197,1.2412,1.4772,1421.6248,2775.5099,347.8635,4544.9982
nefer_16,198,1.2556,1.4785,1422.5851,2775.5099,393.7686,4591.8636
nefer_16,199,1.2709,1.4728,1422.8358,2775.5099,436.4196,4634.7653
nefer_16,200,1.2869,1.3881,1422.8358,2775.5099,477.1675,4675.5132
nefer_16,201,1.2992,1.3755,1422.8358,2775.5099,511.5883,4709.934
nefer_16,202,1.3109,1.2669,1422.8358,2775.5099,547.159,4745.5047
nefer_16,203,1.324,1.2669,1422.8358,2775.5099,582.8862,4781.2319
nefer_16,204,1.3392,1.1661,1422.8358,2775.5099,615.1941,4813.5397
nefer_16,205,1.3564,1.1458,1422.8358,2775.5099,635.3599,4833.7056
nefer_16,206,1.3718,1.0002,1422.8358,2775.5099,649.5953,4847.941
nefer_16,207,1.3879,0.9561,1422.8358,2775.5099,666.5297,4864.8753
nefer_16,208,1.4036,0.8851,1422.8358,2775.5099,682.5116,4880.8572
nefer_16,209,1.4224,0.85,1422.8358,2775.5099,684.2376,4882.5833
nefer_16,210,1.4411,0.7756,1422.8358,2775.5099,684.2376,4882.5833
nefer_16,211,1.4576,0.6914,1422.8358,2775.5099,684.2376,4882.5833
nefer_16,212,1.471,0.6727,1422.8358,2775.5099,689.6598,4888.0055
nefer_16,213,1.4836,0.6212,1422.8358,2775.5099,700.6401,4898.9857
nefer_16,214,1.4952,0.5843,1422.8358,2775.5099,706.2989,4904.6446
nefer_16,215,1.5085,0.5429,1422.8358,2775.5099,712.1075,4910.4532
nefer_16,216,1.5204,0.5107,1422.8358,2752.4732,737.2678,4912.5768
nefer_16,217,1.531,0.4825,1422.8358,2729.4364,761.6241,4913.8963
nefer_16,218,1.5426,0.4427,1422.8358,2706.3997,786.4962,4915.7317
nefer_16,219,1.5547,0.4324,1422.8358,2683.363,810.1707,4916.3695
nefer_16,220,1.5672,0.3694,1422.8358,2660.3262,833.9171,4917.0792
nefer_16,221,1.5812,0.3614,1422.8358,2637.2895,855.802,4915.9273
nefer_16,222,1.5959,0.3209,1422.8358,2614.2528,877.6869,4914.7755
nefer_16,223,1.6115,0.304,1422.8358,2591.216,899.5718,4913.6236
nefer_16,224,1.6289,0.2853,1422.8358,2568.1793,921.4567,4912.4718
nefer_16,225,1.6467,0.2427,1422.8358,2545.1426,943.3416,4911.32
nefer_16,226,1.6628,0.2149,1422.8358,2522.1058,965.2265,4910.1681
nefer_16,227,1.6787,0.1785,1422.8358,2499.0691,987.1114,4909.0163
nefer_16,228,1.6965,0.1704,1422.8358,2476.0324,1008.9963,4907.8645
nefer_16,229,1.7156,0.1511,1422.8358,2452.9956,1030.8812,4906.7126
nefer_16,230,1.7347,0.1404,1422.8358,2429.9589,1052.7661,4905.5608
nefer_16,231,1.7551,0.1153,1422.8358,2406.9222,1074.651,4904.409
nefer_16,232,1.7764,0.1022,1422.8358,2383.8855,1096.5359,4903.2571
nefer_16,233,1.7969,0.0801,1422.8358,2360.8487,1118.4208,4902.1053
nefer_16,234,1.8168,0.0678,1422.8358,2337.812,1140.3057,4900.9534
nefer_16,235,1.8377,0.0566,1422.8358,2314.7753,1162.1906,4899.8016
nefer_16,236,1.8593,0.0482,1422.8358,2291.7385,1184.0755,4898.6498
nefer_16,237,1.8782,0.0322,1422.8358,2268.7018,1205.9604,4897.4979
nefer_16,238,1.8976,0.0298,1422.8358,2245.6651,1227.8452,4896.3461
nefer_16,239,1.9162,0.0195,1422.8358,2222.6283,1249.7301,4895.1943
nefer_16,240,1.9351,0.0167,1422.8358,2220.4079,1251.8395,4895.0832
nefer_16,241,1.9542,0.0071,1422.8358,2220.4079,1251.8395,4895.0832
nefer_16,242,1.9741,0.0071,1422.8358,2220.4079,1251.8395,4895.0832
nefer_16,243,1.9951,0.0,1422.8358,2220.4079,1251.8395,4895.0832
nefer_16,244,2.0,0.0,1422.8358,2220.4079,1251.8395,4895.0832
nefer_16,245,2.0,0.0,1422.8358,2220.4079,1251.8395,4895.0832
nefer_16,246,2.0,0.0,1422.8358,2220.4079,1251.8395,4895.0832
nefer_16,247,2.0,0.0,1422.8358,2220.4079,1251.8395,4895.0832
nefer_16,248,2.0,0.0,1422.8358,2220.4079,1251.8395,4895.0832
nefer_16,249,2.0,0.0,1422.8358,2220.4079,1251.8395,4895.0832
nefer_16,250,2.0,0.0,1422.8358,2220.4079,1251.8395,4895.0832
nefer_16,251,2.0,0.0,1422.8358,2220.4079,1251.8395,4895.0832
nefer_16,252,2.0,0.0,1422.8358,2220.4079,1251.8395,4895.0832
nefer_16,253,2.0,0.0,1422.8358,2220.4079,1251.8395,4895.0832
nefer_16,254,2.0,0.0,1422.8358,2220.4079,1251.8395,4895.0832
nefer_16,255,2.0,0.0,1422.8358,2220.4079,1251.8395,4895.0832
nefer_16,256,2.0,0.0,1422.8358,2220.4079,1251.8395,4895.0832
nefer_16,257,2.0,0.0,1422.8358,2220.4079,1251.8395,4895.0832
nefer_16,258,2.0,0.0,1422.8358,2220.4079,1251.8395,4895.0832
nefer_16,259,2.0,0.0,1422.8358,2220.4079,1251.8395,4895.0832
nefer_16,260,2.0,0.0,1422.8358,2220.4079,1251.8395,4895.0832
nefer_16,261,2.0,0.0,1422.8358,2220.4079,1251.8395,4895.0832
nefer_16,262,2.0,0.0,1422.8358,2220.4079,1251.8395,4895.0832
nefer_16,263,2.0,0.0,1422.8358,2220.4079,1251.8395,4895.0832
nefer_16,264,2.0,0.0,1422.8358,2220.4079,1251.8395,4895.0832
nefer_16,265,2.0,0.0,1422.8358,2220.4079,1251.8395,4895.0832
nefer_16,266,2.0,0.0,1422.8358,2220.4079,1251.8395,4895.0832
nefer_16,267,2.0,0.0,1422.8358,2220.4079,1251.8395,4895.0832
nefer_16,268,2.0,0.0,1422.8358,2220.4079,1251.8395,4895.0832
nefer_16,269,2.0,0.0,1422.8358,2220.4079,1251.8395,4895.0832
nefer_16,270,2.0,0.0,1422.8358,2220.4079,1251.8395,4895.0832
nefer_16,271,2.0,0.0,1422.8358,2220.4079,1251.8395,4895.0832
nefer_16,272,2.0,0.0,1422.8358,2220.4079,1251.8395,4895.0832
nefer_16,273,2.0,0.0,1422.8358,2220.4079,1251.8395,4895.0832
nefer_16,274,2.0,0.0,1422.8358,2220.4079,1251.8395,4895.0832
nefer_16,275,2.0,0.0,1422.8358,2220.4079,1251.8395,4895.0832
nefer_16,276,2.0,0.0,1422.8358,2220.4079,1251.8395,4895.0832
nefer_16,277,2.0,0.0,1422.8358,2220.4079,1251.8395,4895.0832
nefer_16,278,2.0,0.0,1422.8358,2220.4079,1251.8395,4895.0832
nefer_16,279,2.0,0.0,1422.8358,2220.4079,1251.8395,4895.0832
nefer_16,280,2.0,0.0,1422.8358,2220.4079,1251.8395,4895.0832
nefer_16,281,2.0,0.0,1422.8358,2220.4079,1251.8395,4895.0832
nefer_16,282,2.0,0.0,1422.8358,2220.4079,1251.8395,4895.0832
nefer_16,283,2.0,0.0,1422.8358,2220.4079,1251.8395,4895.0832
nefer_16,284,2.0,0.0,1422.8358,2220.4079,1251.8395,4895.0832
nefer_16,285,2.0,0.0,1422.8358,2220.4079,1251.8395,4895.0832
nefer_16,286,2.0,0.0,1422.8358,2220.4079,1251.8395,4895.0832
nefer_16,287,2.0,0.0,1422.8358,2220.4079,1251.8395,4895.0832
nefer_16,288,2.0,0.0,1422.8358,2220.4079,1251.8395,4895.0832
nefer_16,289,2.0,0.0,1422.8358,2220.4079,1251.8395,4895.0832
nefer_16,290,2.0,0.0,1422.8358,2220.4079,1251.8395,4895.0832
nefer_16,291,2.0,0.0,1422.8358,2220.4079,1251.8395,4895.0832
nefer_16,292,2.0,0.0,1422.8358,2220.4079,1251.8395,4895.0832
nefer_16,293,2.0,0.0,1422.8358,2220.4079,1251.8395,4895.0832
nefer_16,294,2.0,0.0,1422.8358,2220.4079,1251.8395,4895.0832
nefer_16,295,2.0,0.0,1422.8358,2220.4079,1251.8395,4895.0832
nefer_16,296,2.0,0.0,1422.8358,2220.4079,1251.8395,4895.0832
nefer_16,297,2.0,0.0,1422.8358,2220.4079,1251.8395,4895.0832
nefer_16,298,2.0,0.0,1422.8358,2220.4079,1251.8395,4895.0832
nefer_16,299,2.0,0.0,1422.8358,2220.4079,1251.8395,4895.0832
nefer_16,300,2.0,0.0,1422.8358,2220.4079,1251.8395,4895.0832
nefer_16,301,2.0,0.0,1422.8358,2220.4079,1251.8395,4895.0832
nefer_16,302,2.0,0.0,1422.8358,2220.4079,1251.8395,4895.0832
nefer_16,303,2.0,0.0,1422.8358,2220.4079,1251.8395,4895.0832
nefer_16,304,2.0,0.0,1422.8358,2220.4079,1251.8395,4895.0832
nefer_16,305,2.0,0.0,1422.8358,2220.4079,1251.8395,4895.0832
nefer_16,306,2.0,0.0,1422.8358,2220.4079,1251.8395,4895.0832
nefer_16,307,2.0,0.0,1422.8358,2220.4079,1251.8395,4895.0832
nefer_16,308,2.0,0.0,1422.8358,2220.4079,1251.8395,4895.0832
nefer_16,309,2.0,0.0,1422.8358,2220.4079,1251.8395,4895.0832
nefer_16,310,2.0,0.0,1422.8358,2220.4079,1251.8395,4895.0832
nefer_16,311,2.0,0.0,1422.8358,2220.4079,1251.8395,4895.0832
nefer_16,312,2.0,0.0,1422.8358,2220.4079,1251.8395,4895.0832
nefer_16,313,2.0,0.0,1422.8358,2220.4079,1251.8395,4895.0832
nefer_16,314,2.0,0.0,1422.8358,2220.4079,1251.8395,4895.0832
nefer_16,315,2.0,0.0,1422.8358,2220.4079,1251.8395,4895.0832
nefer_16,316,2.0,0.0,1422.8358,2220.4079,1251.8395,4895.0832
nefer_16,317,2.0,0.0,1422.8358,2220.4079,1251.8395,4895.0832
nefer_16,318,2.0,0.0,1422.8358,2220.4079,1251.8395,4895.0832
nefer_16,319,2.0,0.0,1422.8358,2220.4079,1251.8395,4895.0832
nefer_16,320,2.0,0.0,1422.8358,2220.4079,1251.8395,4895.0832
nefer_16,321,2.0,0.0,1422.8358,2220.4079,1251.8395,4895.0832
nefer_16,322,2.0,0.0,1422.8358,2220.4079,1251.8395,4895.0832
nefer_16,323,2.0,0.0,1422.8358,2220.4079,1251.8395,4895.0832
nefer_16,324,2.0,0.0,1422.8358,2220.4079,1251.8395,4895.0832
nefer_16,325,2.0,0.0,1422.8358,2220.4079,1251.8395,4895.0832
nefer_16,326,2.0,0.0,1422.8358,2220.4079,1251.8395,4895.0832
nefer_16,327,2.0,0.0,1422.8358,2220.4079,1251.8395,4895.0832
nefer_16,328,2.0,0.0,1422.8358,2220.4079,1251.8395,4895.0832
nefer_16,329,2.0,0.0,1422.8358,2220.4079,1251.8395,4895.0832
nefer_16,330,2.0,0.0,1422.8358,2220.4079,1251.8395,4895.0832
nefer_16,331,2.0,0.0,1422.8358,2220.4079,1251.8395,4895.0832
nefer_16,332,2.0,0.0,1422.8358,2220.4079,1251.8395,4895.0832
nefer_16,333,2.0,0.0,1422.8358,2220.4079,1251.8395,4895.0832
nefer_16,334,2.0,0.0,1422.8358,2220.4079,1251.8395,4895.0832
nefer_16,335,2.0,0.0,1422.8358,2220.4079,1251.8395,4895.0832
nefer_16,336,2.0,0.0,1422.8358,2220.4079,1251.8395,4895.0832
nefer_16,337,2.0,0.0,1422.8358,2220.4079,1251.8395,4895.0832
nefer_16,338,2.0,0.0,1422.8358,2220.4079,1251.8395,4895.0832
nefer_16,339,2.0,0.0,1422.8358,2220.4079,1251.8395,4895.0832
nefer_16,340,2.0,0.0,1422.8358,2220.4079,1251.8395,4895.0832
nefer_16,341,2.0,0.0,1422.8358,2220.4079,1251.8395,4895.0832
nefer_16,342,2.0,0.0,1422.8358,2220.4079,1251.8395,4895.0832
nefer_16,343,2.0,0.0,1422.8358,2220.4079,1251.8395,4895.0832
nefer_16,344,2.0,0.0,1422.8358,2220.4079,1251.8395,4895.0832
nefer_16,345,2.0,0.0,1422.8358,2220.4079,1251.8395,4895.0832
nefer_16,346,2.0,0.0,1422.8358,2220.4079,1251.8395,4895.0832
nefer_16,347,2.0,0.0,1422.8358,2220.4079,1251.8395,4895.0832
nefer_16,348,2.0,0.0,1422.8358,2220.4079,1251.8395,4895.0832
nefer_16,349,2.0,0.0,1422.8358,2220.4079,1251.8395,4895.0832
nefer_16,350,2.0,0.0,1422.8358,2220.4079,1251.8395,4895.0832
nefer_16,351,2.0,0.0,1422.8358,2220.4079,1251.8395,4895.0832
nefer_16,352,2.0,0.0,1422.8358,2220.4079,1251.8395,4895.0832
nefer_16,353,2.0,0.0,1422.8358,2220.4079,1251.8395,4895.0832
nefer_16,354,2.0,0.0,1422.8358,2220.4079,1251.8395,4895.0832
nefer_16,355,2.0,0.0,1422.8358,2220.4079,1251.8395,4895.0832
nefer_16,356,2.0,0.0,1422.8358,2220.4079,1251.8395,4895.0832
nefer_16,357,2.0,0.0,1422.8358,2220.4079,1251.8395,4895.0832
nefer_16,358,2.0,0.0,1422.8358,2220.4079,1251.8395,4895.0832
nefer_16,359,2.0,0.0,1422.8358,2220.4079,1251.8395,4895.0832
nefer_16,360,2.0,0.0,1422.8358,2220.4079,1251.8395,4895.0832
nefer_16,361,2.0,0.0,1422.8358,2220.4079,1251.8395,4895.0832
nefer_16,362,2.0,0.0,1422.8358,2220.4079,1251.8395,4895.0832
nefer_16,363,2.0,0.0,1422.8358,2220.4079,1251.8395,4895.0832
nefer_16,364,2.0,0.0,1422.8358,2220.4079,1251.8395,4895.0832
nefer_17,0,-0.1,0.2319,144.9397,105.0603,0.0,250.0
nefer_17,1,0.0,0.2319,144.9397,105.0603,0.0,250.0
nefer_17,2,0.0,0.2333,145.7894,105.6762,0.0,251.4656
nefer_17,3,0.0,0.239,149.3574,108.2624,0.0,257.6199
nefer_17,4,0.0,0.2455,153.4428,111.2238,0.0,264.6666
nefer_17,5,0.0,0.252,157.5294,114.1859,0.0,271.7153
nefer_17,6,0.0,0.2565,160.2931,116.1892,0.0,276.4824
nefer_17,7,0.0,0.2585,161.546,117.0974,0.0,278.6434
nefer_17,8,0.0,0.2629,164.3347,119.1188,0.0,283.4535
nefer_17,9,0.0,0.2646,165.3725,119.8711,0.0,285.2436
nefer_17,10,0.0,0.2662,166.3932,120.6109,0.0,287.0041
nefer_17,11,0.0,0.2671,166.9557,121.0186,0.0,287.9743
nefer_17,12,0.0,0.2671,166.9557,121.0186,0.0,287.9743
nefer_17,13,0.0,0.2671,166.9557,121.0186,0.0,287.9743
nefer_17,14,0.0003,0.2675,167.1773,121.1792,0.0,288.3565
nefer_17,15,0.0006,0.2683,167.7156,121.5695,0.0,289.285
nefer_17,16,0.0009,0.2692,168.2587,121.9633,0.0,290.222
nefer_17,17,0.0011,0.2695,168.4179,122.0787,0.0,290.4965
nefer_17,18,0.0015,0.2699,168.6871,122.2739,0.0,290.9609
nefer_17,19,0.0017,0.2707,169.1568,122.6146,0.0,291.7714
nefer_17,20,0.0019,0.2716,169.7671,123.0572,0.0,292.8243
nefer_17,21,0.0021,0.2716,169.7671,123.0572,0.0,292.8243
nefer_17,22,0.0022,0.2716,169.7671,123.0572,0.0,292.8243
nefer_17,23,0.0024,0.2716,169.7671,123.0572,0.0,292.8243
nefer_17,24,0.003,0.2716,169.7671,123.0572,0.0,292.8243
nefer_17,25,0.004,0.2716,169.7671,123.0572,0.0,292.8243
nefer_17,26,0.0056,0.2716,169.7671,123.0572,0.0,292.8243
nefer_17,27,0.0073,0.2757,172.3084,124.9029,0.0,297.2114
nefer_17,28,0.0087,0.2803,175.1911,126.9979,0.0,302.1891
nefer_17,29,0.0101,0.2864,179.0186,129.781,0.0,308.7996
nefer_17,30,0.0119,0.2902,181.3922,131.5077,0.0,312.8998
nefer_17,31,0.0137,0.2933,183.3275,132.9165,0.0,316.2441
nefer_17,32,0.0156,0.2964,185.2515,134.3181,0.0,319.5696
nefer_17,33,0.0179,0.3021,188.8014,136.9059,0.0,325.7073
nefer_17,34,0.0209,0.3126,195.3639,141.6939,0.0,337.0578
nefer_17,35,0.0235,0.3201,200.044,145.1123,0.0,345.1563
nefer_17,36,0.0254,0.3244,202.7214,147.07,0.0,349.7913
nefer_17,37,0.0273,0.3307,206.7166,149.9933,0.0,356.7099
nefer_17,38,0.0294,0.3349,209.3124,151.8941,0.0,361.2066
nefer_17,39,0.0322,0.3426,214.1231,155.4197,0.0,369.5427
nefer_17,40,0.0348,0.3508,219.2369,159.1718,0.0,378.4087
nefer_17,41,0.0369,0.3569,223.042,161.9665,0.0,385.0085
nefer_17,42,0.0391,0.3638,227.3873,165.1608,0.0,392.5481
nefer_17,43,0.0416,0.3694,230.868,167.7218,0.0,398.5898
nefer_17,44,0.0429,0.3736,233.5074,169.6659,0.0,403.1732
nefer_17,45,0.0446,0.3788,236.7706,172.0708,0.0,408.8414
nefer_17,46,0.0476,0.3841,240.0913,174.5198,0.0,414.6111
nefer_17,47,0.0502,0.3885,242.7981,176.5187,0.0,419.3168
nefer_17,48,0.052,0.3924,245.2263,178.3137,0.0,423.54
nefer_17,49,0.0535,0.3955,247.1784,179.758,0.0,426.9364
nefer_17,50,0.0547,0.3971,248.2152,180.5256,0.0,428.7408
nefer_17,51,0.0559,0.3984,249.0254,181.1259,0.0,430.1513
nefer_17,52,0.0586,0.4012,250.751,182.4048,0.0,433.1558
nefer_17,53,0.0609,0.4051,253.1933,184.2173,0.0,437.4106
nefer_17,54,0.0628,0.407,254.3542,185.0796,0.0,439.4337
nefer_17,55,0.0638,0.4074,254.594,185.2579,0.0,439.8519
nefer_17,56,0.0642,0.4074,254.594,185.2579,0.0,439.8519
nefer_17,57,0.0655,0.4082,255.1013,185.6353,0.0,440.7367
nefer_17,58,0.0666,0.4082,255.1013,185.6353,0.0,440.7367
nefer_17,59,0.0666,0.4082,255.1013,185.6353,0.0,440.7367
nefer_17,60,0.0675,0.4082,255.1013,185.6353,0.0,440.7367
nefer_17,61,0.0701,0.4082,255.1013,185.6353,0.0,440.7367
nefer_17,62,0.0714,0.4082,255.1013,185.6353,0.0,440.7367
nefer_17,63,0.073,0.4082,255.1013,185.6353,0.0,440.7367
nefer_17,64,0.0746,0.4082,255.1013,185.6353,0.0,440.7367
nefer_17,65,0.0757,0.4082,255.1013,185.6353,0.0,440.7367
nefer_17,66,0.0768,0.4082,255.1013,185.6353,0.0,440.7367
nefer_17,67,0.0779,0.4082,255.1013,185.6353,0.0,440.7367
nefer_17,68,0.0796,0.4082,255.1013,185.6353,0.0,440.7367
nefer_17,69,0.0824,0.4082,255.1013,185.6353,0.0,440.7367
nefer_17,70,0.086,0.4083,255.208,185.7154,0.0,440.9234
nefer_17,71,0.09,0.4108,256.7653,186.8866,0.0,443.6518
nefer_17,72,0.0961,0.4205,262.7967,191.4318,0.0,454.2285
nefer_17,73,0.1023,0.4329,270.5406,197.2869,0.0,467.8275
nefer_17,74,0.1087,0.4443,277.6837,202.706,0.0,480.3897
nefer_17,75,0.1116,0.4503,281.4656,205.5855,0.0,487.0511
nefer_17,76,0.1128,0.4536,283.4844,207.125,0.0,490.6094
nefer_17,77,0.1161,0.4593,287.0388,209.8377,0.0,496.8765
nefer_17,78,0.1203,0.4684,292.7242,214.185,0.0,506.9092
nefer_17,79,0.1227,0.4746,296.6359,217.1835,0.0,513.8194
nefer_17,80,0.1235,0.4763,297.6626,217.9717,0.0,515.6343
nefer_17,81,0.1242,0.4763,297.6626,217.9717,0.0,515.6343
nefer_17,82,0.1248,0.4763,297.6626,217.9717,0.0,515.6343
nefer_17,83,0.1293,0.4782,298.8681,218.8984,0.0,517.7665
nefer_17,84,0.1312,0.4791,299.4407,219.3397,0.0,518.7805
nefer_17,85,0.1339,0.4796,299.7312,219.5639,0.0,519.2951
nefer_17,86,0.1365,0.4796,299.7312,219.5639,0.0,519.2951
nefer_17,87,0.1409,0.482,301.2286,220.7235,0.0,521.952
nefer_17,88,0.1453,0.489,305.6369,224.1468,0.0,529.7838
nefer_17,89,0.1496,0.499,311.8944,229.0205,0.0,540.9149
nefer_17,90,0.1539,0.5086,317.8552,233.6765,0.0,551.5317
nefer_17,91,0.1588,0.5196,324.7559,239.0831,0.0,563.839
nefer_17,92,0.164,0.5315,332.1836,244.9226,0.0,577.1062
nefer_17,93,0.1689,0.5437,339.8069,250.9383,0.0,590.7452
nefer_17,94,0.1734,0.5538,346.1475,255.96,0.0,602.1075
nefer_17,95,0.1734,0.5538,346.1475,255.96,0.0,602.1075
nefer_17,96,0.1734,0.5538,346.1475,255.96,0.0,602.1075
nefer_17,97,0.1734,0.5538,346.1475,255.96,0.0,602.1075
nefer_17,98,0.1734,0.5538,346.1475,255.96,0.0,602.1075
nefer_17,99,0.1736,0.5538,346.1475,255.96,0.0,602.1075
nefer_17,100,0.1754,0.5538,346.1475,255.96,0.0,602.1075
nefer_17,101,0.1782,0.5538,346.1475,255.96,0.0,602.1075
nefer_17,102,0.1825,0.5538,346.1475,255.96,0.0,602.1075
nefer_17,103,0.1854,0.5538,346.1475,255.96,0.0,602.1075
nefer_17,104,0.1904,0.5538,346.1475,255.96,0.0,602.1075
nefer_17,105,0.1969,0.5538,346.1475,255.96,0.0,602.1075
nefer_17,106,0.2065,0.5565,347.8015,257.2992,0.0,605.1007
nefer_17,107,0.2137,0.5641,352.5498,261.1751,0.0,613.7249
nefer_17,108,0.2249,0.5945,371.5581,276.791,0.0,648.349
nefer_17,109,0.2351,0.6241,390.049,292.1385,0.0,682.1875
nefer_17,110,0.245,0.6545,409.0731,308.0827,0.0,717.1559
nefer_17,111,0.2549,0.686,428.7365,324.7273,0.0,753.4637
nefer_17,112,0.2641,0.7175,448.4232,341.5632,0.0,789.9864
nefer_17,113,0.2694,0.7362,460.1197,351.6652,0.0,811.785
nefer_17,114,0.2694,0.7362,460.1197,351.6652,0.0,811.785
nefer_17,115,0.2702,0.7391,461.9547,353.2593,0.0,815.2139
nefer_17,116,0.2721,0.7448,465.5007,356.3425,0.0,821.8432
nefer_17,117,0.2779,0.7503,468.9564,359.3541,0.0,828.3105
nefer_17,118,0.2847,0.7516,469.7231,360.0266,0.0,829.7497
nefer_17,119,0.29,0.7516,469.7231,360.0266,0.0,829.7497
nefer_17,120,0.2975,0.7516,469.7231,360.0266,0.0,829.7497
nefer_17,121,0.3041,0.7578,473.6553,363.558,0.0,837.2133
nefer_17,122,0.3136,0.7759,484.9094,373.7508,0.0,858.6603
nefer_17,123,0.3257,0.8164,510.2217,396.9584,0.0,907.1801
nefer_17,124,0.3366,0.853,533.1396,418.3173,0.0,951.4569
nefer_17,125,0.3472,0.8933,558.3071,442.1364,0.0,1000.4435
nefer_17,126,0.3574,0.9296,581.0119,463.96,0.0,1044.9719
nefer_17,127,0.3669,0.9653,603.2913,485.7118,0.0,1089.0031
nefer_17,128,0.3765,1.0087,630.4144,512.5894,0.0,1143.0038
nefer_17,129,0.3864,1.0421,651.2889,533.6002,0.0,1184.8891
nefer_17,130,0.3982,1.0995,687.2111,570.3617,0.0,1257.5727
nefer_17,131,0.4093,1.1524,720.2728,604.8948,0.0,1325.1676
nefer_17,132,0.4187,1.2045,752.839,639.5989,0.0,1392.4379
nefer_17,133,0.4267,1.2336,770.9802,659.275,0.0,1430.2553
nefer_17,134,0.4368,1.2835,802.2079,693.6658,0.0,1495.8737
nefer_17,135,0.4475,1.3443,840.2135,736.3633,0.0,1576.5768
nefer_17,136,0.4571,1.3788,861.7432,761.0799,0.0,1622.8232
nefer_17,137,0.4628,1.1846,885.301,788.6758,0.0,1673.9768
nefer_17,138,0.4678,1.2094,901.6404,808.0507,0.0,1709.6911
nefer_17,139,0.4753,1.2518,928.1674,839.8457,0.0,1768.0131
nefer_17,140,0.4846,1.2961,959.4501,877.9686,0.0,1837.4187
nefer_17,141,0.4945,1.3315,985.6583,910.5886,0.0,1896.2469
nefer_17,142,0.5087,1.4061,1032.2581,969.9453,0.0,2002.2034
nefer_17,143,0.526,1.4814,1083.4806,1037.4473,0.0,2120.928
nefer_17,144,0.5405,1.5532,1132.6548,1105.1071,0.0,2237.7619
nefer_17,145,0.557,1.6322,1187.8869,1184.0082,0.0,2371.8951
nefer_17,146,0.5777,1.7233,1245.7313,1270.3972,0.0,2516.1285
nefer_17,147,0.596,1.8132,1304.0701,1362.7214,0.0,2666.7914
nefer_17,148,0.6159,1.9043,1363.4829,1461.9387,0.0,2825.4216
nefer_17,149,0.6402,1.9943,1421.1024,1564.1387,0.0,2985.2411
nefer_17,150,0.6577,2.0512,1460.3127,1639.254,0.0,3099.5668
nefer_17,151,0.668,2.0791,1485.2566,1689.8805,0.0,3175.1371
nefer_17,152,0.6784,2.1388,1523.8783,1771.0194,0.0,3294.8978
nefer_17,153,0.6896,2.1952,1562.9657,1856.134,0.0,3419.0998
nefer_17,154,0.7021,2.2579,1605.693,1952.8455,0.0,3558.5385
nefer_17,155,0.716,2.3249,1651.3774,2060.955,0.0,3712.3324
nefer_17,156,0.7325,2.396,1701.5942,2185.9098,0.0,3887.5041
nefer_17,157,0.7517,2.4639,1753.025,2321.8879,0.0,4074.9129
nefer_17,158,0.7678,2.4849,1771.7355,2375.0629,0.0,4146.7984
nefer_17,159,0.7755,2.5105,1795.7668,2447.7355,0.0,4243.5023
nefer_17,160,0.7837,2.5435,1817.5827,2515.7235,0.0,4333.3062
nefer_17,161,0.793,2.5582,1830.0657,2555.895,0.0,4385.9607
nefer_17,162,0.8073,2.5838,1852.2205,2629.8863,0.0,4482.1068
nefer_17,163,0.8242,2.6386,1894.1701,2778.2731,0.0,4672.4431
nefer_17,164,0.8391,2.6729,1925.983,2898.8324,0.0,4824.8154
nefer_17,165,0.856,2.7131,1956.6814,3022.5449,0.0,4979.2263
nefer_17,166,0.8727,2.7579,1993.2968,3180.9661,0.0,5174.2629
nefer_17,167,0.891,2.803,2030.4018,3353.2702,0.0,5383.672
nefer_17,168,0.9127,2.8502,2068.3697,3544.0985,0.0,5612.4683
nefer_17,169,0.9363,2.8861,2098.293,3709.3929,0.0,5807.6858
nefer_17,170,0.9621,2.9223,2125.003,3873.1319,0.0,5998.1349
nefer_17,171,0.9844,2.9458,2141.239,3984.8758,0.0,6126.1148
nefer_17,172,1.0,2.978,2163.5438,4154.7288,0.0,6318.2727
nefer_17,173,1.0097,3.0082,2184.531,4326.3613,0.0,6510.8923
nefer_17,174,1.0193,3.0308,2202.1304,4476.8161,0.0,6678.9465
nefer_17,175,1.03,3.0514,2223.7255,4669.8183,0.0,6893.5438
nefer_17,176,1.042,3.0707,2246.3083,4881.8888,0.0,7128.1971
nefer_17,177,1.0503,3.0571,2252.3139,4941.5119,0.0,7193.8258
nefer_17,178,1.0582,3.0748,2266.9715,5092.8092,0.0,7359.7807
nefer_17,179,1.0673,3.0816,2283.9855,5275.0219,0.0,7559.0075
nefer_17,180,1.0768,3.1023,2299.5556,5447.5727,1.4859,7748.6143
nefer_17,181,1.0856,3.1212,2313.9125,5612.6244,4.2758,7930.8127
nefer_17,182,1.0945,3.1397,2328.7639,5788.9561,8.8547,8126.5747
nefer_17,183,1.1028,3.1349,2337.4802,5895.4425,13.1362,8246.0589
nefer_17,184,1.1141,3.1393,2347.392,6019.0325,20.5356,8386.9601
nefer_17,185,1.1235,3.1304,2357.3866,6145.2343,33.7261,8536.347
nefer_17,186,1.1316,3.124,2368.8131,6288.2765,57.3177,8714.4073
nefer_17,187,1.139,3.1389,2379.4977,6418.4989,89.1088,8887.1054
nefer_17,188,1.1475,3.1546,2390.8055,6550.0721,135.146,9076.0236
nefer_17,189,1.1579,3.1729,2403.9418,6690.0023,210.069,9304.0132
nefer_17,190,1.1666,3.181,2411.6905,6760.0958,273.199,9444.9854
nefer_17,191,1.1743,3.1861,2420.8951,6828.6935,369.6508,9619.2394
nefer_17,192,1.1827,3.194,2426.6091,6863.0518,441.6124,9731.2734
nefer_17,193,1.1942,3.1761,2435.7015,6903.9411,576.9218,9916.5645
nefer_17,194,1.2062,3.159,2444.7316,6928.8793,736.9098,10110.5208
nefer_17,195,1.2182,3.1398,2452.9503,6940.3608,903.8475,10297.1586
nefer_17,196,1.23,3.0916,2463.714,6945.4076,1146.4726,10555.5942
nefer_17,197,1.2412,3.0702,2472.1574,6945.4208,1381.4921,10799.0703
nefer_17,198,1.2556,3.076,2477.2992,6945.4208,1627.2821,11050.0021
nefer_17,199,1.2709,3.0716,2478.719,6945.4208,1868.8673,11293.0071
nefer_17,200,1.2869,3.0131,2478.719,6945.4208,2100.4747,11524.6145
nefer_17,201,1.2992,2.9764,2478.719,6945.4208,2218.4142,11642.5539
nefer_17,202,1.3109,2.8998,2478.719,6945.4208,2360.2569,11784.3967
nefer_17,203,1.324,2.8642,2478.719,6945.4208,2541.2389,11965.3787
nefer_17,204,1.3392,2.7872,2478.719,6945.4208,2755.9193,12180.0591
nefer_17,205,1.3564,2.7286,2478.719,6945.4208,2954.1171,12378.2569
nefer_17,206,1.3718,2.5906,2478.719,6945.4208,3022.9951,12447.1349
nefer_17,207,1.3879,2.4806,2478.719,6945.4208,3216.1235,12640.2633
nefer_17,208,1.4036,2.3812,2478.719,6945.4208,3383.9761,12808.1159
nefer_17,209,1.4224,2.2879,2478.719,6945.4208,3532.9057,12957.0455
nefer_17,210,1.4411,2.1685,2478.719,6945.4208,3644.8414,13068.9812
nefer_17,211,1.4576,2.004,2478.719,6945.4208,3703.4839,13127.6236
nefer_17,212,1.471,1.9233,2478.719,6945.4208,3784.6955,13208.8353
nefer_17,213,1.4836,1.8304,2478.719,6945.4208,3923.9348,13348.0746
nefer_17,214,1.4952,1.7377,2478.719,6945.4208,4018.4446,13442.5844
nefer_17,215,1.5085,1.6439,2478.719,6945.4208,4147.7712,13571.911
nefer_17,216,1.5204,1.5536,2478.719,6887.7738,4292.4216,13658.9144
nefer_17,217,1.531,1.4959,2478.719,6830.1268,4434.0869,13742.9327
nefer_17,218,1.5426,1.3916,2478.719,6772.4798,4583.946,13835.1448
nefer_17,219,1.5547,1.3371,2478.719,6714.8328,4725.1537,13918.7055
nefer_17,220,1.5672,1.189,2478.719,6657.1858,4859.5493,13995.4542
nefer_17,221,1.5812,1.1226,2478.719,6599.5388,4949.4732,14027.7311
nefer_17,222,1.5959,1.0425,2478.719,6541.8918,5027.3457,14047.9565
nefer_17,223,1.6115,0.9802,2478.719,6484.2449,5110.0985,14073.0624
nefer_17,224,1.6289,0.9301,2478.719,6426.5979,5173.4088,14078.7257
nefer_17,225,1.6467,0.8276,2478.719,6368.9509,5228.5578,14076.2276
nefer_17,226,1.6628,0.7362,2478.719,6311.3039,5283.3224,14073.3453
nefer_17,227,1.6787,0.6253,2478.719,6253.6569,5338.0871,14070.4629
nefer_17,228,1.6965,0.5766,2478.719,6196.0099,5392.8517,14067.5806
nefer_17,229,1.7156,0.5335,2478.719,6138.3629,5447.6163,14064.6982
nefer_17,230,1.7347,0.4952,2478.719,6080.7159,5502.381,14061.8159
nefer_17,231,1.7551,0.4378,2478.719,6023.0689,5557.1456,14058.9335
nefer_17,232,1.7764,0.3829,2478.719,5965.4219,5611.9103,14056.0512
nefer_17,233,1.7969,0.3192,2478.719,5907.7749,5666.6749,14053.1688
nefer_17,234,1.8168,0.2669,2478.719,5850.1279,5721.4396,14050.2865
nefer_17,235,1.8377,0.2256,2478.719,5792.4809,5776.2042,14047.4041
nefer_17,236,1.8593,0.1932,2478.719,5734.834,5830.9688,14044.5218
nefer_17,237,1.8782,0.1485,2478.719,5677.187,5885.7335,14041.6394
nefer_17,238,1.8976,0.119,2478.719,5619.54,5940.4981,14038.7571
nefer_17,239,1.9162,0.0901,2478.719,5561.893,5995.2628,14035.8747
nefer_17,240,1.9351,0.0701,2478.719,5556.3366,6000.5413,14035.5969
nefer_17,241,1.9542,0.0449,2478.719,5556.3366,6000.5413,14035.5969
nefer_17,242,1.9741,0.0346,2478.719,5556.3366,6000.5413,14035.5969
nefer_17,243,1.9951,0.0076,2478.719,5556.3366,6000.5413,14035.5969
nefer_17,244,2.0,0.0017,2478.719,5556.3366,6000.5413,14035.5969
nefer_17,245,2.0,0.0017,2478.719,5556.3366,6000.5413,14035.5969
nefer_17,246,2.0,0.0017,2478.719,5556.3366,6000.5413,14035.5969
nefer_17,247,2.0,0.0017,2478.719,5556.3366,6000.5413,14035.5969
nefer_17,248,2.0,0.0017,2478.719,5556.3366,6000.5413,14035.5969
nefer_17,249,2.0,0.0017,2478.719,5556.3366,6000.5413,14035.5969
nefer_17,250,2.0,0.0017,2478.719,5556.3366,6000.5413,14035.5969
nefer_17,251,2.0,0.0017,2478.719,5556.3366,6000.5413,14035.5969
nefer_17,252,2.0,0.0017,2478.719,5556.3366,6000.5413,14035.5969
nefer_17,253,2.0,0.0017,2478.719,5556.3366,6000.5413,14035.5969
nefer_17,254,2.0,0.0017,2478.719,5556.3366,6000.5413,14035.5969
nefer_17,255,2.0,0.0017,2478.719,5556.3366,6000.5413,14035.5969
nefer_17,256,2.0,0.0017,2478.719,5556.3366,6000.5413,14035.5969
nefer_17,257,2.0,0.0017,2478.719,5556.3366,6000.5413,14035.5969
nefer_17,258,2.0,0.0017,2478.719,5556.3366,6000.5413,14035.5969
nefer_17,259,2.0,0.0017,2478.719,5556.3366,6000.5413,14035.5969
nefer_17,260,2.0,0.0017,2478.719,5556.3366,6000.5413,14035.5969
nefer_17,261,2.0,0.0017,2478.719,5556.3366,6000.5413,14035.5969
nefer_17,262,2.0,0.0017,2478.719,5556.3366,6000.5413,14035.5969
nefer_17,263,2.0,0.0017,2478.719,5556.3366,6000.5413,14035.5969
nefer_17,264,2.0,0.0017,2478.719,5556.3366,6000.5413,14035.5969
nefer_17,265,2.0,0.0017,2478.719,5556.3366,6000.5413,14035.5969
nefer_17,266,2.0,0.0017,2478.719,5556.3366,6000.5413,14035.5969
nefer_17,267,2.0,0.0017,2478.719,5556.3366,6000.5413,14035.5969
nefer_17,268,2.0,0.0017,2478.719,5556.3366,6000.5413,14035.5969
nefer_17,269,2.0,0.0017,2478.719,5556.3366,6000.5413,14035.5969
nefer_17,270,2.0,0.0017,2478.719,5556.3366,6000.5413,14035.5969
nefer_17,271,2.0,0.0017,2478.719,5556.3366,6000.5413,14035.5969
nefer_17,272,2.0,0.0017,2478.719,5556.3366,6000.5413,14035.5969
nefer_17,273,2.0,0.0017,2478.719,5556.3366,6000.5413,14035.5969
nefer_17,274,2.0,0.0017,2478.719,5556.3366,6000.5413,14035.5969
nefer_17,275,2.0,0.0017,2478.719,5556.3366,6000.5413,14035.5969
nefer_17,276,2.0,0.0017,2478.719,5556.3366,6000.5413,14035.5969
nefer_17,277,2.0,0.0017,2478.719,5556.3366,6000.5413,14035.5969
nefer_17,278,2.0,0.0017,2478.719,5556.3366,6000.5413,14035.5969
nefer_17,279,2.0,0.0017,2478.719,5556.3366,6000.5413,14035.5969
nefer_17,280,2.0,0.0017,2478.719,5556.3366,6000.5413,14035.5969
nefer_17,281,2.0,0.0017,2478.719,5556.3366,6000.5413,14035.5969
nefer_17,282,2.0,0.0017,2478.719,5556.3366,6000.5413,14035.5969
nefer_17,283,2.0,0.0017,2478.719,5556.3366,6000.5413,14035.5969
nefer_17,284,2.0,0.0017,2478.719,5556.3366,6000.5413,14035.5969
nefer_17,285,2.0,0.0017,2478.719,5556.3366,6000.5413,14035.5969
nefer_17,286,2.0,0.0017,2478.719,5556.3366,6000.5413,14035.5969
nefer_17,287,2.0,0.0017,2478.719,5556.3366,6000.5413,14035.5969
nefer_17,288,2.0,0.0017,2478.719,5556.3366,6000.5413,14035.5969
nefer_17,289,2.0,0.0017,2478.719,5556.3366,6000.5413,14035.5969
nefer_17,290,2.0,0.0017,2478.719,5556.3366,6000.5413,14035.5969
nefer_17,291,2.0,0.0017,2478.719,5556.3366,6000.5413,14035.5969
nefer_17,292,2.0,0.0017,2478.719,5556.3366,6000.5413,14035.5969
nefer_17,293,2.0,0.0017,2478.719,5556.3366,6000.5413,14035.5969
nefer_17,294,2.0,0.0017,2478.719,5556.3366,6000.5413,14035.5969
nefer_17,295,2.0,0.0017,2478.719,5556.3366,6000.5413,14035.5969
nefer_17,296,2.0,0.0017,2478.719,5556.3366,6000.5413,14035.5969
nefer_17,297,2.0,0.0017,2478.719,5556.3366,6000.5413,14035.5969
nefer_17,298,2.0,0.0017,2478.719,5556.3366,6000.5413,14035.5969
nefer_17,299,2.0,0.0017,2478.719,5556.3366,6000.5413,14035.5969
nefer_17,300,2.0,0.0017,2478.719,5556.3366,6000.5413,14035.5969
nefer_17,301,2.0,0.0017,2478.719,5556.3366,6000.5413,14035.5969
nefer_17,302,2.0,0.0017,2478.719,5556.3366,6000.5413,14035.5969
nefer_17,303,2.0,0.0017,2478.719,5556.3366,6000.5413,14035.5969
nefer_17,304,2.0,0.0017,2478.719,5556.3366,6000.5413,14035.5969
nefer_17,305,2.0,0.0017,2478.719,5556.3366,6000.5413,14035.5969
nefer_17,306,2.0,0.0017,2478.719,5556.3366,6000.5413,14035.5969
nefer_17,307,2.0,0.0017,2478.719,5556.3366,6000.5413,14035.5969
nefer_17,308,2.0,0.0017,2478.719,5556.3366,6000.5413,14035.5969
nefer_17,309,2.0,0.0017,2478.719,5556.3366,6000.5413,14035.5969
nefer_17,310,2.0,0.0017,2478.719,5556.3366,6000.5413,14035.5969
nefer_17,311,2.0,0.0017,2478.719,5556.3366,6000.5413,14035.5969
nefer_17,312,2.0,0.0017,2478.719,5556.3366,6000.5413,14035.5969
nefer_17,313,2.0,0.0017,2478.719,5556.3366,6000.5413,14035.5969
nefer_17,314,2.0,0.0017,2478.719,5556.3366,6000.5413,14035.5969
nefer_17,315,2.0,0.0017,2478.719,5556.3366,6000.5413,14035.5969
nefer_17,316,2.0,0.0017,2478.719,5556.3366,6000.5413,14035.5969
nefer_17,317,2.0,0.0017,2478.719,5556.3366,6000.5413,14035.5969
nefer_17,318,2.0,0.0017,2478.719,5556.3366,6000.5413,14035.5969
nefer_17,319,2.0,0.0017,2478.719,5556.3366,6000.5413,14035.5969
nefer_17,320,2.0,0.0017,2478.719,5556.3366,6000.5413,14035.5969
nefer_17,321,2.0,0.0017,2478.719,5556.3366,6000.5413,14035.5969
nefer_17,322,2.0,0.0017,2478.719,5556.3366,6000.5413,14035.5969
nefer_17,323,2.0,0.0017,2478.719,5556.3366,6000.5413,14035.5969
nefer_17,324,2.0,0.0017,2478.719,5556.3366,6000.5413,14035.5969
nefer_17,325,2.0,0.0017,2478.719,5556.3366,6000.5413,14035.5969
nefer_17,326,2.0,0.0017,2478.719,5556.3366,6000.5413,14035.5969
nefer_17,327,2.0,0.0017,2478.719,5556.3366,6000.5413,14035.5969
nefer_17,328,2.0,0.0017,2478.719,5556.3366,6000.5413,14035.5969
nefer_17,329,2.0,0.0017,2478.719,5556.3366,6000.5413,14035.5969
nefer_17,330,2.0,0.0017,2478.719,5556.3366,6000.5413,14035.5969
nefer_17,331,2.0,0.0017,2478.719,5556.3366,6000.5413,14035.5969
nefer_17,332,2.0,0.0017,2478.719,5556.3366,6000.5413,14035.5969
nefer_17,333,2.0,0.0017,2478.719,5556.3366,6000.5413,14035.5969
nefer_17,334,2.0,0.0017,2478.719,5556.3366,6000.5413,14035.5969
nefer_17,335,2.0,0.0017,2478.719,5556.3366,6000.5413,14035.5969
nefer_17,336,2.0,0.0017,2478.719,5556.3366,6000.5413,14035.5969
nefer_17,337,2.0,0.0017,2478.719,5556.3366,6000.5413,14035.5969
nefer_17,338,2.0,0.0017,2478.719,5556.3366,6000.5413,14035.5969
nefer_17,339,2.0,0.0017,2478.719,5556.3366,6000.5413,14035.5969
nefer_17,340,2.0,0.0017,2478.719,5556.3366,6000.5413,14035.5969
nefer_17,341,2.0,0.0017,2478.719,5556.3366,6000.5413,14035.5969
nefer_17,342,2.0,0.0017,2478.719,5556.3366,6000.5413,14035.5969
nefer_17,343,2.0,0.0017,2478.719,5556.3366,6000.5413,14035.5969
nefer_17,344,2.0,0.0017,2478.719,5556.3366,6000.5413,14035.5969
nefer_17,345,2.0,0.0017,2478.719,5556.3366,6000.5413,14035.5969
nefer_17,346,2.0,0.0017,2478.719,5556.3366,6000.5413,14035.5969
nefer_17,347,2.0,0.0017,2478.719,5556.3366,6000.5413,14035.5969
nefer_17,348,2.0,0.0017,2478.719,5556.3366,6000.5413,14035.5969
nefer_17,349,2.0,0.0017,2478.719,5556.3366,6000.5413,14035.5969
nefer_17,350,2.0,0.0017,2478.719,5556.3366,6000.5413,14035.5969
nefer_17,351,2.0,0.0017,2478.719,5556.3366,6000.5413,14035.5969
nefer_17,352,2.0,0.0017,2478.719,5556.3366,6000.5413,14035.5969
nefer_17,353,2.0,0.0017,2478.719,5556.3366,6000.5413,14035.5969
nefer_17,354,2.0,0.0017,2478.719,5556.3366,6000.5413,14035.5969
nefer_17,355,2.0,0.0017,2478.719,5556.3366,6000.5413,14035.5969
nefer_17,356,2.0,0.0017,2478.719,5556.3366,6000.5413,14035.5969
nefer_17,357,2.0,0.0017,2478.719,5556.3366,6000.5413,14035.5969
nefer_17,358,2.0,0.0017,2478.719,5556.3366,6000.5413,14035.5969
nefer_17,359,2.0,0.0017,2478.719,5556.3366,6000.5413,14035.5969
nefer_17,360,2.0,0.0017,2478.719,5556.3366,6000.5413,14035.5969
nefer_17,361,2.0,0.0017,2478.719,5556.3366,6000.5413,14035.5969
nefer_17,362,2.0,0.0017,2478.719,5556.3366,6000.5413,14035.5969
nefer_17,363,2.0,0.0017,2478.719,5556.3366,6000.5413,14035.5969
nefer_17,364,2.0,0.0017,2478.719,5556.3366,6000.5413,14035.5969
nefer_18,0,-0.1,0.2319,144.9397,105.0603,0.0,250.0
nefer_18,1,0.0,0.2319,144.9397,105.0603,0.0,250.0
nefer_18,2,0.0,0.2381,148.8174,107.871,0.0,256.6885
nefer_18,3,0.0,0.2452,153.2196,111.0619,0.0,264.2815
nefer_18,4,0.0,0.2535,158.4374,114.8441,0.0,273.2815
nefer_18,5,0.0,0.2613,163.3177,118.3816,0.0,281.6993
nefer_18,6,0.0,0.2702,168.8989,122.4272,0.0,291.3261
nefer_18,7,0.0,0.2789,174.3036,126.3448,0.0,300.6483
nefer_18,8,0.0,0.2871,179.4558,130.0794,0.0,309.5351
nefer_18,9,0.0,0.2934,183.361,132.9101,0.0,316.2711
nefer_18,10,0.0,0.3024,189.0253,137.0159,0.0,326.0411
nefer_18,11,0.0,0.3081,192.5787,139.5916,0.0,332.1702
nefer_18,12,0.0,0.3135,195.9431,142.0303,0.0,337.9733
nefer_18,13,0.0,0.3191,199.4437,144.5677,0.0,344.0114
nefer_18,14,0.0001,0.3224,201.5248,146.0762,0.0,347.601
nefer_18,15,0.0002,0.3261,203.8056,147.7295,0.0,351.535
nefer_18,16,0.0005,0.3347,209.1906,151.633,0.0,360.8236
nefer_18,17,0.001,0.3435,214.7076,155.6328,0.0,370.3403
nefer_18,18,0.0016,0.3536,221.0184,160.2088,0.0,381.2271
nefer_18,19,0.002,0.3569,223.0808,161.7046,0.0,384.7855
nefer_18,20,0.0026,0.3615,225.9544,163.789,0.0,389.7434
nefer_18,21,0.0034,0.3687,230.4257,167.0331,0.0,397.4588
nefer_18,22,0.0042,0.3746,234.1479,169.7344,0.0,403.8823
nefer_18,23,0.0052,0.3794,237.1414,171.9076,0.0,409.049
nefer_18,24,0.0063,0.3859,241.2125,174.864,0.0,416.0764
nefer_18,25,0.0075,0.394,246.2653,178.5348,0.0,424.8
nefer_18,26,0.0088,0.4014,250.891,181.8968,0.0,432.7878
nefer_18,27,0.0102,0.411,256.8548,186.2333,0.0,443.0881
nefer_18,28,0.0116,0.4204,262.7491,190.5214,0.0,453.2705
nefer_18,29,0.0129,0.4284,267.7641,194.1717,0.0,461.9358
nefer_18,30,0.0147,0.4367,272.9279,197.9322,0.0,470.8601
nefer_18,31,0.0162,0.441,275.6293,199.9007,0.0,475.53
nefer_18,32,0.0176,0.4469,279.3268,202.5967,0.0,481.9234
nefer_18,33,0.0199,0.452,282.5186,204.9252,0.0,487.4438
nefer_18,34,0.0211,0.4575,285.9276,207.4143,0.0,493.3419
nefer_18,35,0.0218,0.4616,288.496,209.2905,0.0,497.7866
nefer_18,36,0.0226,0.4652,290.7794,210.959,0.0,501.7384
nefer_18,37,0.0247,0.4681,292.5599,212.2604,0.0,504.8203
nefer_18,38,0.027,0.4715,294.7171,213.8384,0.0,508.5554
nefer_18,39,0.029,0.4782,298.8758,216.8834,0.0,515.7592
nefer_18,40,0.0307,0.4848,302.9981,219.904,0.0,522.9021
nefer_18,41,0.0317,0.49,306.2566,222.2932,0.0,528.5498
nefer_18,42,0.0325,0.4932,308.2417,223.7495,0.0,531.9912
nefer_18,43,0.0341,0.4995,312.1824,226.6411,0.0,538.8235
nefer_18,44,0.0363,0.5055,315.9119,229.3796,0.0,545.2915
nefer_18,45,0.0384,0.5083,317.7168,230.7061,0.0,548.4229
nefer_18,46,0.0399,0.5096,318.5273,231.3022,0.0,549.8295
nefer_18,47,0.0422,0.5109,319.2941,231.8666,0.0,551.1607
nefer_18,48,0.0455,0.5136,321.0005,233.1238,0.0,554.1243
nefer_18,49,0.0492,0.5249,328.0901,238.3543,0.0,566.4445
nefer_18,50,0.0518,0.5319,332.4176,241.5522,0.0,573.9697
nefer_18,51,0.055,0.5429,339.282,246.6305,0.0,585.9125
nefer_18,52,0.0578,0.5526,345.3887,251.1549,0.0,596.5436
nefer_18,53,0.0606,0.5587,349.2022,253.9838,0.0,603.186
nefer_18,54,0.0632,0.5685,355.2857,258.5023,0.0,613.788
nefer_18,55,0.0657,0.5772,360.7515,262.567,0.0,623.3186
nefer_18,56,0.0683,0.5858,366.1262,266.5687,0.0,632.6949
nefer_18,57,0.0703,0.5925,370.3275,269.7006,0.0,640.0281
nefer_18,58,0.0719,0.5994,374.6313,272.9119,0.0,647.5432
nefer_18,59,0.0741,0.6082,380.0956,276.9924,0.0,657.088
nefer_18,60,0.0755,0.6126,382.9011,279.0896,0.0,661.9907
nefer_18,61,0.0765,0.6135,383.4152,279.4742,0.0,662.8894
nefer_18,62,0.0766,0.6135,383.4152,279.4742,0.0,662.8894
nefer_18,63,0.0775,0.6135,383.4152,279.4742,0.0,662.8894
nefer_18,64,0.0793,0.6135,383.4152,279.4742,0.0,662.8894
nefer_18,65,0.0813,0.6135,383.4152,279.4742,0.0,662.8894
nefer_18,66,0.0836,0.6135,383.4152,279.4742,0.0,662.8894
nefer_18,67,0.0859,0.6135,383.4152,279.4742,0.0,662.8894
nefer_18,68,0.0902,0.6135,383.4152,279.4742,0.0,662.8894
nefer_18,69,0.0943,0.6195,387.1609,282.2971,0.0,669.458
nefer_18,70,0.099,0.6331,395.6618,288.7183,0.0,684.38
nefer_18,71,0.1025,0.6418,401.1505,292.8747,0.0,694.0252
nefer_18,72,0.1055,0.6522,407.6204,297.7836,0.0,705.4041
nefer_18,73,0.1087,0.6643,415.2175,303.5573,0.0,718.7747
nefer_18,74,0.1122,0.676,422.5161,309.1143,0.0,731.6304
nefer_18,75,0.115,0.6852,428.2435,313.484,0.0,741.7275
nefer_18,76,0.1168,0.6924,432.7539,316.9306,0.0,749.6845
nefer_18,77,0.1175,0.6934,433.3888,317.4163,0.0,750.8051
nefer_18,78,0.118,0.6934,433.3888,317.4163,0.0,750.8051
nefer_18,79,0.1187,0.6934,433.3888,317.4163,0.0,750.8051
nefer_18,80,0.1187,0.6934,433.3888,317.4163,0.0,750.8051
nefer_18,81,0.1187,0.6934,433.3888,317.4163,0.0,750.8051
nefer_18,82,0.1187,0.6934,433.3888,317.4163,0.0,750.8051
nefer_18,83,0.1187,0.6934,433.3888,317.4163,0.0,750.8051
nefer_18,84,0.1187,0.6934,433.3888,317.4163,0.0,750.8051
nefer_18,85,0.1187,0.6934,433.3888,317.4163,0.0,750.8051
nefer_18,86,0.1187,0.6934,433.3888,317.4163,0.0,750.8051
nefer_18,87,0.1187,0.6934,433.3888,317.4163,0.0,750.8051
nefer_18,88,0.1187,0.6934,433.3888,317.4163,0.0,750.8051
nefer_18,89,0.1187,0.6934,433.3888,317.4163,0.0,750.8051
nefer_18,90,0.1187,0.6934,433.3888,317.4163,0.0,750.8051
nefer_18,91,0.1187,0.6934,433.3888,317.4163,0.0,750.8051
nefer_18,92,0.1187,0.6934,433.3888,317.4163,0.0,750.8051
nefer_18,93,0.119,0.6934,433.3888,317.4163,0.0,750.8051
nefer_18,94,0.1206,0.6934,433.3888,317.4163,0.0,750.8051
nefer_18,95,0.1227,0.6934,433.3888,317.4163,0.0,750.8051
nefer_18,96,0.1254,0.6934,433.3888,317.4163,0.0,750.8051
nefer_18,97,0.1283,0.6934,433.3888,317.4163,0.0,750.8051
nefer_18,98,0.1304,0.6934,433.3888,317.4163,0.0,750.8051
nefer_18,99,0.1316,0.6934,433.3888,317.4163,0.0,750.8051
nefer_18,100,0.1327,0.6934,433.3888,317.4163,0.0,750.8051
nefer_18,101,0.1349,0.6934,433.3888,317.4163,0.0,750.8051
nefer_18,102,0.1388,0.6934,433.3888,317.4163,0.0,750.8051
nefer_18,103,0.1445,0.6934,433.3888,317.4163,0.0,750.8051
nefer_18,104,0.1494,0.6934,433.3888,317.4163,0.0,750.8051
nefer_18,105,0.1549,0.6934,433.3888,317.4163,0.0,750.8051
nefer_18,106,0.1593,0.6934,433.3888,317.4163,0.0,750.8051
nefer_18,107,0.1649,0.6972,435.7714,319.2901,0.0,755.0616
nefer_18,108,0.1736,0.714,446.2809,327.5887,0.0,773.8696
nefer_18,109,0.1818,0.7375,460.9623,339.2566,0.0,800.2188
nefer_18,110,0.1908,0.765,478.0959,352.9597,0.0,831.0556
nefer_18,111,0.1984,0.7869,491.8316,364.0244,0.0,855.856
nefer_18,112,0.2062,0.806,503.7364,373.675,0.0,877.4114
nefer_18,113,0.21,0.8218,513.6082,381.7314,0.0,895.3395
nefer_18,114,0.2136,0.8366,522.8544,389.302,0.0,912.1564
nefer_18,115,0.2178,0.8489,530.5756,395.6445,0.0,926.22
nefer_18,116,0.2215,0.856,534.995,399.2884,0.0,934.2833
nefer_18,117,0.226,0.858,536.2386,400.3173,0.0,936.5559
nefer_18,118,0.2313,0.858,536.2386,400.3173,0.0,936.5559
nefer_18,119,0.238,0.858,536.2386,400.3173,0.0,936.5559
nefer_18,120,0.2466,0.858,536.2386,400.3173,0.0,936.5559
nefer_18,121,0.2563,0.8587,536.6998,400.7083,0.0,937.408
nefer_18,122,0.2696,0.8835,552.1783,413.9653,0.0,966.1436
nefer_18,123,0.2832,0.931,581.8655,439.7624,0.0,1021.6279
nefer_18,124,0.2954,0.9772,610.7812,465.287,0.0,1076.0682
nefer_18,125,0.3065,1.0206,637.8718,489.5533,0.0,1127.4251
nefer_18,126,0.3141,1.0469,654.2937,504.4705,0.0,1158.7642
nefer_18,127,0.3199,1.0704,668.9762,517.9421,0.0,1186.9183
nefer_18,128,0.3259,1.096,684.9724,532.7326,0.0,1217.705
nefer_18,129,0.3347,1.1183,698.9139,545.729,0.0,1244.6429
nefer_18,130,0.3446,1.1431,714.4442,560.387,0.0,1274.8312
nefer_18,131,0.3563,0.8416,743.4245,588.1369,0.0,1331.5614
nefer_18,132,0.3693,0.8786,766.5039,610.6293,0.0,1377.1333
nefer_18,133,0.3851,0.9206,792.7654,636.7532,0.0,1429.5186
nefer_18,134,0.3993,0.9611,818.0994,662.6205,0.0,1480.7198
nefer_18,135,0.4141,1.0029,844.2092,689.9485,0.0,1534.1577
nefer_18,136,0.4304,1.0455,870.8247,718.5682,0.0,1589.3929
nefer_18,137,0.4479,1.0872,896.9151,747.509,0.0,1644.4241
nefer_18,138,0.4623,1.1259,921.1038,775.302,0.0,1696.4058
nefer_18,139,0.4772,1.165,945.5513,804.2615,0.0,1749.8128
nefer_18,140,0.492,1.2035,969.6185,833.7208,0.0,1803.3394
nefer_18,141,0.5074,1.2434,994.5143,865.2414,0.0,1859.7557
nefer_18,142,0.5193,1.261,1005.5718,879.7658,0.0,1885.3376
nefer_18,143,0.5306,1.2866,1021.6222,901.4787,0.0,1923.1009
nefer_18,144,0.5431,1.3168,1040.6228,927.9268,0.0,1968.5496
nefer_18,145,0.558,1.3432,1062.7352,959.7349,0.0,2022.4701
nefer_18,146,0.5696,1.3608,1078.5837,983.4687,0.0,2062.0524
nefer_18,147,0.5819,1.3763,1092.8206,1005.49,0.0,2098.3106
nefer_18,148,0.595,1.399,1110.7171,1034.1581,0.0,2144.8753
nefer_18,149,0.611,1.4262,1130.9168,1067.7913,0.0,2198.7081
nefer_18,150,0.6217,1.4271,1144.0455,1090.7328,0.0,2234.7783
nefer_18,151,0.6327,1.444,1155.6955,1111.7782,0.0,2267.4737
nefer_18,152,0.643,1.4628,1167.794,1134.405,0.0,2302.199
nefer_18,153,0.6543,1.4692,1180.7291,1159.4105,0.0,2340.1396
nefer_18,154,0.6634,1.4762,1189.9508,1177.9147,0.0,2367.8655
nefer_18,155,0.671,1.4797,1197.5854,1193.7063,0.0,2391.2917
nefer_18,156,0.6792,1.4847,1206.1584,1211.9005,0.0,2418.0589
nefer_18,157,0.691,1.5006,1218.032,1237.8213,0.0,2455.8533
nefer_18,158,0.7014,1.5084,1228.1065,1260.7415,0.0,2488.848
nefer_18,159,0.7131,1.5251,1238.9928,1286.4401,0.0,2525.4329
nefer_18,160,0.7291,1.5353,1253.4714,1322.0907,0.0,2575.5621
nefer_18,161,0.7406,1.5448,1263.4182,1348.0626,0.0,2611.4807
nefer_18,162,0.7531,1.5584,1273.2959,1374.9868,0.0,2648.2827
nefer_18,163,0.7629,1.5658,1281.1282,1397.3674,0.0,2678.4956
nefer_18,164,0.7801,1.578,1294.2993,1436.4434,0.0,2730.7427
nefer_18,165,0.8009,1.571,1308.2264,1480.6462,0.0,2788.8726
nefer_18,166,0.8218,1.5904,1321.1381,1525.1567,0.0,2846.2948
nefer_18,167,0.8433,1.6042,1332.3904,1567.3864,0.0,2899.7768
nefer_18,168,0.8596,1.599,1342.0769,1607.1194,0.0,2949.1963
nefer_18,169,0.8724,1.6079,1348.4629,1635.1731,0.0,2983.636
nefer_18,170,0.888,1.6036,1356.5103,1672.503,0.0,3029.0134
nefer_18,171,0.9076,1.6019,1366.0199,1719.6803,0.0,3085.7003
nefer_18,172,0.9293,1.5956,1375.2744,1769.659,0.0,3144.9334
nefer_18,173,0.9485,1.5832,1382.7496,1814.0901,0.0,3196.8397
nefer_18,174,0.9674,1.5842,1389.8932,1860.3307,0.0,3250.2239
nefer_18,175,0.9857,1.5934,1396.2319,1905.0073,0.0,3301.2392
nefer_18,176,1.0,1.6024,1402.5252,1953.2157,0.0,3355.7408
nefer_18,177,1.0138,1.6111,1408.5532,2002.5123,0.0,3411.0655
nefer_18,178,1.0304,1.5935,1413.5355,2045.9238,0.0,3459.4593
nefer_18,179,1.0474,1.5654,1418.0593,2088.4895,0.0,3506.5488
nefer_18,180,1.066,1.5441,1421.5521,2124.0557,0.0,3545.6078
nefer_18,181,1.0824,1.5475,1424.0156,2151.2315,0.1924,3575.4395
nefer_18,182,1.0954,1.5536,1428.3147,2201.7163,1.3127,3631.3436
nefer_18,183,1.1076,1.5591,1432.2374,2249.7621,3.3298,3685.3294
nefer_18,184,1.1192,1.5642,1435.8834,2295.6056,6.7906,3738.2796
nefer_18,185,1.1293,1.5152,1438.7446,2331.7338,11.5479,3782.0264
nefer_18,186,1.1422,1.5052,1442.0505,2372.4928,20.3606,3834.9039
nefer_18,187,1.1549,1.4827,1444.3136,2398.0623,30.8832,3873.2591
nefer_18,188,1.1688,1.4246,1446.8647,2422.4142,49.762,3919.0409
nefer_18,189,1.1789,1.4256,1448.5118,2434.0001,68.0228,3950.5346
nefer_18,190,1.1874,1.427,1449.5115,2439.1433,81.901,3970.5559
nefer_18,191,1.1991,1.4297,1451.5005,2446.5764,113.8852,4011.9621
nefer_18,192,1.2122,1.4318,1453.3184,2450.412,148.1825,4051.9129
nefer_18,193,1.2284,1.3971,1454.9967,2451.8788,184.2311,4091.1066
nefer_18,194,1.2462,1.3458,1456.0787,2451.9486,213.3567,4121.384
nefer_18,195,1.262,1.1991,1456.5884,2451.9486,243.8997,4152.4366
nefer_18,196,1.2777,1.1991,1456.5884,2451.9486,273.4895,4182.0265
nefer_18,197,1.2939,1.1284,1456.5884,2451.9486,300.5866,4209.1235
nefer_18,198,1.3116,1.0388,1456.5884,2451.9486,319.2284,4227.7654
nefer_18,199,1.329,1.0206,1456.5884,2451.9486,335.5717,4244.1086
nefer_18,200,1.3459,0.9689,1456.5884,2451.9486,352.2932,4260.8301
nefer_18,201,1.3653,0.8682,1456.5884,2451.9486,357.2605,4265.7974
nefer_18,202,1.3868,0.8559,1456.5884,2451.9486,357.2605,4265.7974
nefer_18,203,1.4014,0.7454,1456.5884,2451.9486,366.102,4274.639
nefer_18,204,1.4159,0.7429,1456.5884,2451.9486,377.8098,4286.3467
nefer_18,205,1.4317,0.658,1456.5884,2451.9486,385.8096,4294.3466
nefer_18,206,1.4483,0.6167,1456.5884,2451.9486,387.2245,4295.7614
nefer_18,207,1.4682,0.5847,1456.5884,2451.9486,387.2245,4295.7614
nefer_18,208,1.4824,0.4873,1456.5884,2451.9486,388.2978,4296.8348
nefer_18,209,1.4954,0.4873,1456.5884,2451.9486,390.708,4299.2449
nefer_18,210,1.5109,0.4303,1456.5884,2451.9486,390.708,4299.2449
nefer_18,211,1.5243,0.4004,1456.5884,2431.5974,410.0416,4298.2274
nefer_18,212,1.5363,0.3762,1456.5884,2411.2462,429.4335,4297.2681
nefer_18,213,1.5493,0.341,1456.5884,2390.895,448.7671,4296.2505
nefer_18,214,1.5654,0.3103,1456.5884,2370.5439,468.1007,4295.233
nefer_18,215,1.5832,0.2924,1456.5884,2350.1927,487.4343,4294.2154
nefer_18,216,1.6022,0.2382,1456.5884,2329.8415,506.7679,4293.1978
nefer_18,217,1.6207,0.2353,1456.5884,2309.4903,526.1016,4292.1803
nefer_18,218,1.6382,0.1763,1456.5884,2289.1392,545.4352,4291.1627
nefer_18,219,1.6551,0.1763,1456.5884,2268.788,564.7688,4290.1452
nefer_18,220,1.6742,0.1446,1456.5884,2248.4368,584.1024,4289.1276
nefer_18,221,1.6926,0.1216,1456.5884,2228.0856,603.436,4288.11
nefer_18,222,1.7075,0.1127,1456.5884,2207.7345,622.7696,4287.0925
nefer_18,223,1.7238,0.0852,1456.5884,2187.3833,642.1032,4286.0749
nefer_18,224,1.7424,0.0851,1456.5884,2167.0321,661.4369,4285.0574
nefer_18,225,1.7607,0.0586,1456.5884,2146.681,680.7705,4284.0398
nefer_18,226,1.7812,0.0586,1456.5884,2126.3298,700.1041,4283.0223
nefer_18,227,1.8041,0.0514,1456.5884,2105.9786,719.4377,4282.0047
nefer_18,228,1.8273,0.0476,1456.5884,2085.6274,738.7713,4280.9871
nefer_18,229,1.8473,0.0352,1456.5884,2065.2763,758.1049,4279.9696
nefer_18,230,1.8669,0.0254,1456.5884,2044.9251,777.4385,4278.952
nefer_18,231,1.8811,0.0243,1456.5884,2024.5739,796.7722,4277.9345
nefer_18,232,1.8962,0.0179,1456.5884,2004.2227,816.1058,4276.9169
nefer_18,233,1.9148,0.0111,1456.5884,1983.8716,835.4394,4275.8993
nefer_18,234,1.9329,0.009,1456.5884,1963.5204,854.773,4274.8818
nefer_18,235,1.9478,0.0059,1456.5884,1961.5588,856.6365,4274.7837
nefer_18,236,1.9627,0.0037,1456.5884,1961.5588,856.6365,4274.7837
nefer_18,237,1.982,0.0014,1456.5884,1961.5588,856.6365,4274.7837
nefer_18,238,1.999,0.0003,1456.5884,1961.5588,856.6365,4274.7837
nefer_18,239,2.0,0.0,1456.5884,1961.5588,856.6365,4274.7837
nefer_18,240,2.0,0.0,1456.5884,1961.5588,856.6365,4274.7837
nefer_18,241,2.0,0.0,1456.5884,1961.5588,856.6365,4274.7837
nefer_18,242,2.0,0.0,1456.5884,1961.5588,856.6365,4274.7837
nefer_18,243,2.0,0.0,1456.5884,1961.5588,856.6365,4274.7837
nefer_18,244,2.0,0.0,1456.5884,1961.5588,856.6365,4274.7837
nefer_18,245,2.0,0.0,1456.5884,1961.5588,856.6365,4274.7837
nefer_18,246,2.0,0.0,1456.5884,1961.5588,856.6365,4274.7837
nefer_18,247,2.0,0.0,1456.5884,1961.5588,856.6365,4274.7837
nefer_18,248,2.0,0.0,1456.5884,1961.5588,856.6365,4274.7837
nefer_18,249,2.0,0.0,1456.5884,1961.5588,856.6365,4274.7837
nefer_18,250,2.0,0.0,1456.5884,1961.5588,856.6365,4274.7837
nefer_18,251,2.0,0.0,1456.5884,1961.5588,856.6365,4274.7837
nefer_18,252,2.0,0.0,1456.5884,1961.5588,856.6365,4274.7837
nefer_18,253,2.0,0.0,1456.5884,1961.5588,856.6365,4274.7837
nefer_18,254,2.0,0.0,1456.5884,1961.5588,856.6365,4274.7837
nefer_18,255,2.0,0.0,1456.5884,1961.5588,856.6365,4274.7837
nefer_18,256,2.0,0.0,1456.5884,1961.5588,856.6365,4274.7837
nefer_18,257,2.0,0.0,1456.5884,1961.5588,856.6365,4274.7837
nefer_18,258,2.0,0.0,1456.5884,1961.5588,856.6365,4274.7837
nefer_18,259,2.0,0.0,1456.5884,1961.5588,856.6365,4274.7837
nefer_18,260,2.0,0.0,1456.5884,1961.5588,856.6365,4274.7837
nefer_18,261,2.0,0.0,1456.5884,1961.5588,856.6365,4274.7837
nefer_18,262,2.0,0.0,1456.5884,1961.5588,856.6365,4274.7837
nefer_18,263,2.0,0.0,1456.5884,1961.5588,856.6365,4274.7837
nefer_18,264,2.0,0.0,1456.5884,1961.5588,856.6365,4274.7837
nefer_18,265,2.0,0.0,1456.5884,1961.5588,856.6365,4274.7837
nefer_18,266,2.0,0.0,1456.5884,1961.5588,856.6365,4274.7837
nefer_18,267,2.0,0.0,1456.5884,1961.5588,856.6365,4274.7837
nefer_18,268,2.0,0.0,1456.5884,1961.5588,856.6365,4274.7837
nefer_18,269,2.0,0.0,1456.5884,1961.5588,856.6365,4274.7837
nefer_18,270,2.0,0.0,1456.5884,1961.5588,856.6365,4274.7837
nefer_18,271,2.0,0.0,1456.5884,1961.5588,856.6365,4274.7837
nefer_18,272,2.0,0.0,1456.5884,1961.5588,856.6365,4274.7837
nefer_18,273,2.0,0.0,1456.5884,1961.5588,856.6365,4274.7837
nefer_18,274,2.0,0.0,1456.5884,1961.5588,856.6365,4274.7837
nefer_18,275,2.0,0.0,1456.5884,1961.5588,856.6365,4274.7837
nefer_18,276,2.0,0.0,1456.5884,1961.5588,856.6365,4274.7837
nefer_18,277,2.0,0.0,1456.5884,1961.5588,856.6365,4274.7837
nefer_18,278,2.0,0.0,1456.5884,1961.5588,856.6365,4274.7837
nefer_18,279,2.0,0.0,1456.5884,1961.5588,856.6365,4274.7837
nefer_18,280,2.0,0.0,1456.5884,1961.5588,856.6365,4274.7837
nefer_18,281,2.0,0.0,1456.5884,1961.5588,856.6365,4274.7837
nefer_18,282,2.0,0.0,1456.5884,1961.5588,856.6365,4274.7837
nefer_18,283,2.0,0.0,1456.5884,1961.5588,856.6365,4274.7837
nefer_18,284,2.0,0.0,1456.5884,1961.5588,856.6365,4274.7837
nefer_18,285,2.0,0.0,1456.5884,1961.5588,856.6365,4274.7837
nefer_18,286,2.0,0.0,1456.5884,1961.5588,856.6365,4274.7837
nefer_18,287,2.0,0.0,1456.5884,1961.5588,856.6365,4274.7837
nefer_18,288,2.0,0.0,1456.5884,1961.5588,856.6365,4274.7837
nefer_18,289,2.0,0.0,1456.5884,1961.5588,856.6365,4274.7837
nefer_18,290,2.0,0.0,1456.5884,1961.5588,856.6365,4274.7837
nefer_18,291,2.0,0.0,1456.5884,1961.5588,856.6365,4274.7837
nefer_18,292,2.0,0.0,1456.5884,1961.5588,856.6365,4274.7837
nefer_18,293,2.0,0.0,1456.5884,1961.5588,856.6365,4274.7837
nefer_18,294,2.0,0.0,1456.5884,1961.5588,856.6365,4274.7837
nefer_18,295,2.0,0.0,1456.5884,1961.5588,856.6365,4274.7837
nefer_18,296,2.0,0.0,1456.5884,1961.5588,856.6365,4274.7837
nefer_18,297,2.0,0.0,1456.5884,1961.5588,856.6365,4274.7837
nefer_18,298,2.0,0.0,1456.5884,1961.5588,856.6365,4274.7837
nefer_18,299,2.0,0.0,1456.5884,1961.5588,856.6365,4274.7837
nefer_18,300,2.0,0.0,1456.5884,1961.5588,856.6365,4274.7837
nefer_18,301,2.0,0.0,1456.5884,1961.5588,856.6365,4274.7837
nefer_18,302,2.0,0.0,1456.5884,1961.5588,856.6365,4274.7837
nefer_18,303,2.0,0.0,1456.5884,1961.5588,856.6365,4274.7837
nefer_18,304,2.0,0.0,1456.5884,1961.5588,856.6365,4274.7837
nefer_18,305,2.0,0.0,1456.5884,1961.5588,856.6365,4274.7837
nefer_18,306,2.0,0.0,1456.5884,1961.5588,856.6365,4274.7837
nefer_18,307,2.0,0.0,1456.5884,1961.5588,856.6365,4274.7837
nefer_18,308,2.0,0.0,1456.5884,1961.5588,856.6365,4274.7837
nefer_18,309,2.0,0.0,1456.5884,1961.5588,856.6365,4274.7837
nefer_18,310,2.0,0.0,1456.5884,1961.5588,856.6365,4274.7837
nefer_18,311,2.0,0.0,1456.5884,1961.5588,856.6365,4274.7837
nefer_18,312,2.0,0.0,1456.5884,1961.5588,856.6365,4274.7837
nefer_18,313,2.0,0.0,1456.5884,1961.5588,856.6365,4274.7837
nefer_18,314,2.0,0.0,1456.5884,1961.5588,856.6365,4274.7837
nefer_18,315,2.0,0.0,1456.5884,1961.5588,856.6365,4274.7837
nefer_18,316,2.0,0.0,1456.5884,1961.5588,856.6365,4274.7837
nefer_18,317,2.0,0.0,1456.5884,1961.5588,856.6365,4274.7837
nefer_18,318,2.0,0.0,1456.5884,1961.5588,856.6365,4274.7837
nefer_18,319,2.0,0.0,1456.5884,1961.5588,856.6365,4274.7837
nefer_18,320,2.0,0.0,1456.5884,1961.5588,856.6365,4274.7837
nefer_18,321,2.0,0.0,1456.5884,1961.5588,856.6365,4274.7837
nefer_18,322,2.0,0.0,1456.5884,1961.5588,856.6365,4274.7837
nefer_18,323,2.0,0.0,1456.5884,1961.5588,856.6365,4274.7837
nefer_18,324,2.0,0.0,1456.5884,1961.5588,856.6365,4274.7837
nefer_18,325,2.0,0.0,1456.5884,1961.5588,856.6365,4274.7837
nefer_18,326,2.0,0.0,1456.5884,1961.5588,856.6365,4274.7837
nefer_18,327,2.0,0.0,1456.5884,1961.5588,856.6365,4274.7837
nefer_18,328,2.0,0.0,1456.5884,1961.5588,856.6365,4274.7837
nefer_18,329,2.0,0.0,1456.5884,1961.5588,856.6365,4274.7837
nefer_18,330,2.0,0.0,1456.5884,1961.5588,856.6365,4274.7837
nefer_18,331,2.0,0.0,1456.5884,1961.5588,856.6365,4274.7837
nefer_18,332,2.0,0.0,1456.5884,1961.5588,856.6365,4274.7837
nefer_18,333,2.0,0.0,1456.5884,1961.5588,856.6365,4274.7837
nefer_18,334,2.0,0.0,1456.5884,1961.5588,856.6365,4274.7837
nefer_18,335,2.0,0.0,1456.5884,1961.5588,856.6365,4274.7837
nefer_18,336,2.0,0.0,1456.5884,1961.5588,856.6365,4274.7837
nefer_18,337,2.0,0.0,1456.5884,1961.5588,856.6365,4274.7837
nefer_18,338,2.0,0.0,1456.5884,1961.5588,856.6365,4274.7837
nefer_18,339,2.0,0.0,1456.5884,1961.5588,856.6365,4274.7837
nefer_18,340,2.0,0.0,1456.5884,1961.5588,856.6365,4274.7837
nefer_18,341,2.0,0.0,1456.5884,1961.5588,856.6365,4274.7837
nefer_18,342,2.0,0.0,1456.5884,1961.5588,856.6365,4274.7837
nefer_18,343,2.0,0.0,1456.5884,1961.5588,856.6365,4274.7837
nefer_18,344,2.0,0.0,1456.5884,1961.5588,856.6365,4274.7837
nefer_18,345,2.0,0.0,1456.5884,1961.5588,856.6365,4274.7837
nefer_18,346,2.0,0.0,1456.5884,1961.5588,856.6365,4274.7837
nefer_18,347,2.0,0.0,1456.5884,1961.5588,856.6365,4274.7837
nefer_18,348,2.0,0.0,1456.5884,1961.5588,856.6365,4274.7837
nefer_18,349,2.0,0.0,1456.5884,1961.5588,856.6365,4274.7837
nefer_18,350,2.0,0.0,1456.5884,1961.5588,856.6365,4274.7837
nefer_18,351,2.0,0.0,1456.5884,1961.5588,856.6365,4274.7837
nefer_18,352,2.0,0.0,1456.5884,1961.5588,856.6365,4274.7837
nefer_18,353,2.0,0.0,1456.5884,1961.5588,856.6365,4274.7837
nefer_18,354,2.0,0.0,1456.5884,1961.5588,856.6365,4274.7837
nefer_18,355,2.0,0.0,1456.5884,1961.5588,856.6365,4274.7837
nefer_18,356,2.0,0.0,1456.5884,1961.5588,856.6365,4274.7837
nefer_18,357,2.0,0.0,1456.5884,1961.5588,856.6365,4274.7837
nefer_18,358,2.0,0.0,1456.5884,1961.5588,856.6365,4274.7837
nefer_18,359,2.0,0.0,1456.5884,1961.5588,856.6365,4274.7837
nefer_18,360,2.0,0.0,1456.5884,1961.5588,856.6365,4274.7837
nefer_18,361,2.0,0.0,1456.5884,1961.5588,856.6365,4274.7837
nefer_18,362,2.0,0.0,1456.5884,1961.5588,856.6365,4274.7837
nefer_18,363,2.0,0.0,1456.5884,1961.5588,856.6365,4274.7837
nefer_18,364,2.0,0.0,1456.5884,1961.5588,856.6365,4274.7837
nefer_19,0,-0.1,0.2319,144.9397,105.0603,0.0,250.0
nefer_19,1,0.0,0.2319,144.9397,105.0603,0.0,250.0
nefer_19,2,0.0,0.2381,148.8174,107.871,0.0,256.6885
nefer_19,3,0.0,0.2452,153.2196,111.0619,0.0,264.2815
nefer_19,4,0.0,0.2535,158.4374,114.8441,0.0,273.2815
nefer_19,5,0.0,0.2613,163.3177,118.3816,0.0,281.6993
nefer_19,6,0.0,0.2702,168.8989,122.4272,0.0,291.3261
nefer_19,7,0.0,0.2789,174.3036,126.3448,0.0,300.6483
nefer_19,8,0.0,0.2871,179.4558,130.0794,0.0,309.5351
nefer_19,9,0.0,0.2934,183.361,132.9101,0.0,316.2711
nefer_19,10,0.0,0.3024,189.0253,137.0159,0.0,326.0411
nefer_19,11,0.0,0.3081,192.5787,139.5916,0.0,332.1702
nefer_19,12,0.0,0.3135,195.9431,142.0303,0.0,337.9733
nefer_19,13,0.0,0.3191,199.4437,144.5677,0.0,344.0114
nefer_19,14,0.0001,0.3224,201.5248,146.0762,0.0,347.601
nefer_19,15,0.0002,0.3261,203.8056,147.7295,0.0,351.535
nefer_19,16,0.0005,0.3347,209.1906,151.633,0.0,360.8236
nefer_19,17,0.001,0.3435,214.7076,155.6328,0.0,370.3403
nefer_19,18,0.0016,0.3536,221.0184,160.2088,0.0,381.2271
nefer_19,19,0.002,0.3569,223.0808,161.7046,0.0,384.7855
nefer_19,20,0.0026,0.3615,225.9544,163.789,0.0,389.7434
nefer_19,21,0.0034,0.3687,230.4257,167.0331,0.0,397.4588
nefer_19,22,0.0042,0.3746,234.1479,169.7344,0.0,403.8823
nefer_19,23,0.0052,0.3794,237.1414,171.9076,0.0,409.049
nefer_19,24,0.0063,0.3859,241.2125,174.864,0.0,416.0764
nefer_19,25,0.0075,0.394,246.2653,178.5348,0.0,424.8
nefer_19,26,0.0088,0.4014,250.891,181.8968,0.0,432.7878
nefer_19,27,0.0102,0.411,256.8548,186.2333,0.0,443.0881
nefer_19,28,0.0116,0.4204,262.7491,190.5214,0.0,453.2705
nefer_19,29,0.0129,0.4284,267.7641,194.1717,0.0,461.9358
nefer_19,30,0.0147,0.4367,272.9279,197.9322,0.0,470.8601
nefer_19,31,0.0162,0.441,275.6293,199.9007,0.0,475.53
nefer_19,32,0.0176,0.4469,279.3268,202.5967,0.0,481.9234
nefer_19,33,0.0199,0.452,282.5186,204.9252,0.0,487.4438
nefer_19,34,0.0211,0.4575,285.9276,207.4143,0.0,493.3419
nefer_19,35,0.0218,0.4616,288.496,209.2905,0.0,497.7866
nefer_19,36,0.0226,0.4652,290.7794,210.959,0.0,501.7384
nefer_19,37,0.0247,0.4681,292.5599,212.2604,0.0,504.8203
nefer_19,38,0.027,0.4715,294.7171,213.8384,0.0,508.5554
nefer_19,39,0.029,0.4782,298.8758,216.8834,0.0,515.7592
nefer_19,40,0.0307,0.4848,302.9981,219.904,0.0,522.9021
nefer_19,41,0.0317,0.49,306.2566,222.2932,0.0,528.5498
nefer_19,42,0.0325,0.4932,308.2417,223.7495,0.0,531.9912
nefer_19,43,0.0341,0.4995,312.1824,226.6411,0.0,538.8235
nefer_19,44,0.0363,0.5055,315.9119,229.3796,0.0,545.2915
nefer_19,45,0.0384,0.5083,317.7168,230.7061,0.0,548.4229
nefer_19,46,0.0399,0.5096,318.5273,231.3022,0.0,549.8295
nefer_19,47,0.0422,0.5109,319.2941,231.8666,0.0,551.1607
nefer_19,48,0.0455,0.5136,321.0005,233.1238,0.0,554.1243
nefer_19,49,0.0492,0.5249,328.0901,238.3543,0.0,566.4445
nefer_19,50,0.0518,0.5319,332.4176,241.5522,0.0,573.9697
nefer_19,51,0.055,0.5429,339.282,246.6305,0.0,585.9125
nefer_19,52,0.0578,0.5526,345.3887,251.1549,0.0,596.5436
nefer_19,53,0.0606,0.5587,349.2022,253.9838,0.0,603.186
nefer_19,54,0.0632,0.5685,355.2857,258.5023,0.0,613.788
nefer_19,55,0.0657,0.5772,360.7515,262.567,0.0,623.3186
nefer_19,56,0.0683,0.5858,366.1262,266.5687,0.0,632.6949
nefer_19,57,0.0703,0.5925,370.3275,269.7006,0.0,640.0281
nefer_19,58,0.0719,0.5994,374.6313,272.9119,0.0,647.5432
nefer_19,59,0.0741,0.6082,380.0956,276.9924,0.0,657.088
nefer_19,60,0.0755,0.6126,382.9011,279.0896,0.0,661.9907
nefer_19,61,0.0765,0.6135,383.4152,279.4742,0.0,662.8894
nefer_19,62,0.0766,0.6135,383.4152,279.4742,0.0,662.8894
nefer_19,63,0.0775,0.6135,383.4152,279.4742,0.0,662.8894
nefer_19,64,0.0793,0.6135,383.4152,279.4742,0.0,662.8894
nefer_19,65,0.0813,0.6135,383.4152,279.4742,0.0,662.8894
nefer_19,66,0.0836,0.6135,383.4152,279.4742,0.0,662.8894
nefer_19,67,0.0859,0.6135,383.4152,279.4742,0.0,662.8894
nefer_19,68,0.0902,0.6135,383.4152,279.4742,0.0,662.8894
nefer_19,69,0.0943,0.6195,387.1609,282.2971,0.0,669.458
nefer_19,70,0.099,0.6331,395.6618,288.7183,0.0,684.38
nefer_19,71,0.1025,0.6418,401.1505,292.8747,0.0,694.0252
nefer_19,72,0.1055,0.6522,407.6204,297.7836,0.0,705.4041
nefer_19,73,0.1087,0.6643,415.2175,303.5573,0.0,718.7747
nefer_19,74,0.1122,0.676,422.5161,309.1143,0.0,731.6304
nefer_19,75,0.115,0.6852,428.2435,313.484,0.0,741.7275
nefer_19,76,0.1168,0.6924,432.7539,316.9306,0.0,749.6845
nefer_19,77,0.1175,0.6934,433.3888,317.4163,0.0,750.8051
nefer_19,78,0.118,0.6934,433.3888,317.4163,0.0,750.8051
nefer_19,79,0.1187,0.6934,433.3888,317.4163,0.0,750.8051
nefer_19,80,0.1187,0.6934,433.3888,317.4163,0.0,750.8051
nefer_19,81,0.1187,0.6934,433.3888,317.4163,0.0,750.8051
nefer_19,82,0.1187,0.6934,433.3888,317.4163,0.0,750.8051
nefer_19,83,0.1187,0.6934,433.3888,317.4163,0.0,750.8051
nefer_19,84,0.1187,0.6934,433.3888,317.4163,0.0,750.8051
nefer_19,85,0.1187,0.6934,433.3888,317.4163,0.0,750.8051
nefer_19,86,0.1187,0.6934,433.3888,317.4163,0.0,750.8051
nefer_19,87,0.1187,0.6934,433.3888,317.4163,0.0,750.8051
nefer_19,88,0.1187,0.6934,433.3888,317.4163,0.0,750.8051
nefer_19,89,0.1187,0.6934,433.3888,317.4163,0.0,750.8051
nefer_19,90,0.1187,0.6934,433.3888,317.4163,0.0,750.8051
nefer_19,91,0.1187,0.6934,433.3888,317.4163,0.0,750.8051
nefer_19,92,0.1187,0.6934,433.3888,317.4163,0.0,750.8051
nefer_19,93,0.119,0.6934,433.3888,317.4163,0.0,750.8051
nefer_19,94,0.1206,0.6934,433.3888,317.4163,0.0,750.8051
nefer_19,95,0.1227,0.6934,433.3888,317.4163,0.0,750.8051
nefer_19,96,0.1254,0.6934,433.3888,317.4163,0.0,750.8051
nefer_19,97,0.1283,0.6934,433.3888,317.4163,0.0,750.8051
nefer_19,98,0.1304,0.6934,433.3888,317.4163,0.0,750.8051
nefer_19,99,0.1316,0.6934,433.3888,317.4163,0.0,750.8051
nefer_19,100,0.1327,0.6934,433.3888,317.4163,0.0,750.8051
nefer_19,101,0.1349,0.6934,433.3888,317.4163,0.0,750.8051
nefer_19,102,0.1388,0.6934,433.3888,317.4163,0.0,750.8051
nefer_19,103,0.1445,0.6934,433.3888,317.4163,0.0,750.8051
nefer_19,104,0.1494,0.6934,433.3888,317.4163,0.0,750.8051
nefer_19,105,0.1549,0.6934,433.3888,317.4163,0.0,750.8051
nefer_19,106,0.1593,0.6934,433.3888,317.4163,0.0,750.8051
nefer_19,107,0.1649,0.6972,435.7714,319.2901,0.0,755.0616
nefer_19,108,0.1736,0.714,446.2809,327.5887,0.0,773.8696
nefer_19,109,0.1818,0.7375,460.9623,339.2566,0.0,800.2188
nefer_19,110,0.1908,0.765,478.0959,352.9597,0.0,831.0556
nefer_19,111,0.1984,0.7869,491.8316,364.0244,0.0,855.856
nefer_19,112,0.2062,0.806,503.7364,373.675,0.0,877.4114
nefer_19,113,0.21,0.8218,513.6082,381.7314,0.0,895.3395
nefer_19,114,0.2136,0.8366,522.8544,389.302,0.0,912.1564
nefer_19,115,0.2178,0.8489,530.5756,395.6445,0.0,926.22
nefer_19,116,0.2215,0.856,534.995,399.2884,0.0,934.2833
nefer_19,117,0.226,0.858,536.2386,400.3173,0.0,936.5559
nefer_19,118,0.2313,0.858,536.2386,400.3173,0.0,936.5559
nefer_19,119,0.238,0.858,536.2386,400.3173,0.0,936.5559
nefer_19,120,0.2466,0.858,536.2386,400.3173,0.0,936.5559
nefer_19,121,0.2563,0.8587,536.6998,400.7083,0.0,937.408
nefer_19,122,0.2696,0.8835,552.1783,413.9653,0.0,966.1436
nefer_19,123,0.2832,0.931,581.8655,439.7624,0.0,1021.6279
nefer_19,124,0.2954,0.9772,610.7812,465.287,0.0,1076.0682
nefer_19,125,0.3065,1.0206,637.8718,489.5533,0.0,1127.4251
nefer_19,126,0.3141,1.0469,654.2937,504.4705,0.0,1158.7642
nefer_19,127,0.3199,1.0704,668.9762,517.9421,0.0,1186.9183
nefer_19,128,0.3259,1.096,684.9724,532.7326,0.0,1217.705
nefer_19,129,0.3347,1.1183,698.9139,545.729,0.0,1244.6429
nefer_19,130,0.3446,1.1431,714.4442,560.387,0.0,1274.8312
nefer_19,131,0.3563,0.8416,743.4245,588.1369,0.0,1331.5614
nefer_19,132,0.3693,0.8786,766.5039,610.6293,0.0,1377.1333
nefer_19,133,0.3851,0.9206,792.7654,636.7532,0.0,1429.5186
nefer_19,134,0.3993,0.9611,818.0994,662.6205,0.0,1480.7198
nefer_19,135,0.4141,1.0029,844.2092,689.9485,0.0,1534.1577
nefer_19,136,0.4304,1.0455,870.8247,718.5682,0.0,1589.3929
nefer_19,137,0.4479,1.0872,896.9151,747.509,0.0,1644.4241
nefer_19,138,0.4623,1.1259,921.1038,775.302,0.0,1696.4058
nefer_19,139,0.4772,1.165,945.5513,804.2615,0.0,1749.8128
nefer_19,140,0.492,1.2035,969.6185,833.7208,0.0,1803.3394
nefer_19,141,0.5074,1.2434,994.5143,865.2414,0.0,1859.7557
nefer_19,142,0.5193,1.261,1005.5718,879.7658,0.0,1885.3376
nefer_19,143,0.5306,1.2866,1021.6222,901.4787,0.0,1923.1009
nefer_19,144,0.5431,1.3168,1040.6228,927.9268,0.0,1968.5496
nefer_19,145,0.558,1.3432,1062.7352,959.7349,0.0,2022.4701
nefer_19,146,0.5696,1.3608,1078.5837,983.4687,0.0,2062.0524
nefer_19,147,0.5819,1.3763,1092.8206,1005.49,0.0,2098.3106
nefer_19,148,0.595,1.399,1110.7171,1034.1581,0.0,2144.8753
nefer_19,149,0.611,1.4262,1130.9168,1067.7913,0.0,2198.7081
nefer_19,150,0.6217,1.4271,1144.0455,1090.7328,0.0,2234.7783
nefer_19,151,0.6327,1.444,1155.6955,1111.7782,0.0,2267.4737
nefer_19,152,0.643,1.4628,1167.794,1134.405,0.0,2302.199
nefer_19,153,0.6543,1.4692,1180.7291,1159.4105,0.0,2340.1396
nefer_19,154,0.6634,1.4762,1189.9508,1177.9147,0.0,2367.8655
nefer_19,155,0.671,1.4797,1197.5854,1193.7063,0.0,2391.2917
nefer_19,156,0.6792,1.4847,1206.1584,1211.9005,0.0,2418.0589
nefer_19,157,0.691,1.5006,1218.032,1237.8213,0.0,2455.8533
nefer_19,158,0.7014,1.5084,1228.1065,1260.7415,0.0,2488.848
nefer_19,159,0.7131,1.5251,1238.9928,1286.4401,0.0,2525.4329
nefer_19,160,0.7291,1.5353,1253.4714,1322.0907,0.0,2575.5621
nefer_19,161,0.7406,1.5448,1263.4182,1348.0626,0.0,2611.4807
nefer_19,162,0.7531,1.5584,1273.2959,1374.9868,0.0,2648.2827
nefer_19,163,0.7629,1.5658,1281.1282,1397.3674,0.0,2678.4956
nefer_19,164,0.7801,1.578,1294.2993,1436.4434,0.0,2730.7427
nefer_19,165,0.8009,1.571,1308.2264,1480.6462,0.0,2788.8726
nefer_19,166,0.8218,1.5904,1321.1381,1525.1567,0.0,2846.2948
nefer_19,167,0.8433,1.6042,1332.3904,1567.3864,0.0,2899.7768
nefer_19,168,0.8596,1.599,1342.0769,1607.1194,0.0,2949.1963
nefer_19,169,0.8724,1.6079,1348.4629,1635.1731,0.0,2983.636
nefer_19,170,0.888,1.6036,1356.5103,1672.503,0.0,3029.0134
nefer_19,171,0.9076,1.6019,1366.0199,1719.6803,0.0,3085.7003
nefer_19,172,0.9293,1.5956,1375.2744,1769.659,0.0,3144.9334
nefer_19,173,0.9485,1.5832,1382.7496,1814.0901,0.0,3196.8397
nefer_19,174,0.9674,1.5842,1389.8932,1860.3307,0.0,3250.2239
nefer_19,175,0.9857,1.5934,1396.2319,1905.0073,0.0,3301.2392
nefer_19,176,1.0,1.6024,1402.5252,1953.2157,0.0,3355.7408
nefer_19,177,1.0138,1.6111,1408.5532,2002.5123,0.0,3411.0655
nefer_19,178,1.0304,1.5935,1413.5355,2045.9238,0.0,3459.4593
nefer_19,179,1.0474,1.5654,1418.0593,2088.4895,0.0,3506.5488
nefer_19,180,1.066,1.5441,1421.5521,2124.0557,0.0,3545.6078
nefer_19,181,1.0824,1.5475,1424.0156,2151.2315,0.1924,3575.4395
nefer_19,182,1.0954,1.5536,1428.3147,2201.7163,1.3127,3631.3436
nefer_19,183,1.1076,1.5591,1432.2374,2249.7621,3.3298,3685.3294
nefer_19,184,1.1192,1.5642,1435.8834,2295.6056,6.7906,3738.2796
nefer_19,185,1.1293,1.5152,1438.7446,2331.7338,11.5479,3782.0264
nefer_19,186,1.1422,1.5052,1442.0505,2372.4928,20.3606,3834.9039
nefer_19,187,1.1549,1.4827,1444.3136,2398.0623,30.8832,3873.2591
nefer_19,188,1.1688,1.4246,1446.8647,2422.4142,49.762,3919.0409
nefer_19,189,1.1789,1.4256,1448.5118,2434.0001,68.0228,3950.5346
nefer_19,190,1.1874,1.427,1449.5115,2439.1433,81.901,3970.5559
nefer_19,191,1.1991,1.4297,1451.5005,2446.5764,113.8852,4011.9621
nefer_19,192,1.2122,1.4318,1453.3184,2450.412,148.1825,4051.9129
nefer_19,193,1.2284,1.3971,1454.9967,2451.8788,184.2311,4091.1066
nefer_19,194,1.2462,1.3458,1456.0787,2451.9486,213.3567,4121.384
nefer_19,195,1.262,1.1991,1456.5884,2451.9486,243.8997,4152.4366
nefer_19,196,1.2777,1.1991,1456.5884,2451.9486,273.4895,4182.0265
nefer_19,197,1.2939,1.1284,1456.5884,2451.9486,300.5866,4209.1235
nefer_19,198,1.3116,1.0388,1456.5884,2451.9486,319.2284,4227.7654
nefer_19,199,1.329,1.0206,1456.5884,2451.9486,335.5717,4244.1086
nefer_19,200,1.3459,0.9689,1456.5884,2451.9486,352.2932,4260.8301
nefer_19,201,1.3653,0.8682,1456.5884,2451.9486,357.2605,4265.7974
nefer_19,202,1.3868,0.8559,1456.5884,2451.9486,357.2605,4265.7974
nefer_19,203,1.4014,0.7454,1456.5884,2451.9486,366.102,4274.639
nefer_19,204,1.4159,0.7429,1456.5884,2451.9486,377.8098,4286.3467
nefer_19,205,1.4317,0.658,1456.5884,2451.9486,385.8096,4294.3466
nefer_19,206,1.4483,0.6167,1456.5884,2451.9486,387.2245,4295.7614
nefer_19,207,1.4682,0.5847,1456.5884,2451.9486,387.2245,4295.7614
nefer_19,208,1.4824,0.4873,1456.5884,2451.9486,388.2978,4296.8348
nefer_19,209,1.4954,0.4873,1456.5884,2451.9486,390.708,4299.2449
nefer_19,210,1.5109,0.4303,1456.5884,2451.9486,390.708,4299.2449
nefer_19,211,1.5243,0.4004,1456.5884,2431.5974,410.0416,4298.2274
nefer_19,212,1.5363,0.3762,1456.5884,2411.2462,429.4335,4297.2681
nefer_19,213,1.5493,0.341,1456.5884,2390.895,448.7671,4296.2505
nefer_19,214,1.5654,0.3103,1456.5884,2370.5439,468.1007,4295.233
nefer_19,215,1.5832,0.2924,1456.5884,2350.1927,487.4343,4294.2154
nefer_19,216,1.6022,0.2382,1456.5884,2329.8415,506.7679,4293.1978
nefer_19,217,1.6207,0.2353,1456.5884,2309.4903,526.1016,4292.1803
nefer_19,218,1.6382,0.1763,1456.5884,2289.1392,545.4352,4291.1627
nefer_19,219,1.6551,0.1763,1456.5884,2268.788,564.7688,4290.1452
nefer_19,220,1.6742,0.1446,1456.5884,2248.4368,584.1024,4289.1276
nefer_19,221,1.6926,0.1216,1456.5884,2228.0856,603.436,4288.11
nefer_19,222,1.7075,0.1127,1456.5884,2207.7345,622.7696,4287.0925
nefer_19,223,1.7238,0.0852,1456.5884,2187.3833,642.1032,4286.0749
nefer_19,224,1.7424,0.0851,1456.5884,2167.0321,661.4369,4285.0574
nefer_19,225,1.7607,0.0586,1456.5884,2146.681,680.7705,4284.0398
nefer_19,226,1.7812,0.0586,1456.5884,2126.3298,700.1041,4283.0223
nefer_19,227,1.8041,0.0514,1456.5884,2105.9786,719.4377,4282.0047
nefer_19,228,1.8273,0.0476,1456.5884,2085.6274,738.7713,4280.9871
nefer_19,229,1.8473,0.0352,1456.5884,2065.2763,758.1049,4279.9696
nefer_19,230,1.8669,0.0254,1456.5884,2044.9251,777.4385,4278.952
nefer_19,231,1.8811,0.0243,1456.5884,2024.5739,796.7722,4277.9345
nefer_19,232,1.8962,0.0179,1456.5884,2004.2227,816.1058,4276.9169
nefer_19,233,1.9148,0.0111,1456.5884,1983.8716,835.4394,4275.8993
nefer_19,234,1.9329,0.009,1456.5884,1963.5204,854.773,4274.8818
nefer_19,235,1.9478,0.0059,1456.5884,1961.5588,856.6365,4274.7837
nefer_19,236,1.9627,0.0037,1456.5884,1961.5588,856.6365,4274.7837
nefer_19,237,1.982,0.0014,1456.5884,1961.5588,856.6365,4274.7837
nefer_19,238,1.999,0.0003,1456.5884,1961.5588,856.6365,4274.7837
nefer_19,239,2.0,0.0,1456.5884,1961.5588,856.6365,4274.7837
nefer_19,240,2.0,0.0,1456.5884,1961.5588,856.6365,4274.7837
nefer_19,241,2.0,0.0,1456.5884,1961.5588,856.6365,4274.7837
nefer_19,242,2.0,0.0,1456.5884,1961.5588,856.6365,4274.7837
nefer_19,243,2.0,0.0,1456.5884,1961.5588,856.6365,4274.7837
nefer_19,244,2.0,0.0,1456.5884,1961.5588,856.6365,4274.7837
nefer_19,245,2.0,0.0,1456.5884,1961.5588,856.6365,4274.7837
nefer_19,246,2.0,0.0,1456.5884,1961.5588,856.6365,4274.7837
nefer_19,247,2.0,0.0,1456.5884,1961.5588,856.6365,4274.7837
nefer_19,248,2.0,0.0,1456.5884,1961.5588,856.6365,4274.7837
nefer_19,249,2.0,0.0,1456.5884,1961.5588,856.6365,4274.7837
nefer_19,250,2.0,0.0,1456.5884,1961.5588,856.6365,4274.7837
nefer_19,251,2.0,0.0,1456.5884,1961.5588,856.6365,4274.7837
nefer_19,252,2.0,0.0,1456.5884,1961.5588,856.6365,4274.7837
nefer_19,253,2.0,0.0,1456.5884,1961.5588,856.6365,4274.7837
nefer_19,254,2.0,0.0,1456.5884,1961.5588,856.6365,4274.7837
nefer_19,255,2.0,0.0,1456.5884,1961.5588,856.6365,4274.7837
nefer_19,256,2.0,0.0,1456.5884,1961.5588,856.6365,4274.7837
nefer_19,257,2.0,0.0,1456.5884,1961.5588,856.6365,4274.7837
nefer_19,258,2.0,0.0,1456.5884,1961.5588,856.6365,4274.7837
nefer_19,259,2.0,0.0,1456.5884,1961.5588,856.6365,4274.7837
nefer_19,260,2.0,0.0,1456.5884,1961.5588,856.6365,4274.7837
nefer_19,261,2.0,0.0,1456.5884,1961.5588,856.6365,4274.7837
nefer_19,262,2.0,0.0,1456.5884,1961.5588,856.6365,4274.7837
nefer_19,263,2.0,0.0,1456.5884,1961.5588,856.6365,4274.7837
nefer_19,264,2.0,0.0,1456.5884,1961.5588,856.6365,4274.7837
nefer_19,265,2.0,0.0,1456.5884,1961.5588,856.6365,4274.7837
nefer_19,266,2.0,0.0,1456.5884,1961.5588,856.6365,4274.7837
nefer_19,267,2.0,0.0,1456.5884,1961.5588,856.6365,4274.7837
nefer_19,268,2.0,0.0,1456.5884,1961.5588,856.6365,4274.7837
nefer_19,269,2.0,0.0,1456.5884,1961.5588,856.6365,4274.7837
nefer_19,270,2.0,0.0,1456.5884,1961.5588,856.6365,4274.7837
nefer_19,271,2.0,0.0,1456.5884,1961.5588,856.6365,4274.7837
nefer_19,272,2.0,0.0,1456.5884,1961.5588,856.6365,4274.7837
nefer_19,273,2.0,0.0,1456.5884,1961.5588,856.6365,4274.7837
nefer_19,274,2.0,0.0,1456.5884,1961.5588,856.6365,4274.7837
nefer_19,275,2.0,0.0,1456.5884,1961.5588,856.6365,4274.7837
nefer_19,276,2.0,0.0,1456.5884,1961.5588,856.6365,4274.7837
nefer_19,277,2.0,0.0,1456.5884,1961.5588,856.6365,4274.7837
nefer_19,278,2.0,0.0,1456.5884,1961.5588,856.6365,4274.7837
nefer_19,279,2.0,0.0,1456.5884,1961.5588,856.6365,4274.7837
nefer_19,280,2.0,0.0,1456.5884,1961.5588,856.6365,4274.7837
nefer_19,281,2.0,0.0,1456.5884,1961.5588,856.6365,4274.7837
nefer_19,282,2.0,0.0,1456.5884,1961.5588,856.6365,4274.7837
nefer_19,283,2.0,0.0,1456.5884,1961.5588,856.6365,4274.7837
nefer_19,284,2.0,0.0,1456.5884,1961.5588,856.6365,4274.7837
nefer_19,285,2.0,0.0,1456.5884,1961.5588,856.6365,4274.7837
nefer_19,286,2.0,0.0,1456.5884,1961.5588,856.6365,4274.7837
nefer_19,287,2.0,0.0,1456.5884,1961.5588,856.6365,4274.7837
nefer_19,288,2.0,0.0,1456.5884,1961.5588,856.6365,4274.7837
nefer_19,289,2.0,0.0,1456.5884,1961.5588,856.6365,4274.7837
nefer_19,290,2.0,0.0,1456.5884,1961.5588,856.6365,4274.7837
nefer_19,291,2.0,0.0,1456.5884,1961.5588,856.6365,4274.7837
nefer_19,292,2.0,0.0,1456.5884,1961.5588,856.6365,4274.7837
nefer_19,293,2.0,0.0,1456.5884,1961.5588,856.6365,4274.7837
nefer_19,294,2.0,0.0,1456.5884,1961.5588,856.6365,4274.7837
nefer_19,295,2.0,0.0,1456.5884,1961.5588,856.6365,4274.7837
nefer_19,296,2.0,0.0,1456.5884,1961.5588,856.6365,4274.7837
nefer_19,297,2.0,0.0,1456.5884,1961.5588,856.6365,4274.7837
nefer_19,298,2.0,0.0,1456.5884,1961.5588,856.6365,4274.7837
nefer_19,299,2.0,0.0,1456.5884,1961.5588,856.6365,4274.7837
nefer_19,300,2.0,0.0,1456.5884,1961.5588,856.6365,4274.7837
nefer_19,301,2.0,0.0,1456.5884,1961.5588,856.6365,4274.7837
nefer_19,302,2.0,0.0,1456.5884,1961.5588,856.6365,4274.7837
nefer_19,303,2.0,0.0,1456.5884,1961.5588,856.6365,4274.7837
nefer_19,304,2.0,0.0,1456.5884,1961.5588,856.6365,4274.7837
nefer_19,305,2.0,0.0,1456.5884,1961.5588,856.6365,4274.7837
nefer_19,306,2.0,0.0,1456.5884,1961.5588,856.6365,4274.7837
nefer_19,307,2.0,0.0,1456.5884,1961.5588,856.6365,4274.7837
nefer_19,308,2.0,0.0,1456.5884,1961.5588,856.6365,4274.7837
nefer_19,309,2.0,0.0,1456.5884,1961.5588,856.6365,4274.7837
nefer_19,310,2.0,0.0,1456.5884,1961.5588,856.6365,4274.7837
nefer_19,311,2.0,0.0,1456.5884,1961.5588,856.6365,4274.7837
nefer_19,312,2.0,0.0,1456.5884,1961.5588,856.6365,4274.7837
nefer_19,313,2.0,0.0,1456.5884,1961.5588,856.6365,4274.7837
nefer_19,314,2.0,0.0,1456.5884,1961.5588,856.6365,4274.7837
nefer_19,315,2.0,0.0,1456.5884,1961.5588,856.6365,4274.7837
nefer_19,316,2.0,0.0,1456.5884,1961.5588,856.6365,4274.7837
nefer_19,317,2.0,0.0,1456.5884,1961.5588,856.6365,4274.7837
nefer_19,318,2.0,0.0,1456.5884,1961.5588,856.6365,4274.7837
nefer_19,319,2.0,0.0,1456.5884,1961.5588,856.6365,4274.7837
nefer_19,320,2.0,0.0,1456.5884,1961.5588,856.6365,4274.7837
nefer_19,321,2.0,0.0,1456.5884,1961.5588,856.6365,4274.7837
nefer_19,322,2.0,0.0,1456.5884,1961.5588,856.6365,4274.7837
nefer_19,323,2.0,0.0,1456.5884,1961.5588,856.6365,4274.7837
nefer_19,324,2.0,0.0,1456.5884,1961.5588,856.6365,4274.7837
nefer_19,325,2.0,0.0,1456.5884,1961.5588,856.6365,4274.7837
nefer_19,326,2.0,0.0,1456.5884,1961.5588,856.6365,4274.7837
nefer_19,327,2.0,0.0,1456.5884,1961.5588,856.6365,4274.7837
nefer_19,328,2.0,0.0,1456.5884,1961.5588,856.6365,4274.7837
nefer_19,329,2.0,0.0,1456.5884,1961.5588,856.6365,4274.7837
nefer_19,330,2.0,0.0,1456.5884,1961.5588,856.6365,4274.7837
nefer_19,331,2.0,0.0,1456.5884,1961.5588,856.6365,4274.7837
nefer_19,332,2.0,0.0,1456.5884,1961.5588,856.6365,4274.7837
nefer_19,333,2.0,0.0,1456.5884,1961.5588,856.6365,4274.7837
nefer_19,334,2.0,0.0,1456.5884,1961.5588,856.6365,4274.7837
nefer_19,335,2.0,0.0,1456.5884,1961.5588,856.6365,4274.7837
nefer_19,336,2.0,0.0,1456.5884,1961.5588,856.6365,4274.7837
nefer_19,337,2.0,0.0,1456.5884,1961.5588,856.6365,4274.7837
nefer_19,338,2.0,0.0,1456.5884,1961.5588,856.6365,4274.7837
nefer_19,339,2.0,0.0,1456.5884,1961.5588,856.6365,4274.7837
nefer_19,340,2.0,0.0,1456.5884,1961.5588,856.6365,4274.7837
nefer_19,341,2.0,0.0,1456.5884,1961.5588,856.6365,4274.7837
nefer_19,342,2.0,0.0,1456.5884,1961.5588,856.6365,4274.7837
nefer_19,343,2.0,0.0,1456.5884,1961.5588,856.6365,4274.7837
nefer_19,344,2.0,0.0,1456.5884,1961.5588,856.6365,4274.7837
nefer_19,345,2.0,0.0,1456.5884,1961.5588,856.6365,4274.7837
nefer_19,346,2.0,0.0,1456.5884,1961.5588,856.6365,4274.7837
nefer_19,347,2.0,0.0,1456.5884,1961.5588,856.6365,4274.7837
nefer_19,348,2.0,0.0,1456.5884,1961.5588,856.6365,4274.7837
nefer_19,349,2.0,0.0,1456.5884,1961.5588,856.6365,4274.7837
nefer_19,350,2.0,0.0,1456.5884,1961.5588,856.6365,4274.7837
nefer_19,351,2.0,0.0,1456.5884,1961.5588,856.6365,4274.7837
nefer_19,352,2.0,0.0,1456.5884,1961.5588,856.6365,4274.7837
nefer_19,353,2.0,0.0,1456.5884,1961.5588,856.6365,4274.7837
nefer_19,354,2.0,0.0,1456.5884,1961.5588,856.6365,4274.7837
nefer_19,355,2.0,0.0,1456.5884,1961.5588,856.6365,4274.7837
nefer_19,356,2.0,0.0,1456.5884,1961.5588,856.6365,4274.7837
nefer_19,357,2.0,0.0,1456.5884,1961.5588,856.6365,4274.7837
nefer_19,358,2.0,0.0,1456.5884,1961.5588,856.6365,4274.7837
nefer_19,359,2.0,0.0,1456.5884,1961.5588,856.6365,4274.7837
nefer_19,360,2.0,0.0,1456.5884,1961.5588,856.6365,4274.7837
nefer_19,361,2.0,0.0,1456.5884,1961.5588,856.6365,4274.7837
nefer_19,362,2.0,0.0,1456.5884,1961.5588,856.6365,4274.7837
nefer_19,363,2.0,0.0,1456.5884,1961.5588,856.6365,4274.7837
nefer_19,364,2.0,0.0,1456.5884,1961.5588,856.6365,4274.7837
